Date,NIFTY,Returns,VIX,RepoRate,GSecYield10,YieldCurve,CPI,IIP,WPI,Regime,Bull,Bear,HighVol,Sideways
2016-03-31,7738.39990234375,0.0004135698294723892,16.579999923706055,5.5,7.720025,2.2059499999999996,5.533602065543053,2.52991415403307,-2.2810218978102204,Bear,0.0,1.0,3.56e-322,8.101193650326056e-204
2016-04-01,7713.0498046875,-0.0032812610960895605,17.280000686645508,5.5,7.584775,0.32624999999999993,5.511774555926174,4.43497055608575,-2.0018198362147466,Bear,0.0,0.9999989188733185,1.0811257177632194e-06,9.426527532490045e-13
2016-04-04,7758.7998046875,0.005913983718554631,17.450000762939453,5.5,7.584775,0.32624999999999993,5.511774555926174,4.43497055608575,-2.0018198362147466,Bear,0.0,0.9999985039114385,1.4960884343726955e-06,9.692482459390011e-13
2016-04-05,7603.2001953125,-0.020258420894693874,17.829999923706055,5.5,7.584775,0.32624999999999993,5.511774555926174,4.43497055608575,-2.0018198362147466,Bear,0.0,0.9999984326580947,1.5673384725388578e-06,1.2173450757285117e-12
2016-04-06,7614.35009765625,0.0014654006885952725,17.350000381469727,5.5,7.584775,0.32624999999999993,5.511774555926174,4.43497055608575,-2.0018198362147466,Bear,0.0,0.9999984200925357,1.5799091397909898e-06,1.7099334994884829e-12
2016-04-07,7546.4501953125,-0.008957357794121351,16.93000030517578,5.5,7.584775,0.32624999999999993,5.511774555926174,4.43497055608575,-2.0018198362147466,Bear,0.0,0.999999200059712,7.99939689972664e-07,1.2354215785529555e-12
2016-04-08,7555.2001953125,0.001158813871706803,16.43000030517578,5.5,7.584775,0.32624999999999993,5.511774555926174,4.43497055608575,-2.0018198362147466,Bear,0.0,0.9999990110814339,9.889189125033472e-07,1.4503561283788879e-12
2016-04-11,7671.39990234375,0.015263021567415073,16.010000228881836,5.5,7.584775,0.32624999999999993,5.511774555926174,4.43497055608575,-2.0018198362147466,Bear,0.0,0.9999983493266863,1.650672086277937e-06,1.5279324469442461e-12
2016-04-12,7708.9501953125,0.0048829015384887434,16.020000457763672,5.5,7.584775,0.32624999999999993,5.511774555926174,4.43497055608575,-2.0018198362147466,Bear,0.0,0.9999980011945776,1.9988050060719304e-06,1.333070938875928e-12
2016-04-13,7850.4501953125,0.018188863004861715,16.040000915527344,5.5,7.584775,0.32624999999999993,5.511774555926174,4.43497055608575,-2.0018198362147466,Bear,0.0,0.9999988432907554,1.1567098407289104e-06,7.058222320920183e-13
2016-04-18,7914.7001953125,0.008150934704248517,16.950000762939453,5.5,7.584775,0.32624999999999993,5.511774555926174,4.43497055608575,-2.0018198362147466,Bear,0.0,0.9999995109611804,4.890379668073538e-07,3.610180526358452e-13
2016-04-20,7914.75,6.292661701482301e-06,17.079999923706055,5.5,7.584775,0.32624999999999993,5.511774555926174,4.43497055608575,-2.0018198362147466,Bear,0.0,0.9999993266685572,6.73332142360197e-07,4.678725206236447e-13
2016-04-21,7912.0498046875,-0.00034121810751646184,16.510000228881836,5.5,7.584775,0.32624999999999993,5.511774555926174,4.43497055608575,-2.0018198362147466,Bear,0.0,0.9999982206661485,1.7793294051745046e-06,8.876359538674954e-13
2016-04-22,7899.2998046875,-0.0016127659027939515,16.3799991607666,5.5,7.584775,0.32624999999999993,5.511774555926174,4.43497055608575,-2.0018198362147466,Bear,0.0,0.9999941368831956,5.863116533274874e-06,1.938974051342978e-12
2016-04-25,7855.0498046875,-0.005617511031739854,16.56999969482422,5.5,7.584775,0.32624999999999993,5.511774555926174,4.43497055608575,-2.0018198362147466,Bear,0.0,0.9999806974636476,1.9302530206412265e-05,4.950336656170967e-12
2016-04-26,7962.64990234375,0.013605234565983467,16.579999923706055,5.5,7.584775,0.32624999999999993,5.511774555926174,4.43497055608575,-2.0018198362147466,Bear,0.0,0.9999661424719462,3.3857518460604965e-05,6.1235157267868564e-12
2016-04-27,7979.89990234375,0.002164021055994669,16.350000381469727,5.5,7.584775,0.32624999999999993,5.511774555926174,4.43497055608575,-2.0018198362147466,Bear,0.0,0.9999681576568294,3.184233661611066e-05,5.665208538195914e-12
2016-04-28,7847.25,-0.016762715869970777,16.600000381469727,5.5,7.584775,0.32624999999999993,5.511774555926174,4.43497055608575,-2.0018198362147466,Bear,0.0,0.999984462735225,1.5537261328009803e-05,3.921783537252914e-12
2016-04-29,7849.7998046875,0.0003248769344116223,16.540000915527344,5.5,7.584775,0.32624999999999993,5.511774555926174,4.43497055608575,-2.0018198362147466,Bear,0.0,0.9999878925160283,1.2107479152952452e-05,3.828098109506285e-12
2016-05-02,7805.89990234375,-0.005608183374211703,17.09000015258789,5.5,7.43606,0.5243000000000002,5.859348035024925,5.26872730266756,-1.0889292196007316,Bear,0.0,0.9999887496865839,1.1244165668823367e-05,6.144830295159967e-09
2016-05-03,7747.0,-0.007574173857563739,17.459999084472656,5.5,7.43606,0.5243000000000002,5.859348035024925,5.26872730266756,-1.0889292196007316,Bear,0.0,0.9999955070771627,4.488142833679807e-06,4.7814324380156845e-09
2016-05-04,7706.5498046875,-0.005235080380291306,17.450000762939453,5.5,7.43606,0.5243000000000002,5.859348035024925,5.26872730266756,-1.0889292196007316,Bear,0.0,0.9999975106869957,2.4854394178631313e-06,3.87253076411062e-09
2016-05-05,7735.5,0.003749531907512104,17.170000076293945,5.5,7.43606,0.5243000000000002,5.859348035024925,5.26872730266756,-1.0889292196007316,Bear,0.0,0.9999929608559253,7.032145051856686e-06,7.002341096111415e-09
2016-05-06,7733.4501953125,-0.00026502182418547155,16.950000762939453,5.5,7.43606,0.5243000000000002,5.859348035024925,5.26872730266756,-1.0889292196007316,Bear,0.0,0.9999926914145959,7.303456539294475e-06,5.128737308808275e-09
2016-05-09,7866.0498046875,0.017000904277695215,16.610000610351562,5.5,7.43606,0.5243000000000002,5.859348035024925,5.26872730266756,-1.0889292196007316,Bear,0.0,0.9999885269720518,1.1468417836440516e-05,4.610227096209387e-09
2016-05-10,7887.7998046875,0.0027612316174809364,16.420000076293945,5.5,7.43606,0.5243000000000002,5.859348035024925,5.26872730266756,-1.0889292196007316,Bear,0.0,0.9999917379514294,8.258973994579959e-06,3.07185523611171e-09
2016-05-11,7848.85009765625,-0.004950200558543867,16.959999084472656,5.5,7.43606,0.5243000000000002,5.859348035024925,5.26872730266756,-1.0889292196007316,Bear,0.0,0.999990611031956,9.385637479479568e-06,3.3298342088048545e-09
2016-05-12,7900.39990234375,0.006546342052207653,16.329999923706055,5.5,7.43606,0.5243000000000002,5.859348035024925,5.26872730266756,-1.0889292196007316,Bear,0.0,0.999980176980926,1.9818786808836653e-05,4.232879139624803e-09
2016-05-13,7814.89990234375,-0.010881223351540733,17.0,5.5,7.43606,0.5243000000000002,5.859348035024925,5.26872730266756,-1.0889292196007316,Bear,0.0,0.9999486981168435,5.128369981255507e-05,1.8183065858866658e-08
2016-05-16,7860.75,0.005849866346159204,17.030000686645508,5.5,7.43606,0.5243000000000002,5.859348035024925,5.26872730266756,-1.0889292196007316,Bear,0.0,0.9998934100135134,0.00010655929527153402,3.0691201656267795e-08
2016-05-17,7890.75,0.0038091656381104887,16.3700008392334,5.5,7.43606,0.5243000000000002,5.859348035024925,5.26872730266756,-1.0889292196007316,Bear,0.0,0.9998499024030452,0.00015005511628293747,4.2481214482519006e-08
2016-05-18,7870.14990234375,-0.002614077814670393,16.450000762939453,5.5,7.43606,0.5243000000000002,5.859348035024925,5.26872730266756,-1.0889292196007316,Bear,0.0,0.9998563954016428,0.00014355916948172423,4.543195804738394e-08
2016-05-19,7783.39990234375,-0.011083861385826453,17.059999465942383,5.5,7.43606,0.5243000000000002,5.859348035024925,5.26872730266756,-1.0889292196007316,Bear,0.0,0.9999162205885531,8.374018215857748e-05,3.9231308450664536e-08
2016-05-20,7749.7001953125,-0.004339090032687426,16.43000030517578,5.5,7.43606,0.5243000000000002,5.859348035024925,5.26872730266756,-1.0889292196007316,Bear,0.0,0.9999458325811265,5.4131008486972166e-05,3.640711642163188e-08
2016-05-23,7731.0498046875,-0.0024094956185153732,16.15999984741211,5.5,7.43606,0.5243000000000002,5.859348035024925,5.26872730266756,-1.0889292196007316,Bear,0.0,0.9999599635132093,4.000553800733734e-05,3.094526564240045e-08
2016-05-24,7748.85009765625,0.0022997953380331686,16.219999313354492,5.5,7.43606,0.5243000000000002,5.859348035024925,5.26872730266756,-1.0889292196007316,Bear,0.0,0.9999433205941273,5.664479755051856e-05,3.461105148843355e-08
2016-05-25,7934.89990234375,0.023726281336622208,15.520000457763672,5.5,7.43606,0.5243000000000002,5.859348035024925,5.26872730266756,-1.0889292196007316,Bear,0.0,0.9998630940618963,0.00013686333224797662,4.260407700748277e-08
2016-05-26,8069.64990234375,0.01683935953427849,15.329999923706055,5.5,7.43606,0.5243000000000002,5.859348035024925,5.26872730266756,-1.0889292196007316,Bear,0.0,0.9998387432799415,0.00016124779236520944,8.928563591432235e-09
2016-05-27,8156.64990234375,0.010723434761836886,15.260000228881836,5.5,7.43606,0.5243000000000002,5.859348035024925,5.26872730266756,-1.0889292196007316,Bear,0.0,0.9996161271918373,0.00038386717180624407,5.639731227555488e-09
2016-05-30,8178.5,0.002675226223002301,15.979999542236328,5.5,7.43606,0.5243000000000002,5.859348035024925,5.26872730266756,-1.0889292196007316,Bear,0.0,0.9980190264941058,0.0019809630574030455,1.0446582915242208e-08
2016-05-31,8160.10009765625,-0.0022523239460265896,16.049999237060547,5.5,7.43606,0.5243000000000002,5.859348035024925,5.26872730266756,-1.0889292196007316,Bear,0.0,0.9850921781653802,0.014907756107735043,6.572952248982481e-08
2016-06-01,8179.9501953125,0.0024296262330994575,15.84000015258789,5.5,7.2793,0.5707250000000004,6.58909819559681,7.11249700454057,-0.8976660682226245,Bear,0.0,0.8842451946407163,0.11575254408650293,2.261270577521766e-06
2016-06-02,8218.9501953125,0.004756425442880727,15.09000015258789,5.5,7.2793,0.5707250000000004,6.58909819559681,7.11249700454057,-0.8976660682226245,Bear,0.0,0.6132236685447481,0.3867717931253276,4.538330407203875e-06
2016-06-03,8220.7998046875,0.00022501672869773692,15.0,5.5,7.2793,0.5707250000000004,6.58909819559681,7.11249700454057,-0.8976660682226245,HighVol,0.0,0.31180359386114714,0.6881917540861223,4.652053810368356e-06
2016-06-06,8201.0498046875,-0.0024053331374929024,15.359999656677246,5.5,7.2793,0.5707250000000004,6.58909819559681,7.11249700454057,-0.8976660682226245,HighVol,0.0,0.10595108354655702,0.8940461393085135,2.7771451315235786e-06
2016-06-07,8266.4501953125,0.007943007071457264,14.869999885559082,5.5,7.2793,0.5707250000000004,6.58909819559681,7.11249700454057,-0.8976660682226245,HighVol,0.0,0.043748796752359646,0.9562504784292977,7.248168624735678e-07
2016-06-08,8273.0498046875,0.0007980422292402209,15.140000343322754,5.5,7.2793,0.5707250000000004,6.58909819559681,7.11249700454057,-0.8976660682226245,HighVol,0.0,0.01651929036479875,0.9834803938427861,3.15789303324662e-07
2016-06-09,8203.599609375,-0.008430185637149968,15.670000076293945,5.5,7.2793,0.5707250000000004,6.58909819559681,7.11249700454057,-0.8976660682226245,HighVol,0.0,0.00470946716303636,0.9952903167546414,2.160797206478786e-07
2016-06-10,8170.0498046875,-0.004098029802836798,15.970000267028809,5.5,7.2793,0.5707250000000004,6.58909819559681,7.11249700454057,-0.8976660682226245,HighVol,0.0,0.0017896081818339696,0.998210240438696,1.5137876341952137e-07
2016-06-13,8110.60009765625,-0.007303144729646939,16.579999923706055,5.5,7.2793,0.5707250000000004,6.58909819559681,7.11249700454057,-0.8976660682226245,HighVol,0.0,0.0007377364974978336,0.9992620900370577,1.734669725401768e-07
2016-06-14,8108.85009765625,-0.00021579029938960387,17.190000534057617,5.5,7.2793,0.5707250000000004,6.58909819559681,7.11249700454057,-0.8976660682226245,HighVol,0.0,0.000336694099075402,0.9996631064294031,1.9947086984309395e-07
2016-06-15,8206.599609375,0.011982591110193301,17.059999465942383,5.5,7.2793,0.5707250000000004,6.58909819559681,7.11249700454057,-0.8976660682226245,HighVol,0.0,0.00015389290072240927,0.9998460125400234,9.45568856822601e-08
2016-06-16,8140.75,-0.008056347617289792,17.700000762939453,5.5,7.2793,0.5707250000000004,6.58909819559681,7.11249700454057,-0.8976660682226245,HighVol,0.0,0.00011583825130288006,0.9998840123994385,1.4935255801756493e-07
2016-06-17,8170.2001953125,0.0036110989197415846,17.350000381469727,5.5,7.2793,0.5707250000000004,6.58909819559681,7.11249700454057,-0.8976660682226245,HighVol,0.0,9.928939177848918e-05,0.9999005996289142,1.1098103957534771e-07
2016-06-20,8238.5,0.008324876233428225,17.520000457763672,5.5,7.2793,0.5707250000000004,6.58909819559681,7.11249700454057,-0.8976660682226245,HighVol,0.0,0.00010228262110823522,0.9998976321888923,8.518666632185218e-08
2016-06-21,8219.900390625,-0.0022601974495153427,17.260000228881836,5.5,7.2793,0.5707250000000004,6.58909819559681,7.11249700454057,-0.8976660682226245,HighVol,0.0,6.995448019803807e-05,0.9999299635826292,8.193634453587e-08
2016-06-22,8203.7001953125,-0.001972795244488282,18.18000030517578,5.5,7.2793,0.5707250000000004,6.58909819559681,7.11249700454057,-0.8976660682226245,HighVol,0.0,2.7787453518286944e-05,0.9999721219676483,9.057647539830712e-08
2016-06-23,8270.4501953125,0.00810364889252149,18.020000457763672,5.5,7.2793,0.5707250000000004,6.58909819559681,7.11249700454057,-0.8976660682226245,HighVol,0.0,1.731802455320932e-05,0.9999826243056135,5.767226826174084e-08
2016-06-24,8088.60009765625,-0.02223326969761141,18.6299991607666,5.5,7.2793,0.5707250000000004,6.58909819559681,7.11249700454057,-0.8976660682226245,HighVol,0.0,2.1855597422637575e-05,0.9999778982205985,2.461845296579149e-07
2016-06-27,8094.7001953125,0.0007538756415223447,18.530000686645508,5.5,7.2793,0.5707250000000004,6.58909819559681,7.11249700454057,-0.8976660682226245,HighVol,0.0,2.0929238838116574e-05,0.9999788035702318,2.671876835136597e-07
2016-06-28,8127.85009765625,0.004086897298664459,17.729999542236328,5.5,7.2793,0.5707250000000004,6.58909819559681,7.11249700454057,-0.8976660682226245,HighVol,0.0,1.2516798421990274e-05,0.9999873263589536,1.5684379843586733e-07
2016-06-29,8204.0,0.009325392253691965,16.15999984741211,5.5,7.2793,0.5707250000000004,6.58909819559681,7.11249700454057,-0.8976660682226245,HighVol,0.0,7.987547320348878e-06,0.9999919329309496,7.952459150113024e-08
2016-06-30,8287.75,0.010156680759383653,16.290000915527344,5.5,7.2793,0.5707250000000004,6.58909819559681,7.11249700454057,-0.8976660682226245,HighVol,0.0,8.309586145393535e-06,0.9999916409782722,4.9436957862579136e-08
2016-07-01,8328.349609375,0.004886789454209853,15.739999771118164,5.5,7.502625,0.7008999999999999,6.130261023044636,7.58531781015659,-0.08944543828264262,HighVol,0.0,2.389744398601604e-05,0.9999755695317852,5.330207119073164e-07
2016-07-04,8370.7001953125,0.005072225932684971,15.579999923706055,5.5,7.502625,0.7008999999999999,6.130261023044636,7.58531781015659,-0.08944543828264262,HighVol,0.0,3.444417783708492e-05,0.9999650466340182,5.091912389177669e-07
2016-07-05,8335.9501953125,-0.00416002601386157,15.359999656677246,5.5,7.502625,0.7008999999999999,6.130261023044636,7.58531781015659,-0.08944543828264262,HighVol,0.0,2.0413281018741764e-05,0.9999790112435095,5.754760726766356e-07
2016-07-07,8337.900390625,0.0002339226096985007,15.3100004196167,5.5,7.502625,0.7008999999999999,6.130261023044636,7.58531781015659,-0.08944543828264262,HighVol,0.0,9.957114479133819e-06,0.9999895241965824,5.186862433134788e-07
2016-07-08,8323.2001953125,-0.0017646132140196943,15.079999923706055,5.5,7.502625,0.7008999999999999,6.130261023044636,7.58531781015659,-0.08944543828264262,HighVol,0.0,8.188622112286342e-06,0.999991237617187,5.737632028654997e-07
2016-07-11,8467.900390625,0.01723577043083921,14.850000381469727,5.5,7.502625,0.7008999999999999,6.130261023044636,7.58531781015659,-0.08944543828264262,HighVol,0.0,1.896464812999397e-05,0.9999806939494279,3.4140126609384936e-07
2016-07-12,8521.0498046875,0.006256959594241648,14.779999732971191,5.5,7.502625,0.7008999999999999,6.130261023044636,7.58531781015659,-0.08944543828264262,HighVol,0.0,2.82961098551542e-05,0.9999714342271646,2.696594521429281e-07
2016-07-13,8519.5,-0.0001818960901539572,15.329999923706055,5.5,7.502625,0.7008999999999999,6.130261023044636,7.58531781015659,-0.08944543828264262,HighVol,0.0,2.6367750644895783e-05,0.9999734745022726,1.577442470869326e-07
2016-07-14,8565.0,0.005326478102926448,15.609999656677246,5.5,7.502625,0.7008999999999999,6.130261023044636,7.58531781015659,-0.08944543828264262,HighVol,0.0,2.552752587415683e-05,0.9999743531239935,1.193496724691072e-07
2016-07-15,8541.400390625,-0.0027591572520208334,15.640000343322754,5.5,7.502625,0.7008999999999999,6.130261023044636,7.58531781015659,-0.08944543828264262,HighVol,0.0,2.0785199228867824e-05,0.9999790796142505,1.3518413569129222e-07
2016-07-18,8508.7001953125,-0.0038357821106622886,15.989999771118164,5.5,7.502625,0.7008999999999999,6.130261023044636,7.58531781015659,-0.08944543828264262,HighVol,0.0,5.578579844948726e-06,0.9999942950179437,1.2640148421466798e-07
2016-07-19,8528.5498046875,0.0023301434628515147,15.800000190734863,5.5,7.502625,0.7008999999999999,6.130261023044636,7.58531781015659,-0.08944543828264262,HighVol,0.0,3.2345023727246695e-06,0.999996652133779,1.13365216118653e-07
2016-07-20,8565.849609375,0.004363986470652139,15.989999771118164,5.5,7.502625,0.7008999999999999,6.130261023044636,7.58531781015659,-0.08944543828264262,HighVol,0.0,3.2708372588330806e-06,0.9999966407105638,8.845520300207738e-08
2016-07-21,8510.099609375,-0.00652967485068765,15.710000038146973,5.5,7.502625,0.7008999999999999,6.130261023044636,7.58531781015659,-0.08944543828264262,HighVol,0.0,3.043294356291684e-06,0.9999968172174423,1.3948932233058072e-07
2016-07-22,8541.2001953125,0.0036478885225085054,15.5,5.5,7.502625,0.7008999999999999,6.130261023044636,7.58531781015659,-0.08944543828264262,HighVol,0.0,2.5105726811750627e-06,0.9999973908813831,9.854352024087366e-08
2016-07-25,8635.650390625,0.010997493024321226,15.720000267028809,5.5,7.502625,0.7008999999999999,6.130261023044636,7.58531781015659,-0.08944543828264262,HighVol,0.0,1.008493693504935e-05,0.9999898392059169,7.585739535290387e-08
2016-07-26,8590.650390625,-0.005224581055714631,15.619999885559082,5.5,7.502625,0.7008999999999999,6.130261023044636,7.58531781015659,-0.08944543828264262,HighVol,0.0,7.093461479353699e-06,0.9999928142173186,9.232131155225728e-08
2016-07-27,8615.7998046875,0.0029232563005614403,15.430000305175781,5.5,7.502625,0.7008999999999999,6.130261023044636,7.58531781015659,-0.08944543828264262,HighVol,0.0,5.891449312828623e-06,0.9999940312078124,7.734066493236089e-08
2016-07-28,8666.2998046875,0.005844213941164874,15.149999618530273,5.5,7.502625,0.7008999999999999,6.130261023044636,7.58531781015659,-0.08944543828264262,HighVol,0.0,7.013815320184091e-06,0.9999929284053833,5.7777655634837835e-08
2016-07-29,8638.5,-0.0032129615963578163,14.920000076293945,5.5,7.502625,0.7008999999999999,6.130261023044636,7.58531781015659,-0.08944543828264262,HighVol,0.0,3.3485098623186027e-06,0.9999965876908402,6.380195065458002e-08
2016-08-01,8636.5498046875,-0.00022578173062699604,15.180000305175781,5.5,7.35092,0.7460800000000001,6.463848469818312,5.96148204467593,0.6300630063006407,HighVol,0.0,1.470663883913352e-06,0.9999971669571209,1.3623753931634374e-06
2016-08-02,8622.900390625,-0.0015816745902789463,15.6899995803833,5.5,7.35092,0.7460800000000001,6.463848469818312,5.96148204467593,0.6300630063006407,HighVol,0.0,9.544365587885402e-07,0.9999976443096337,1.4012511821023158e-06
2016-08-03,8544.849609375,-0.009092783738205783,16.239999771118164,5.5,7.35092,0.7460800000000001,6.463848469818312,5.96148204467593,0.6300630063006407,HighVol,0.0,9.945458687539552e-07,0.9999962579674485,2.7474850588787456e-06
2016-08-04,8551.099609375,0.0007311673892417124,15.140000343322754,5.5,7.35092,0.7460800000000001,6.463848469818312,5.96148204467593,0.6300630063006407,HighVol,0.0,1.1782204328304375e-06,0.9999959713613157,2.8504210782363983e-06
2016-08-05,8683.150390625,0.015324527088340225,14.350000381469727,5.5,7.35092,0.7460800000000001,6.463848469818312,5.96148204467593,0.6300630063006407,HighVol,0.0,2.280143228778491e-06,0.9999963685834243,1.3512751428358391e-06
2016-08-08,8711.349609375,0.003242317221417232,14.59000015258789,5.5,7.35092,0.7460800000000001,6.463848469818312,5.96148204467593,0.6300630063006407,HighVol,0.0,1.369756820028882e-06,0.9999977422292453,8.880167687299956e-07
2016-08-09,8678.25,-0.0038068328301676924,14.539999961853027,5.5,7.35092,0.7460800000000001,6.463848469818312,5.96148204467593,0.6300630063006407,HighVol,0.0,1.041948438787841e-06,0.9999978121583185,1.145895577157296e-06
2016-08-10,8575.2998046875,-0.0119339403558223,14.920000076293945,5.5,7.35092,0.7460800000000001,6.463848469818312,5.96148204467593,0.6300630063006407,HighVol,0.0,8.680265738387993e-07,0.9999968352108284,2.2967627533177026e-06
2016-08-11,8592.150390625,0.001963086091088332,14.210000038146973,5.5,7.35092,0.7460800000000001,6.463848469818312,5.96148204467593,0.6300630063006407,HighVol,0.0,1.0111823789997557e-06,0.99999644634858,2.5424669328293597e-06
2016-08-17,8624.0498046875,-0.0021428662849281455,14.779999732971191,5.5,7.35092,0.7460800000000001,6.463848469818312,5.96148204467593,0.6300630063006407,HighVol,0.0,8.103556590185909e-07,0.9999963695875028,2.820060173888891e-06
2016-08-18,8673.25,0.005688787100174632,14.550000190734863,5.5,7.35092,0.7460800000000001,6.463848469818312,5.96148204467593,0.6300630063006407,HighVol,0.0,1.57018451932772e-06,0.999980162640298,1.826717628959384e-05
2016-08-19,8666.900390625,-0.0007323592374647016,14.539999961853027,5.5,7.35092,0.7460800000000001,6.463848469818312,5.96148204467593,0.6300630063006407,HighVol,0.0,1.442610633081481e-06,0.9999723665421749,2.619084423311207e-05
2016-08-22,8629.150390625,-0.004365165253066113,14.239999771118164,5.5,7.35092,0.7460800000000001,6.463848469818312,5.96148204467593,0.6300630063006407,HighVol,0.0,1.4559211669432212e-06,0.9999636609627344,3.488311814626465e-05
2016-08-23,8632.599609375,0.0003996372089627608,13.899999618530273,5.5,7.35092,0.7460800000000001,6.463848469818312,5.96148204467593,0.6300630063006407,HighVol,0.0,1.112859812651595e-06,0.9999642645908039,3.46225520726014e-05
2016-08-24,8650.2998046875,0.0020482907499330422,13.489999771118164,5.5,7.35092,0.7460800000000001,6.463848469818312,5.96148204467593,0.6300630063006407,HighVol,0.0,9.447159774678364e-07,0.999960210522111,3.884476276575098e-05
2016-08-25,8592.2001953125,-0.006739142150229588,13.289999961853027,5.5,7.35092,0.7460800000000001,6.463848469818312,5.96148204467593,0.6300630063006407,HighVol,0.0,9.042706963615638e-07,0.9999368031819613,6.22925471012222e-05
2016-08-26,8572.5498046875,-0.0022896225356679534,13.569999694824219,5.5,7.35092,0.7460800000000001,6.463848469818312,5.96148204467593,0.6300630063006407,HighVol,0.0,7.771883521056656e-07,0.9999361669835344,6.305582650513142e-05
2016-08-29,8607.4501953125,0.00406291485846204,13.170000076293945,5.5,7.35092,0.7460800000000001,6.463848469818312,5.96148204467593,0.6300630063006407,HighVol,0.0,8.054653706436849e-07,0.999955437054967,4.3757478590487304e-05
2016-08-30,8744.349609375,0.015779602831678955,13.020000457763672,5.5,7.35092,0.7460800000000001,6.463848469818312,5.96148204467593,0.6300630063006407,HighVol,0.0,1.5418087289334546e-06,0.9999813654202659,1.7092769416053743e-05
2016-08-31,8786.2001953125,0.0047745981624819625,13.239999771118164,5.5,7.35092,0.7460800000000001,6.463848469818312,5.96148204467593,0.6300630063006407,HighVol,0.0,1.7239733997968015e-06,0.9999912516742141,7.024349490005856e-06
2016-09-01,8774.650390625,-0.0013154039773133465,13.34000015258789,5.5,7.14185,0.5784500000000001,5.302995795548382,4.89563116106333,1.090909090909098,HighVol,0.0,7.212179492935543e-07,0.9999988360439099,4.4273714990461614e-07
2016-09-02,8809.650390625,0.00398082888319566,12.9399995803833,5.5,7.14185,0.5784500000000001,5.302995795548382,4.89563116106333,1.090909090909098,HighVol,0.0,1.8498267752951737e-06,0.9999977885769917,3.615980046288343e-07
2016-09-06,8943.0,0.015023347446829987,12.75,5.5,7.14185,0.5784500000000001,5.302995795548382,4.89563116106333,1.090909090909098,HighVol,0.0,9.353764873621516e-06,0.9999904496672961,1.9656560654039356e-07
2016-09-07,8917.9501953125,-0.0028049819116828943,13.149999618530273,5.5,7.14185,0.5784500000000001,5.302995795548382,4.89563116106333,1.090909090909098,HighVol,0.0,2.2236736519323912e-06,0.9999976305581062,1.4576889285629776e-07
2016-09-08,8952.5,0.0038667014380895045,13.119999885559082,5.5,7.14185,0.5784500000000001,5.302995795548382,4.89563116106333,1.090909090909098,HighVol,0.0,1.188518714923096e-06,0.9999987160053082,9.54753372169084e-08
2016-09-09,8866.7001953125,-0.009630114351834806,13.229999542236328,5.5,7.14185,0.5784500000000001,5.302995795548382,4.89563116106333,1.090909090909098,HighVol,0.0,4.929307567538264e-07,0.99999930748187,1.9958722736077007e-07
2016-09-12,8715.599609375,-0.01718822993969123,15.239999771118164,5.5,7.14185,0.5784500000000001,5.302995795548382,4.89563116106333,1.090909090909098,HighVol,0.0,3.9359318116621213e-07,0.9999986161429232,9.90263028599007e-07
2016-09-14,8726.599609375,0.0012613090035687876,14.760000228881836,5.5,7.14185,0.5784500000000001,5.302995795548382,4.89563116106333,1.090909090909098,HighVol,0.0,6.615642249553644e-07,0.9999982077513467,1.1306867704778953e-06
2016-09-15,8742.5498046875,0.0018260991839711186,14.680000305175781,5.5,7.14185,0.5784500000000001,5.302995795548382,4.89563116106333,1.090909090909098,HighVol,0.0,5.271873821708334e-07,0.9999985891709859,8.836425705689168e-07
2016-09-16,8779.849609375,0.0042573919410826295,14.579999923706055,5.5,7.14185,0.5784500000000001,5.302995795548382,4.89563116106333,1.090909090909098,HighVol,0.0,5.01003203847297e-07,0.9999988416609428,6.573367180202627e-07
2016-09-19,8808.400390625,0.003246577269225301,14.9399995803833,5.5,7.14185,0.5784500000000001,5.302995795548382,4.89563116106333,1.090909090909098,HighVol,0.0,3.674708391191639e-07,0.9999991851876666,4.473425765714747e-07
2016-09-20,8775.900390625,-0.0036964832905136196,14.779999732971191,5.5,7.14185,0.5784500000000001,5.302995795548382,4.89563116106333,1.090909090909098,HighVol,0.0,3.211643700814892e-07,0.9999991878652168,4.909701268865231e-07
2016-09-21,8777.150390625,0.00014242538436080372,14.8100004196167,5.5,7.14185,0.5784500000000001,5.302995795548382,4.89563116106333,1.090909090909098,HighVol,0.0,3.3677961983371655e-07,0.9999991728476526,4.903742063202844e-07
2016-09-22,8867.4501953125,0.01023549301709891,13.34000015258789,5.5,7.14185,0.5784500000000001,5.302995795548382,4.89563116106333,1.090909090909098,HighVol,0.0,6.601925274564329e-07,0.9999990773216887,2.6248571855558675e-07
2016-09-23,8831.5498046875,-0.004056776073300545,13.25,5.5,7.14185,0.5784500000000001,5.302995795548382,4.89563116106333,1.090909090909098,HighVol,0.0,4.29367623749085e-07,0.9999992234591732,3.471696166444704e-07
2016-09-26,8723.0498046875,-0.01236159001721051,14.569999694824219,5.5,7.14185,0.5784500000000001,5.302995795548382,4.89563116106333,1.090909090909098,HighVol,0.0,2.204182185874604e-07,0.9999990836153863,6.959680127198679e-07
2016-09-27,8706.400390625,-0.0019104927510736648,14.25,5.5,7.14185,0.5784500000000001,5.302995795548382,4.89563116106333,1.090909090909098,HighVol,0.0,2.088903798233625e-07,0.9999990702931202,7.20815327431265e-07
2016-09-28,8745.150390625,0.004440873383603119,13.850000381469727,5.5,7.14185,0.5784500000000001,5.302995795548382,4.89563116106333,1.090909090909098,HighVol,0.0,2.1250062552626395e-07,0.9999990623768856,7.251233897258786e-07
2016-09-29,8591.25,-0.01775506219605918,18.450000762939453,5.5,7.14185,0.5784500000000001,5.302995795548382,4.89563116106333,1.090909090909098,HighVol,0.0,1.1825245827071121e-06,0.9999883570949568,1.0460380118970659e-05
2016-09-30,8611.150390625,0.002313677050935853,17.18000030517578,5.5,7.14185,0.5784500000000001,5.302995795548382,4.89563116106333,1.090909090909098,HighVol,0.0,6.314564874697042e-07,0.999992987878642,6.380666139399469e-06
2016-10-03,8738.099609375,0.014634809521912494,15.619999885559082,5.5,6.86438,0.3258799999999997,4.135295857726495,5.8545778140275,1.364877161055511,HighVol,0.0,1.2356155293361166e-08,0.9999999827414287,4.905371626407331e-09
2016-10-04,8769.150390625,0.0035471948830647004,14.989999771118164,5.5,6.86438,0.3258799999999997,4.135295857726495,5.8545778140275,1.364877161055511,HighVol,0.0,1.2184964243076431e-08,0.9999999848732842,2.943970017832476e-09
2016-10-05,8743.9501953125,-0.002877869921600413,14.930000305175781,5.5,6.86438,0.3258799999999997,4.135295857726495,5.8545778140275,1.364877161055511,HighVol,0.0,1.308095950660564e-08,0.9999999822684914,4.647086218758372e-09
2016-10-06,8709.5498046875,-0.00394195263650275,14.84000015258789,5.5,6.86438,0.3258799999999997,4.135295857726495,5.8545778140275,1.364877161055511,HighVol,0.0,1.75111669492566e-08,0.9999999767096599,5.781007434916832e-09
2016-10-07,8697.599609375,-0.0013730217286708416,14.489999771118164,5.5,6.86438,0.3258799999999997,4.135295857726495,5.8545778140275,1.364877161055511,HighVol,0.0,1.8050474572236383e-08,0.9999999748542908,7.095692728951194e-09
2016-10-10,8708.7998046875,0.0012869056479532695,14.289999961853027,5.5,6.86438,0.3258799999999997,4.135295857726495,5.8545778140275,1.364877161055511,HighVol,0.0,1.0211418866133532e-08,0.9999999845531421,5.233768176400689e-09
2016-10-13,8573.349609375,-0.015675477121613476,15.430000305175781,5.5,6.86438,0.3258799999999997,4.135295857726495,5.8545778140275,1.364877161055511,HighVol,0.0,1.9591238790377534e-08,0.9999999631254475,1.7283793285374504e-08
2016-10-14,8583.400390625,0.001171641761961016,14.890000343322754,5.5,6.86438,0.3258799999999997,4.135295857726495,5.8545778140275,1.364877161055511,HighVol,0.0,1.7431763749012095e-08,0.9999999674400902,1.512939409695582e-08
2016-10-17,8520.400390625,-0.007366816969274471,15.65999984741211,5.5,6.86438,0.3258799999999997,4.135295857726495,5.8545778140275,1.364877161055511,HighVol,0.0,2.443460265433992e-08,0.9999999476494863,2.7915366389041356e-08
2016-10-18,8677.900390625,0.018316274989203487,14.539999961853027,5.5,6.86438,0.3258799999999997,4.135295857726495,5.8545778140275,1.364877161055511,HighVol,0.0,1.4876928608874174e-08,0.9999999775318431,7.589332836952493e-09
2016-10-19,8659.099609375,-0.0021688629658940845,14.609999656677246,5.5,6.86438,0.3258799999999997,4.135295857726495,5.8545778140275,1.364877161055511,HighVol,0.0,1.5599077727631227e-08,0.9999999747524274,9.649214822518588e-09
2016-10-20,8699.400390625,0.004643356702434108,14.170000076293945,5.5,6.86438,0.3258799999999997,4.135295857726495,5.8545778140275,1.364877161055511,HighVol,0.0,1.5664560255507744e-08,0.9999999816864149,2.647560005619158e-09
2016-10-21,8693.0498046875,-0.0007302693005771827,13.829999923706055,5.5,6.86438,0.3258799999999997,4.135295857726495,5.8545778140275,1.364877161055511,HighVol,0.0,1.5674642184477947e-08,0.9999999813735487,2.9526213681230087e-09
2016-10-24,8708.9501953125,0.001827421566475664,14.329999923706055,5.5,6.86438,0.3258799999999997,4.135295857726495,5.8545778140275,1.364877161055511,HighVol,0.0,2.2637025996082017e-08,0.9999999743813536,2.983202775991851e-09
2016-10-25,8691.2998046875,-0.0020287520787162444,14.479999542236328,5.5,6.86438,0.3258799999999997,4.135295857726495,5.8545778140275,1.364877161055511,HighVol,0.0,1.0723699681227203e-08,0.999999986277544,2.9953293298885407e-09
2016-10-26,8615.25,-0.008788614143283245,14.449999809265137,5.5,6.86438,0.3258799999999997,4.135295857726495,5.8545778140275,1.364877161055511,HighVol,0.0,1.0865631751242154e-08,0.9999999844876585,4.648110493556666e-09
2016-10-27,8615.25,0.0,14.09000015258789,5.5,6.86438,0.3258799999999997,4.135295857726495,5.8545778140275,1.364877161055511,HighVol,0.0,1.2697568968460866e-08,0.9999999819192454,5.3811176257377e-09
2016-10-28,8638.0,0.0026371858270232084,14.649999618530273,5.5,6.86438,0.3258799999999997,4.135295857726495,5.8545778140275,1.364877161055511,HighVol,0.0,1.0139928613044495e-08,0.999999985608156,4.254849340462696e-09
2016-11-01,8626.25,-0.001361194585834806,15.739999771118164,5.5,6.784525,0.41787500000000044,3.3456461508111213,4.98997295401784,1.2715712988192518,HighVol,0.0,3.548756883807341e-09,0.999999984225724,1.2226594449931458e-08
2016-11-02,8514.0,-0.013098012546713908,16.799999237060547,5.5,6.784525,0.41787500000000044,3.3456461508111213,4.98997295401784,1.2715712988192518,HighVol,0.0,7.674004814886218e-09,0.999999947693142,4.4634132555218355e-08
2016-11-03,8484.9501953125,-0.003417838470350909,16.469999313354492,5.5,6.784525,0.41787500000000044,3.3456461508111213,4.98997295401784,1.2715712988192518,HighVol,0.0,8.599365306512752e-09,0.99999993308302,5.8314394695690396e-08
2016-11-04,8433.75,-0.006052515976111644,16.850000381469727,5.5,6.784525,0.41787500000000044,3.3456461508111213,4.98997295401784,1.2715712988192518,HighVol,0.0,1.5631558199536523e-08,0.9999998738712828,1.1049500528833424e-07
2016-11-07,8497.0498046875,0.007477508488472915,16.510000228881836,5.5,6.784525,0.41787500000000044,3.3456461508111213,4.98997295401784,1.2715712988192518,HighVol,0.0,8.492192748525825e-09,0.9999999354186023,5.6088997572698725e-08
2016-11-08,8543.5498046875,0.005457567982692605,16.770000457763672,5.5,6.784525,0.41787500000000044,3.3456461508111213,4.98997295401784,1.2715712988192518,HighVol,0.0,5.726608361113003e-09,0.9999999601714088,3.4104196136500996e-08
2016-11-09,8432.0,-0.013142597631657107,16.6200008392334,5.5,6.784525,0.41787500000000044,3.3456461508111213,4.98997295401784,1.2715712988192518,HighVol,0.0,8.20807155570785e-09,0.9999999230349234,6.875398331700514e-08
2016-11-10,8525.75,0.01105700404045472,15.460000038146973,5.5,6.784525,0.41787500000000044,3.3456461508111213,4.98997295401784,1.2715712988192518,HighVol,0.0,5.236680102689929e-09,0.9999999665378715,2.8224603491698145e-08
2016-11-11,8296.2998046875,-0.027281387102400093,17.360000610351562,5.5,6.784525,0.41787500000000044,3.3456461508111213,4.98997295401784,1.2715712988192518,HighVol,0.0,3.352106041722476e-08,0.999999746636636,2.198447508327783e-07
2016-11-15,8108.4501953125,-0.02290285685988103,20.149999618530273,5.5,6.784525,0.41787500000000044,3.3456461508111213,4.98997295401784,1.2715712988192518,HighVol,0.0,9.294243065385371e-07,0.9999968832756534,2.187300535684502e-06
2016-11-16,8111.60009765625,0.00038839613027746525,19.5,5.5,6.784525,0.41787500000000044,3.3456461508111213,4.98997295401784,1.2715712988192518,HighVol,0.0,9.176933552883126e-07,0.9999970374672784,2.044839225833533e-06
2016-11-17,8079.9501953125,-0.003909439439923456,18.709999084472656,5.5,6.784525,0.41787500000000044,3.3456461508111213,4.98997295401784,1.2715712988192518,HighVol,0.0,1.0965958010187992e-06,0.9999967065432094,2.1968627141685923e-06
2016-11-18,8074.10009765625,-0.0007242886837538094,17.809999465942383,5.5,6.784525,0.41787500000000044,3.3456461508111213,4.98997295401784,1.2715712988192518,HighVol,0.0,1.638009862020736e-06,0.9999960182910543,2.343697794736498e-06
2016-11-21,7929.10009765625,-0.01812187142597807,19.100000381469727,5.5,6.784525,0.41787500000000044,3.3456461508111213,4.98997295401784,1.2715712988192518,HighVol,0.0,3.538306044081371e-06,0.9999944675808609,1.9941149806213455e-06
2016-11-22,8002.2998046875,0.009189427494782599,18.469999313354492,5.5,6.784525,0.41787500000000044,3.3456461508111213,4.98997295401784,1.2715712988192518,HighVol,0.0,4.917847446760436e-07,0.9999989607173063,5.474949976837999e-07
2016-11-23,8033.2998046875,0.0038664021768522933,18.040000915527344,5.5,6.784525,0.41787500000000044,3.3456461508111213,4.98997295401784,1.2715712988192518,HighVol,0.0,3.2789950106650665e-07,0.99999927108028,4.010214567127748e-07
2016-11-24,7965.5,-0.008475662098624583,17.15999984741211,5.5,6.784525,0.41787500000000044,3.3456461508111213,4.98997295401784,1.2715712988192518,HighVol,0.0,6.072658609564225e-07,0.9999988706192209,5.221157712576772e-07
2016-11-25,8114.2998046875,0.018508197132649923,17.610000610351562,5.5,6.784525,0.41787500000000044,3.3456461508111213,4.98997295401784,1.2715712988192518,HighVol,0.0,1.527665295964865e-07,0.999999662824905,1.8440615571540177e-07
2016-11-28,8126.89990234375,0.0015516218520139676,18.059999465942383,5.5,6.784525,0.41787500000000044,3.3456461508111213,4.98997295401784,1.2715712988192518,HighVol,0.0,3.215026908526641e-07,0.9999994819883318,1.9651132975006158e-07
2016-11-29,8142.14990234375,0.001874725893588773,17.709999084472656,5.5,6.784525,0.41787500000000044,3.3456461508111213,4.98997295401784,1.2715712988192518,HighVol,0.0,1.9022313803414071e-07,0.9999996416300478,1.6814604697968147e-07
2016-11-30,8224.5,0.010063243621010479,16.850000381469727,5.5,6.784525,0.41787500000000044,3.3456461508111213,4.98997295401784,1.2715712988192518,HighVol,0.0,1.338847084828887e-07,0.9999997477789611,1.1833716098438803e-07
2016-12-01,8192.900390625,-0.0038495313077255163,16.690000534057617,5.5,6.613,0.48410000000000064,2.592575379973927,3.6757295859942,1.8198362147406666,HighVol,0.0,2.3755939429964815e-09,0.9999998219864369,1.7564130694728057e-07
2016-12-02,8086.7998046875,-0.013034894616329137,17.93000030517578,5.5,6.613,0.48410000000000064,2.592575379973927,3.6757295859942,1.8198362147406666,HighVol,0.0,1.5925252511632178e-09,0.9999997620980422,2.3631170259988375e-07
2016-12-05,8128.75,0.005174081595203409,17.290000915527344,5.5,6.613,0.48410000000000064,2.592575379973927,3.6757295859942,1.8198362147406666,HighVol,0.0,1.0004322726247562e-09,0.9999998334242403,1.6557443196665647e-07
2016-12-06,8143.14990234375,0.0017699108511295017,17.110000610351562,5.5,6.613,0.48410000000000064,2.592575379973927,3.6757295859942,1.8198362147406666,HighVol,0.0,9.364529422730823e-10,0.9999998179773849,1.8108557328866022e-07
2016-12-07,8102.0498046875,-0.005059979081726745,16.850000381469727,5.5,6.613,0.48410000000000064,2.592575379973927,3.6757295859942,1.8198362147406666,HighVol,0.0,2.147928483283213e-09,0.9999996581755697,3.39679846357936e-07
2016-12-08,8246.849609375,0.017714169916451,15.529999732971191,5.5,6.613,0.48410000000000064,2.592575379973927,3.6757295859942,1.8198362147406666,HighVol,0.0,8.689367376255508e-10,0.9999998537969184,1.453352673515646e-07
2016-12-09,8261.75,0.0018051676124941,15.069999694824219,5.5,6.613,0.48410000000000064,2.592575379973927,3.6757295859942,1.8198362147406666,HighVol,0.0,2.295157302351443e-09,0.9999997742416127,2.2346518681358325e-07
2016-12-12,8170.7998046875,-0.011069630108506541,16.190000534057617,5.5,6.613,0.48410000000000064,2.592575379973927,3.6757295859942,1.8198362147406666,HighVol,0.0,7.464522689731086e-10,0.9999998733546898,1.2590050950375742e-07
2016-12-13,8221.7998046875,0.006222340051564259,15.920000076293945,5.5,6.613,0.48410000000000064,2.592575379973927,3.6757295859942,1.8198362147406666,HighVol,0.0,7.106059017068897e-10,0.9999999167557724,8.253384403376851e-08
2016-12-14,8182.4501953125,-0.004797498800311476,16.59000015258789,5.5,6.613,0.48410000000000064,2.592575379973927,3.6757295859942,1.8198362147406666,HighVol,0.0,6.46666872078313e-10,0.9999999207575487,7.859843066972481e-08
2016-12-15,8153.60009765625,-0.0035320811496494836,15.65999984741211,5.5,6.613,0.48410000000000064,2.592575379973927,3.6757295859942,1.8198362147406666,HighVol,0.0,9.020352156627825e-10,0.9999998986677434,1.0042915878242724e-07
2016-12-16,8139.4501953125,-0.0017369253327930302,15.25,5.5,6.613,0.48410000000000064,2.592575379973927,3.6757295859942,1.8198362147406666,HighVol,0.0,1.2262345326400515e-09,0.9999998694475011,1.2932473531215686e-07
2016-12-19,8104.35009765625,-0.004321667547371758,14.84000015258789,5.5,6.613,0.48410000000000064,2.592575379973927,3.6757295859942,1.8198362147406666,HighVol,0.0,1.7774303256994677e-09,0.999999864754509,1.3346498053407142e-07
2016-12-20,8082.39990234375,-0.0027121205636996375,14.539999961853027,5.5,6.613,0.48410000000000064,2.592575379973927,3.6757295859942,1.8198362147406666,HighVol,0.0,2.326616191987539e-09,0.9999998110652265,1.8660603773453985e-07
2016-12-21,8061.2998046875,-0.0026140364419853872,14.710000038146973,5.5,6.613,0.48410000000000064,2.592575379973927,3.6757295859942,1.8198362147406666,HighVol,0.0,1.8144071037707364e-09,0.9999998289422511,1.692460094489716e-07
2016-12-22,7979.10009765625,-0.010249174221346512,15.550000190734863,5.5,6.613,0.48410000000000064,2.592575379973927,3.6757295859942,1.8198362147406666,HighVol,0.0,2.5188064535058822e-09,0.9999998185740133,1.789039074055398e-07
2016-12-23,7985.75,0.0008330679821808747,15.130000114440918,5.5,6.613,0.48410000000000064,2.592575379973927,3.6757295859942,1.8198362147406666,HighVol,0.0,2.503706510675219e-09,0.9999997741543012,2.2333914447491875e-07
2016-12-26,7908.25,-0.009752185003088458,16.600000381469727,5.5,6.613,0.48410000000000064,2.592575379973927,3.6757295859942,1.8198362147406666,HighVol,0.0,4.849670154225456e-09,0.9999996791084929,3.1604258011848837e-07
2016-12-27,8032.85009765625,0.015632877835896817,15.079999923706055,5.5,6.613,0.48410000000000064,2.592575379973927,3.6757295859942,1.8198362147406666,HighVol,0.0,1.6587748052220716e-09,0.9999998479688772,1.5036919808412484e-07
2016-12-28,8034.85009765625,0.00024894664276991384,15.539999961853027,5.5,6.613,0.48410000000000064,2.592575379973927,3.6757295859942,1.8198362147406666,HighVol,0.0,1.3402427454293368e-09,0.999999849518656,1.4914005916333998e-07
2016-12-29,8103.60009765625,0.008520076594398652,15.279999732971191,5.5,6.613,0.48410000000000064,2.592575379973927,3.6757295859942,1.8198362147406666,HighVol,0.0,1.1609941711166437e-09,0.9999998984567406,1.003830784424864e-07
2016-12-30,8185.7998046875,0.010092502517199517,15.470000267028809,5.5,6.613,0.48410000000000064,2.592575379973927,3.6757295859942,1.8198362147406666,HighVol,0.0,1.1996993851393557e-09,0.9999999280189539,7.07824670961973e-08
2017-01-02,8179.5,-0.0007698979027411989,15.829999923706055,5.5,6.52812,0.4117000000000006,2.230398373580811,0.827008381625816,2.10237659963437,HighVol,0.0,5.361539890921187e-10,0.9999999508581835,4.86092786569991e-08
2017-01-03,8192.25,0.0015575613575361691,15.960000038146973,5.5,6.52812,0.4117000000000006,2.230398373580811,0.827008381625816,2.10237659963437,HighVol,0.0,1.903617446543089e-10,0.9999999633437262,3.646292289298701e-08
2017-01-04,8190.5,-0.00021363934707617968,15.890000343322754,5.5,6.52812,0.4117000000000006,2.230398373580811,0.827008381625816,2.10237659963437,HighVol,0.0,2.0013019053234176e-10,0.9999999640422181,3.575742020190928e-08
2017-01-05,8273.7998046875,0.01011892597298775,15.050000190734863,5.5,6.52812,0.4117000000000006,2.230398373580811,0.827008381625816,2.10237659963437,HighVol,0.0,1.4911995964220502e-10,0.9999999700157791,2.983790305013466e-08
2017-01-06,8243.7998046875,-0.0036324930615801707,14.90999984741211,5.5,6.52812,0.4117000000000006,2.230398373580811,0.827008381625816,2.10237659963437,HighVol,0.0,1.0107869011221776e-10,0.9999999662395572,3.365654007798344e-08
2017-01-09,8236.0498046875,-0.0009405426329750955,15.479999542236328,5.5,6.52812,0.4117000000000006,2.230398373580811,0.827008381625816,2.10237659963437,HighVol,0.0,8.611491583789613e-11,0.9999999709834815,2.892933890075719e-08
2017-01-10,8288.599609375,0.006360193250249055,15.199999809265137,5.5,6.52812,0.4117000000000006,2.230398373580811,0.827008381625816,2.10237659963437,HighVol,0.0,8.157384401117677e-11,0.9999999748615668,2.5056906636633557e-08
2017-01-11,8380.650390625,0.011044494137506545,14.8100004196167,5.5,6.52812,0.4117000000000006,2.230398373580811,0.827008381625816,2.10237659963437,HighVol,0.0,1.4758571237986154e-10,0.9999999780484361,2.1804704910402765e-08
2017-01-12,8407.2001953125,0.0031629810720875113,14.609999656677246,5.5,6.52812,0.4117000000000006,2.230398373580811,0.827008381625816,2.10237659963437,HighVol,0.0,9.007855422750651e-11,0.999999981147994,1.876080198375544e-08
2017-01-13,8400.349609375,-0.0008151796539613075,14.380000114440918,5.5,6.52812,0.4117000000000006,2.230398373580811,0.827008381625816,2.10237659963437,HighVol,0.0,1.1668416176872285e-10,0.9999999789943106,2.0891847716660965e-08
2017-01-16,8412.7998046875,0.0014810071904502009,15.069999694824219,5.5,6.52812,0.4117000000000006,2.230398373580811,0.827008381625816,2.10237659963437,HighVol,0.0,1.5751964161539118e-10,0.9999999659994506,3.384647285415236e-08
2017-01-17,8398.0,-0.001760750075312027,15.390000343322754,5.5,6.52812,0.4117000000000006,2.230398373580811,0.827008381625816,2.10237659963437,HighVol,0.0,1.0933780141305088e-10,0.9999999670471885,3.284570160444223e-08
2017-01-18,8417.0,0.002259887967437504,15.180000305175781,5.5,6.52812,0.4117000000000006,2.230398373580811,0.827008381625816,2.10237659963437,HighVol,0.0,9.941700158517508e-11,0.9999999670326366,3.2864664952584716e-08
2017-01-19,8435.099609375,0.0021480547533008396,15.020000457763672,5.5,6.52812,0.4117000000000006,2.230398373580811,0.827008381625816,2.10237659963437,HighVol,0.0,1.4549308231065917e-10,0.9999999644933275,3.536194686089934e-08
2017-01-20,8349.349609375,-0.010217880246458876,15.789999961853027,5.5,6.52812,0.4117000000000006,2.230398373580811,0.827008381625816,2.10237659963437,HighVol,0.0,1.3549773819933388e-10,0.9999999533029051,4.655906336723596e-08
2017-01-23,8391.5,0.005035644029815811,15.90999984741211,5.5,6.52812,0.4117000000000006,2.230398373580811,0.827008381625816,2.10237659963437,HighVol,0.0,1.9305897013675484e-10,0.9999999537612905,4.604772455963891e-08
2017-01-24,8475.7998046875,0.009995732282151228,15.289999961853027,5.5,6.52812,0.4117000000000006,2.230398373580811,0.827008381625816,2.10237659963437,HighVol,0.0,1.4045674504621492e-10,0.9999999695864976,3.0269628231508874e-08
2017-01-25,8602.75,0.014866898538362306,15.170000076293945,5.5,6.52812,0.4117000000000006,2.230398373580811,0.827008381625816,2.10237659963437,HighVol,0.0,3.6100613654822607e-10,0.99999997499981,2.4641681266451397e-08
2017-01-27,8641.25,0.004465328690727306,16.010000228881836,5.5,6.52812,0.4117000000000006,2.230398373580811,0.827008381625816,2.10237659963437,HighVol,0.0,2.9853095531709086e-10,0.9999999782958187,2.1405558212101372e-08
2017-01-30,8632.75,-0.0009841380903137704,16.670000076293945,5.5,6.52812,0.4117000000000006,2.230398373580811,0.827008381625816,2.10237659963437,HighVol,0.0,3.8852316942074225e-10,0.9999999732608561,2.6350082911591126e-08
2017-01-31,8561.2998046875,-0.008311085218864388,16.829999923706055,5.5,6.52812,0.4117000000000006,2.230398373580811,0.827008381625816,2.10237659963437,HighVol,0.0,1.4964662737597013e-10,0.999999972584192,2.7263293892676047e-08
2017-02-01,8716.400390625,0.017954328487415367,13.970000267028809,5.5,6.7918,0.5493000000000006,1.858681508130644,2.13077200494682,4.2592592592592515,HighVol,0.0,1.4885265056587224e-10,0.9999997342675113,2.655861854887011e-07
2017-02-02,8734.25,0.002045724967320079,13.520000457763672,5.5,6.7918,0.5493000000000006,1.858681508130644,2.13077200494682,4.2592592592592515,HighVol,0.0,8.252401712677413e-11,0.999999753563346,2.4635064422370456e-07
2017-02-03,8740.9501953125,0.0007668233343177947,13.130000114440918,5.5,6.7918,0.5493000000000006,1.858681508130644,2.13077200494682,4.2592592592592515,HighVol,0.0,5.0863562541944246e-11,0.9999997525156084,2.4743644441424354e-07
2017-02-06,8801.0498046875,0.006852108598963618,13.399999618530273,5.5,6.7918,0.5493000000000006,1.858681508130644,2.13077200494682,4.2592592592592515,HighVol,0.0,8.058613515438264e-11,0.9999998232888331,1.7662789533913537e-07
2017-02-07,8768.2998046875,-0.003728087682222944,13.510000228881836,5.5,6.7918,0.5493000000000006,1.858681508130644,2.13077200494682,4.2592592592592515,HighVol,0.0,6.007313484524695e-11,0.9999998139246773,1.860144083476989e-07
2017-02-08,8769.0498046875,8.553173850807276e-05,13.350000381469727,5.5,6.7918,0.5493000000000006,1.858681508130644,2.13077200494682,4.2592592592592515,HighVol,0.0,1.4688103461969386e-11,0.9999998607600088,1.392227193993843e-07
2017-02-09,8778.400390625,0.0010657487804178315,13.239999771118164,5.5,6.7918,0.5493000000000006,1.858681508130644,2.13077200494682,4.2592592592592515,HighVol,0.0,1.0064606869224365e-11,0.9999998764979031,1.2349023852263721e-07
2017-02-10,8793.5498046875,0.0017242727924366554,13.180000305175781,5.5,6.7918,0.5493000000000006,1.858681508130644,2.13077200494682,4.2592592592592515,HighVol,0.0,1.1382952633685241e-11,0.9999998251878577,1.7480068598494193e-07
2017-02-13,8805.0498046875,0.0013069223565665177,13.6899995803833,5.5,6.7918,0.5493000000000006,1.858681508130644,2.13077200494682,4.2592592592592515,HighVol,0.0,8.651868933471612e-12,0.9999998605199023,1.3946867428763973e-07
2017-02-14,8792.2998046875,-0.0014490821077153884,13.800000190734863,5.5,6.7918,0.5493000000000006,1.858681508130644,2.13077200494682,4.2592592592592515,HighVol,0.0,5.793465034013954e-12,0.9999998775529169,1.224407526695504e-07
2017-02-15,8724.7001953125,-0.007718210304816345,14.210000038146973,5.5,6.7918,0.5493000000000006,1.858681508130644,2.13077200494682,4.2592592592592515,HighVol,0.0,4.838597096939404e-12,0.9999998221174041,1.7787799115034683e-07
2017-02-16,8778.0,0.006090485336691579,13.729999542236328,5.5,6.7918,0.5493000000000006,1.858681508130644,2.13077200494682,4.2592592592592515,HighVol,0.0,5.656020047495749e-12,0.9999998599232738,1.4006924782437916e-07
2017-02-17,8821.7001953125,0.004966026084143879,13.430000305175781,5.5,6.7918,0.5493000000000006,1.858681508130644,2.13077200494682,4.2592592592592515,HighVol,0.0,5.861608476774576e-12,0.999999890642363,1.093500596571287e-07
2017-02-20,8879.2001953125,0.006496867502078924,13.609999656677246,5.5,6.7918,0.5493000000000006,1.858681508130644,2.13077200494682,4.2592592592592515,HighVol,0.0,8.107124144384249e-12,0.9999999311621673,6.882676368265436e-08
2017-02-21,8907.849609375,0.0032213817527225,13.529999732971191,5.5,6.7918,0.5493000000000006,1.858681508130644,2.13077200494682,4.2592592592592515,HighVol,0.0,8.746825366048979e-12,0.9999999448773467,5.5116437485090084e-08
2017-02-22,8926.900390625,0.0021363673161383717,13.699999809265137,5.5,6.7918,0.5493000000000006,1.858681508130644,2.13077200494682,4.2592592592592515,HighVol,0.0,1.0067869477844455e-11,0.999999952633517,4.735844760765257e-08
2017-02-23,8939.5,0.0014104252886116898,13.399999618530273,5.5,6.7918,0.5493000000000006,1.858681508130644,2.13077200494682,4.2592592592592515,HighVol,0.0,4.592735753878347e-12,0.9999999647770899,3.521697246174672e-08
2017-02-27,8896.7001953125,-0.00479921579345047,13.680000305175781,5.5,6.7918,0.5493000000000006,1.858681508130644,2.13077200494682,4.2592592592592515,HighVol,0.0,2.2199537818458277e-12,0.9999999558567662,4.414438386982754e-08
2017-02-28,8879.599609375,-0.0019239764630964217,13.789999961853027,5.5,6.7918,0.5493000000000006,1.858681508130644,2.13077200494682,4.2592592592592515,HighVol,0.0,1.5177936223336467e-12,0.9999999540377769,4.595999331405388e-08
2017-03-01,8945.7998046875,0.007427659614302356,13.579999923706055,5.5,6.9794,0.8196000000000003,2.6217056115485526,4.32207388878847,5.50887021475257,HighVol,0.0,9.139529753314532e-10,0.999999662992252,3.360924922502616e-07
2017-03-02,8899.75,-0.005160940111567701,13.359999656677246,5.5,6.9794,0.8196000000000003,2.6217056115485526,4.32207388878847,5.50887021475257,HighVol,0.0,4.954241231055672e-10,0.9999995042527509,4.952492599337193e-07
2017-03-03,8897.5498046875,-0.0002472504647169898,13.350000381469727,5.5,6.9794,0.8196000000000003,2.6217056115485526,4.32207388878847,5.50887021475257,HighVol,0.0,4.740873183827958e-10,0.9999994823084738,5.172195891650337e-07
2017-03-06,8963.4501953125,0.00737928331770254,13.640000343322754,5.5,6.9794,0.8196000000000003,2.6217056115485526,4.32207388878847,5.50887021475257,HighVol,0.0,4.4912476521185887e-10,0.999999782274268,2.1727627059004193e-07
2017-03-07,8946.900390625,-0.0018480720763560477,13.880000114440918,5.5,6.9794,0.8196000000000003,2.6217056115485526,4.32207388878847,5.50887021475257,HighVol,0.0,3.768035368047875e-10,0.999999734973279,2.646510342542372e-07
2017-03-08,8924.2998046875,-0.0025292759007722594,14.079999923706055,5.5,6.9794,0.8196000000000003,2.6217056115485526,4.32207388878847,5.50887021475257,HighVol,0.0,3.0234161052239206e-10,0.9999996893966936,3.102975421912658e-07
2017-03-09,8927.0,0.0003025208654424808,14.390000343322754,5.5,6.9794,0.8196000000000003,2.6217056115485526,4.32207388878847,5.50887021475257,HighVol,0.0,3.0292041851058245e-10,0.9999995323961414,4.672984169848722e-07
2017-03-10,8934.5498046875,0.0008453695473995277,13.960000038146973,5.5,6.9794,0.8196000000000003,2.6217056115485526,4.32207388878847,5.50887021475257,HighVol,0.0,3.192098570819447e-08,0.9999829082304142,1.705984992315223e-05
2017-03-14,9087.0,0.016919058968585234,12.399999618530273,5.5,6.9794,0.8196000000000003,2.6217056115485526,4.32207388878847,5.50887021475257,Bull,0.999999999992724,1.0305396641448195e-16,4.00086845074329e-12,1.6088760742070715e-21
2017-03-15,9084.7998046875,-0.00024215491551740303,12.420000076293945,5.5,6.9794,0.8196000000000003,2.6217056115485526,4.32207388878847,5.50887021475257,Bull,0.0,8.807585693186601e-06,0.9992096857791858,0.0007815066369332159
2017-03-16,9153.7001953125,0.0075555246752815495,11.90999984741211,5.5,6.9794,0.8196000000000003,2.6217056115485526,4.32207388878847,5.50887021475257,Bull,1.0,2.2104598088762316e-16,2.6563424224881495e-14,1.0074455453020074e-21
2017-03-17,9160.0498046875,0.000693425391241901,11.850000381469727,5.5,6.9794,0.8196000000000003,2.6217056115485526,4.32207388878847,5.50887021475257,Bull,1.0,2.017856290907421e-16,3.188485596659668e-14,6.849184680287088e-22
2017-03-20,9126.849609375,-0.0036310400180971465,12.020000457763672,5.5,6.9794,0.8196000000000003,2.6217056115485526,4.32207388878847,5.50887021475257,Bull,0.0,1.0154249581619918e-07,0.9999843737443741,1.5524714519024194e-05
2017-03-21,9121.5,-0.0005863115999817308,11.9399995803833,5.5,6.9794,0.8196000000000003,2.6217056115485526,4.32207388878847,5.50887021475257,HighVol,0.0,5.38741690834199e-10,0.9999996228944639,3.765701383083189e-07
2017-03-22,9030.4501953125,-0.010032042543653485,12.270000457763672,5.5,6.9794,0.8196000000000003,2.6217056115485526,4.32207388878847,5.50887021475257,HighVol,0.0,3.909015159276632e-10,0.9999993781604758,6.21447917857462e-07
2017-03-23,9086.2998046875,0.006165541424006181,11.84000015258789,5.5,6.9794,0.8196000000000003,2.6217056115485526,4.32207388878847,5.50887021475257,HighVol,0.0,4.460909707471296e-10,0.9999995694671288,4.30090056898383e-07
2017-03-24,9108.0,0.0023853850750034113,11.979999542236328,5.5,6.9794,0.8196000000000003,2.6217056115485526,4.32207388878847,5.50887021475257,HighVol,0.0,3.04907205483944e-10,0.9999997567065589,2.4299108461563413e-07
2017-03-27,9045.2001953125,-0.006918896341847197,12.4399995803833,5.5,6.9794,0.8196000000000003,2.6217056115485526,4.32207388878847,5.50887021475257,HighVol,0.0,2.8500953808574664e-10,0.9999995288964074,4.7081938938075305e-07
2017-03-28,9100.7998046875,0.006128048426003716,12.119999885559082,5.5,6.9794,0.8196000000000003,2.6217056115485526,4.32207388878847,5.50887021475257,HighVol,0.0,2.868717749760173e-10,0.9999996765910123,3.2312126322066354e-07
2017-03-29,9143.7998046875,0.004713732341589461,12.09000015258789,5.5,6.9794,0.8196000000000003,2.6217056115485526,4.32207388878847,5.50887021475257,HighVol,0.0,4.2305640751762076e-08,0.9999910908042116,8.866888151769143e-06
2017-03-30,9173.75,0.0032701122498964663,12.149999618530273,5.5,6.9794,0.8196000000000003,2.6217056115485526,4.32207388878847,5.50887021475257,Bull,1.0,3.4377259136000975e-16,3.496659449691486e-13,3.903008592289185e-21
2017-03-31,9173.75,0.0,12.420000076293945,5.5,6.9794,0.8196000000000003,2.6217056115485526,4.32207388878847,5.50887021475257,Bull,1.0,8.90985753372917e-16,1.2687829569695265e-14,7.542362558636605e-21
2017-04-03,9237.849609375,0.006962987433382358,11.489999771118164,5.5,7.11756,1.1912599999999998,2.6119239199245525,3.2965393318533,5.106778087279484,Bull,1.0,3.4278925911943636e-16,8.484236313148547e-16,2.115821588347713e-21
2017-04-05,9265.150390625,0.0029509594186491106,11.550000190734863,5.5,7.11756,1.1912599999999998,2.6119239199245525,3.2965393318533,5.106778087279484,Bull,1.0,1.2615438992927525e-16,5.51449093607161e-14,1.5357378153014399e-21
2017-04-06,9261.9501953125,-0.00034546099962948787,11.289999961853027,5.5,7.11756,1.1912599999999998,2.6119239199245525,3.2965393318533,5.106778087279484,Bull,0.0,6.960563355258885e-08,0.999982883514409,1.7046881893570403e-05
2017-04-07,9198.2998046875,-0.006895967591191596,11.6899995803833,5.5,7.11756,1.1912599999999998,2.6119239199245525,3.2965393318533,5.106778087279484,HighVol,0.0,5.059800764907298e-10,0.9999990201981999,9.792967359397066e-07
2017-04-10,9181.4501953125,-0.001833497636833679,11.619999885559082,5.5,7.11756,1.1912599999999998,2.6119239199245525,3.2965393318533,5.106778087279484,HighVol,0.0,4.659030594975457e-10,0.9999992632440794,7.362880337154733e-07
2017-04-11,9237.0,0.006031992108960761,11.399999618530273,5.5,7.11756,1.1912599999999998,2.6119239199245525,3.2965393318533,5.106778087279484,HighVol,0.0,4.83817214220379e-10,0.9999995995095452,4.0000583596260204e-07
2017-04-12,9203.4501953125,-0.0036387226287440087,11.630000114440918,5.5,7.11756,1.1912599999999998,2.6119239199245525,3.2965393318533,5.106778087279484,HighVol,0.0,4.530130749741118e-10,0.9999992933083145,7.062399327728993e-07
2017-04-13,9150.7998046875,-0.005737149166000338,11.579999923706055,5.5,7.11756,1.1912599999999998,2.6119239199245525,3.2965393318533,5.106778087279484,HighVol,0.0,5.752652451081321e-10,0.9999984350373292,1.5643892291500915e-06
2017-04-17,9139.2998046875,-0.0012575110864404995,11.890000343322754,5.5,7.11756,1.1912599999999998,2.6119239199245525,3.2965393318533,5.106778087279484,HighVol,0.0,4.936909665650874e-10,0.9999983494576533,1.6500499422403047e-06
2017-04-18,9105.150390625,-0.003743544319295666,12.380000114440918,5.5,7.11756,1.1912599999999998,2.6119239199245525,3.2965393318533,5.106778087279484,HighVol,0.0,5.549026779213811e-10,0.9999974990964242,2.5003476703751923e-06
2017-04-19,9103.5,-0.00018127544810997014,12.220000267028809,5.5,7.11756,1.1912599999999998,2.6119239199245525,3.2965393318533,5.106778087279484,HighVol,0.0,6.254187694904051e-10,0.9999972601036707,2.7392735481756013e-06
2017-04-20,9136.400390625,0.00360752258526342,11.5600004196167,5.5,7.11756,1.1912599999999998,2.6119239199245525,3.2965393318533,5.106778087279484,HighVol,0.0,5.386071077532976e-10,0.9999980614539399,1.9380080454419142e-06
2017-04-21,9119.400390625,-0.0018624222643066866,11.420000076293945,5.5,7.11756,1.1912599999999998,2.6119239199245525,3.2965393318533,5.106778087279484,HighVol,0.0,4.030017683266985e-10,0.9999968811438045,3.118453352042283e-06
2017-04-24,9217.9501953125,0.010748636018943606,11.630000114440918,5.5,7.11756,1.1912599999999998,2.6119239199245525,3.2965393318533,5.106778087279484,HighVol,0.0,5.811318036921865e-08,0.9999579674434249,4.197444148502707e-05
2017-04-25,9306.599609375,0.009571092601938416,11.15999984741211,5.5,7.11756,1.1912599999999998,2.6119239199245525,3.2965393318533,5.106778087279484,Bull,1.0,1.8862694538603638e-16,4.6635750433689566e-14,1.923317543663948e-21
2017-04-26,9351.849609375,0.00485035901773151,11.739999771118164,5.5,7.11756,1.1912599999999998,2.6119239199245525,3.2965393318533,5.106778087279484,Bull,1.0,8.404889599506224e-17,3.014453657826537e-14,5.766539909508407e-22
2017-04-27,9342.150390625,-0.001037682638315093,11.069999694824219,5.5,7.11756,1.1912599999999998,2.6119239199245525,3.2965393318533,5.106778087279484,Bull,0.0,7.253077348264921e-08,0.9999862904872571,1.3636984129234974e-05
2017-04-28,9304.0498046875,-0.004086692040742791,10.859999656677246,5.5,7.11756,1.1912599999999998,2.6119239199245525,3.2965393318533,5.106778087279484,Bull,0.0,7.900421279127994e-10,0.9999993327439777,6.664685971671535e-07
2017-05-02,9313.7998046875,0.0010473820656935206,11.449999809265137,5.5,7.16485,1.1290500000000003,2.2140356665017125,3.25916961909212,3.8532110091743066,Bull,0.0,6.827642355648089e-12,0.9999999243664235,7.563021192451963e-08
2017-05-03,9311.9501953125,-0.00019860777483643832,11.529999732971191,5.5,7.16485,1.1290500000000003,2.2140356665017125,3.25916961909212,3.8532110091743066,HighVol,0.0,2.1838130595095413e-10,0.9999991082372045,8.915449642421385e-07
2017-05-04,9359.900390625,0.005136105872378302,11.329999923706055,5.5,7.16485,1.1290500000000003,2.2140356665017125,3.25916961909212,3.8532110091743066,HighVol,0.9999999999417923,4.158317869620132e-18,5.782491737084787e-11,9.34871186498995e-22
2017-05-05,9285.2998046875,-0.008002164979810267,11.989999771118164,5.5,7.16485,1.1290500000000003,2.2140356665017125,3.25916961909212,3.8532110091743066,HighVol,0.0,2.2897373062587678e-10,0.9999973452903527,2.654478061054873e-06
2017-05-08,9314.0498046875,0.0030915084131222883,11.670000076293945,5.5,7.16485,1.1290500000000003,2.2140356665017125,3.25916961909212,3.8532110091743066,HighVol,0.0,2.7240046088375612e-12,0.9999999683932406,3.1606708317640385e-08
2017-05-09,9316.849609375,0.0003005549701442118,11.109999656677246,5.5,7.16485,1.1290500000000003,2.2140356665017125,3.25916961909212,3.8532110091743066,HighVol,0.0,3.1697596588273555e-10,0.9999984495819458,1.550104263643639e-06
2017-05-10,9407.2998046875,0.009661416055306064,10.949999809265137,5.5,7.16485,1.1290500000000003,2.2140356665017125,3.25916961909212,3.8532110091743066,Bull,1.0,3.513823383044662e-18,1.9497103854604962e-13,4.2354676633464895e-22
2017-05-11,9422.400390625,0.0016039118008357616,10.84000015258789,5.5,7.16485,1.1290500000000003,2.2140356665017125,3.25916961909212,3.8532110091743066,Bull,1.0,3.2390833254450585e-18,3.4472607784628516e-13,4.4522073773588795e-22
2017-05-12,9400.900390625,-0.0022844037397764944,10.630000114440918,5.5,7.16485,1.1290500000000003,2.2140356665017125,3.25916961909212,3.8532110091743066,Bull,0.0,4.787584795943313e-08,0.9999204821036465,7.947001905140028e-05
2017-05-15,9445.400390625,0.004722420937348687,10.680000305175781,5.5,7.16485,1.1290500000000003,2.2140356665017125,3.25916961909212,3.8532110091743066,Bull,1.0,1.8874212164582596e-18,8.324337580347562e-14,1.4791531256797918e-22
2017-05-16,9512.25,0.007052549770711115,10.5600004196167,5.5,7.16485,1.1290500000000003,2.2140356665017125,3.25916961909212,3.8532110091743066,Bull,1.0,2.808682296986113e-18,8.922595427033793e-16,8.778372093300363e-23
2017-05-17,9525.75,0.0014182164368899746,10.640000343322754,5.5,7.16485,1.1290500000000003,2.2140356665017125,3.25916961909212,3.8532110091743066,Bull,1.0,9.06526323054015e-19,7.248729662837204e-14,4.588280932581548e-23
2017-05-18,9429.4501953125,-0.01016086690923151,11.789999961853027,5.5,7.16485,1.1290500000000003,2.2140356665017125,3.25916961909212,3.8532110091743066,HighVol,0.0,3.3085906775566107e-10,0.9999977422074176,2.2574621318574984e-06
2017-05-19,9427.900390625,-0.00016437141409942322,11.300000190734863,5.5,7.16485,1.1290500000000003,2.2140356665017125,3.25916961909212,3.8532110091743066,HighVol,0.0,4.012331407912581e-12,0.9999999591673268,4.0825191961759075e-08
2017-05-22,9438.25,0.0010971618691591547,11.199999809265137,5.5,7.16485,1.1290500000000003,2.2140356665017125,3.25916961909212,3.8532110091743066,HighVol,0.0,3.542069410294564e-12,0.9999999718929762,2.8105203913184253e-08
2017-05-23,9386.150390625,-0.005535341505865151,12.199999809265137,5.5,7.16485,1.1290500000000003,2.2140356665017125,3.25916961909212,3.8532110091743066,HighVol,0.0,5.22345181145682e-12,0.9999999056308342,9.43673312445159e-08
2017-05-24,9360.5498046875,-0.002731211528938736,11.829999923706055,5.5,7.16485,1.1290500000000003,2.2140356665017125,3.25916961909212,3.8532110091743066,HighVol,0.0,6.055314812749072e-12,0.9999998576968311,1.4229677148866346e-07
2017-05-25,9509.75,0.01581355951256376,10.449999809265137,5.5,7.16485,1.1290500000000003,2.2140356665017125,3.25916961909212,3.8532110091743066,HighVol,0.0,1.1896060608899607e-09,0.9999968797977565,3.11901592467939e-06
2017-05-26,9595.099609375,0.008934922695320598,10.859999656677246,5.5,7.16485,1.1290500000000003,2.2140356665017125,3.25916961909212,3.8532110091743066,Bull,1.0,3.755006111181945e-18,7.764482511358877e-14,2.3507151519074184e-22
2017-05-29,9604.900390625,0.001020914802213731,11.789999961853027,5.5,7.16485,1.1290500000000003,2.2140356665017125,3.25916961909212,3.8532110091743066,Bull,1.0,7.251690094122583e-18,2.0931944634966086e-15,3.358945714168793e-22
2017-05-30,9624.5498046875,0.0020436799494468433,11.770000457763672,5.5,7.16485,1.1290500000000003,2.2140356665017125,3.25916961909212,3.8532110091743066,Bull,1.0,2.005712418486275e-18,4.136304372508806e-14,9.366163083760966e-23
2017-05-31,9621.25,-0.0003429116745806887,11.760000228881836,5.5,7.16485,1.1290500000000003,2.2140356665017125,3.25916961909212,3.8532110091743066,Bull,0.0,1.967315480930872e-09,0.9999986244520552,1.3735773675935482e-06
2017-06-01,9616.099609375,-0.0005354574151470177,11.3100004196167,5.5,7.1144,0.7070999999999996,1.0909160044108024,2.18489948677068,2.264492753623193,Bull,0.0,8.454962034239382e-13,0.9999999740321076,2.5969020752722935e-08
2017-06-02,9653.5,0.003881807442491232,10.8100004196167,5.5,7.1144,0.7070999999999996,1.0909160044108024,2.18489948677068,2.264492753623193,Bull,1.0,6.100135187114163e-21,2.5604788850907305e-13,7.418658420120879e-24
2017-06-05,9675.099609375,0.00223499051174814,11.020000457763672,5.5,7.1144,0.7070999999999996,1.0909160044108024,2.18489948677068,2.264492753623193,Bull,1.0,3.9498124931812134e-21,2.626567244146339e-13,5.524000335351843e-24
2017-06-06,9637.150390625,-0.003930072114359614,11.130000114440918,5.5,7.1144,0.7070999999999996,1.0909160044108024,2.18489948677068,2.264492753623193,HighVol,0.0,4.210276171939589e-13,0.9999999772844606,2.2713968655064455e-08
2017-06-07,9663.900390625,0.002771871586730097,10.890000343322754,5.5,7.1144,0.7070999999999996,1.0909160044108024,2.18489948677068,2.264492753623193,HighVol,0.0,6.6864575297142515e-15,0.9999999996798579,3.208103954958166e-10
2017-06-08,9647.25,-0.0017244332330555142,11.069999694824219,5.5,7.1144,0.7070999999999996,1.0909160044108024,2.18489948677068,2.264492753623193,HighVol,0.0,5.9469653691989004e-15,0.9999999995779945,4.212584663042425e-10
2017-06-09,9668.25,0.0021744203643893584,10.859999656677246,5.5,7.1144,0.7070999999999996,1.0909160044108024,2.18489948677068,2.264492753623193,HighVol,0.0,3.3526564871420695e-15,0.9999999998908606,1.0578929339896479e-10
2017-06-12,9616.400390625,-0.005377306123000276,11.420000076293945,5.5,7.1144,0.7070999999999996,1.0909160044108024,2.18489948677068,2.264492753623193,HighVol,0.0,2.0618993393993995e-15,0.9999999998690328,1.3016293056057205e-10
2017-06-13,9606.900390625,-0.0009883839285963953,11.34000015258789,5.5,7.1144,0.7070999999999996,1.0909160044108024,2.18489948677068,2.264492753623193,HighVol,0.0,1.5686435978908764e-15,0.9999999999054126,9.574264363410768e-11
2017-06-14,9618.150390625,0.001170348147540874,11.180000305175781,5.5,7.1144,0.7070999999999996,1.0909160044108024,2.18489948677068,2.264492753623193,HighVol,0.0,1.6558242257643687e-15,0.9999999999126885,8.93988213347341e-11
2017-06-15,9578.0498046875,-0.00417797729350316,11.329999923706055,5.5,7.1144,0.7070999999999996,1.0909160044108024,2.18489948677068,2.264492753623193,HighVol,0.0,1.6016514044843268e-15,0.9999999998690328,1.3105684093509126e-10
2017-06-16,9588.0498046875,0.0010435092284018055,10.920000076293945,5.5,7.1144,0.7070999999999996,1.0909160044108024,2.18489948677068,2.264492753623193,HighVol,0.0,1.7594821089263486e-15,0.9999999998763087,1.2490091810111655e-10
2017-06-19,9657.5498046875,0.0072224616043765726,10.630000114440918,5.5,7.1144,0.7070999999999996,1.0909160044108024,2.18489948677068,2.264492753623193,HighVol,0.0,1.6410012078618809e-15,0.9999999999708962,3.1334719721128355e-11
2017-06-20,9653.5,-0.00041942875067181194,10.65999984741211,5.5,7.1144,0.7070999999999996,1.0909160044108024,2.18489948677068,2.264492753623193,HighVol,0.0,1.2920653932648065e-15,0.9999999999781721,1.971244737616132e-11
2017-06-21,9633.599609375,-0.0020635967138743832,10.920000076293945,5.5,7.1144,0.7070999999999996,1.0909160044108024,2.18489948677068,2.264492753623193,HighVol,0.0,1.2172597743208833e-15,0.9999999999708962,3.002158999414965e-11
2017-06-22,9630.0,-0.00037372136982585634,11.210000038146973,5.5,7.1144,0.7070999999999996,1.0909160044108024,2.18489948677068,2.264492753623193,HighVol,0.0,5.809160724532821e-16,0.999999999992724,1.0271969998352408e-11
2017-06-23,9574.9501953125,-0.005732892290795095,11.5600004196167,5.5,7.1144,0.7070999999999996,1.0909160044108024,2.18489948677068,2.264492753623193,HighVol,0.0,5.986835582613635e-16,0.9999999999708962,2.694686827365286e-11
2017-06-27,9511.400390625,-0.006659213268124637,12.510000228881836,5.5,7.1144,0.7070999999999996,1.0909160044108024,2.18489948677068,2.264492753623193,HighVol,0.0,1.3126099208792632e-15,0.9999999998472049,1.525229731482199e-10
2017-06-28,9491.25,-0.002120798705808072,11.989999771118164,5.5,7.1144,0.7070999999999996,1.0909160044108024,2.18489948677068,2.264492753623193,HighVol,0.0,1.2642249924397862e-15,0.999999999832653,1.6394313872369194e-10
2017-06-29,9504.099609375,0.001352921804466218,11.380000114440918,5.5,7.1144,0.7070999999999996,1.0909160044108024,2.18489948677068,2.264492753623193,HighVol,0.0,1.1089740414956519e-15,0.9999999998690328,1.3414430811754655e-10
2017-06-30,9520.900390625,0.0017661798283679123,11.729999542236328,5.5,7.1144,0.7070999999999996,1.0909160044108024,2.18489948677068,2.264492753623193,HighVol,0.0,7.034543352566369e-16,0.9999999999490683,5.1521061388353697e-11
2017-07-03,9615.0,0.00983495586260243,11.199999809265137,5.5,6.58302,0.30123999999999995,1.0830389642991545,-0.585805093018332,0.8952551477170889,HighVol,0.0,1.120939618474502e-34,1.0,4.658648144275981e-14
2017-07-04,9613.2998046875,-0.00017684302140083614,11.279999732971191,5.5,6.58302,0.30123999999999995,1.0830389642991545,-0.585805093018332,0.8952551477170889,HighVol,0.0,1.2636364253020716e-34,1.0,4.6485560819927734e-14
2017-07-05,9637.599609375,0.0025245384198064923,11.149999618530273,5.5,6.58302,0.30123999999999995,1.0830389642991545,-0.585805093018332,0.8952551477170889,HighVol,0.0,1.0255091214198006e-34,1.0,1.4246817889786196e-14
2017-07-06,9674.5498046875,0.00382663157881288,10.979999542236328,5.5,6.58302,0.30123999999999995,1.0830389642991545,-0.585805093018332,0.8952551477170889,HighVol,0.0,1.4739062544899082e-34,1.0,9.73908099355791e-15
2017-07-07,9665.7998046875,-0.000904844097829429,10.869999885559082,5.5,6.58302,0.30123999999999995,1.0830389642991545,-0.585805093018332,0.8952551477170889,HighVol,0.0,1.1708260828519436e-32,1.0,5.347260661661762e-13
2017-07-10,9771.0498046875,0.010830050223587575,10.90999984741211,5.5,6.58302,0.30123999999999995,1.0830389642991545,-0.585805093018332,0.8952551477170889,Bull,1.0,6.189098157424068e-43,8.260044358393839e-16,1.6987496022067625e-30
2017-07-11,9786.0498046875,0.0015339700917757582,10.890000343322754,5.5,6.58302,0.30123999999999995,1.0830389642991545,-0.585805093018332,0.8952551477170889,Bull,1.0,6.060803412314871e-43,1.3141363726598684e-17,7.336698050199967e-31
2017-07-12,9816.099609375,0.003065972775967725,11.050000190734863,5.5,6.58302,0.30123999999999995,1.0830389642991545,-0.585805093018332,0.8952551477170889,Bull,1.0,5.218737173145206e-43,1.1287647264250344e-17,5.061116113283618e-31
2017-07-13,9891.7001953125,0.0076721863955028615,11.25,5.5,6.58302,0.30123999999999995,1.0830389642991545,-0.585805093018332,0.8952551477170889,Bull,1.0,6.582593172392362e-43,5.604132787514557e-16,1.2803991143104606e-30
2017-07-14,9886.349609375,-0.0005410630593885717,11.170000076293945,5.5,6.58302,0.30123999999999995,1.0830389642991545,-0.585805093018332,0.8952551477170889,Bull,0.0,5.1818644475576196e-30,0.9999999998981366,1.0384634889305395e-10
2017-07-17,9915.9501953125,0.0029896131536668747,11.460000038146973,5.5,6.58302,0.30123999999999995,1.0830389642991545,-0.585805093018332,0.8952551477170889,Bull,1.0,3.613818215868925e-43,3.443935120026563e-14,1.1962207084987312e-30
2017-07-18,9827.150390625,-0.008995588419495522,11.489999771118164,5.5,6.58302,0.30123999999999995,1.0830389642991545,-0.585805093018332,0.8952551477170889,HighVol,0.0,2.3093146638087775e-32,0.999999999992724,7.851759209645874e-12
2017-07-19,9899.599609375,0.007345309743460549,11.260000228881836,5.5,6.58302,0.30123999999999995,1.0830389642991545,-0.585805093018332,0.8952551477170889,HighVol,0.0,3.3553208608203633e-34,1.0,4.448933259057971e-14
2017-07-20,9873.2998046875,-0.002660188538483533,11.319999694824219,5.5,6.58302,0.30123999999999995,1.0830389642991545,-0.585805093018332,0.8952551477170889,HighVol,0.0,1.6490815562678126e-34,1.0,2.6930032725967647e-14
2017-07-21,9915.25,0.004239851688892752,11.09000015258789,5.5,6.58302,0.30123999999999995,1.0830389642991545,-0.585805093018332,0.8952551477170889,HighVol,0.0,2.3957239878754763e-32,1.0,9.413561665861173e-13
2017-07-24,9966.400390625,0.005145498736317388,11.3100004196167,5.5,6.58302,0.30123999999999995,1.0830389642991545,-0.585805093018332,0.8952551477170889,HighVol,1.0,8.878486096530213e-43,1.111105004481348e-13,3.1329724844548087e-30
2017-07-25,9964.5498046875,-0.00018569972075426088,10.90999984741211,5.5,6.58302,0.30123999999999995,1.0830389642991545,-0.585805093018332,0.8952551477170889,HighVol,0.0,2.8028174220702193e-30,0.9999999999636202,3.747182980335008e-11
2017-07-26,10020.650390625,0.005614227803035337,11.170000076293945,5.5,6.58302,0.30123999999999995,1.0830389642991545,-0.585805093018332,0.8952551477170889,Bull,1.0,3.3815576034898862e-43,3.05214741547833e-14,5.840202017944823e-31
2017-07-27,10020.5498046875,-1.0037915545995924e-05,11.220000267028809,5.5,6.58302,0.30123999999999995,1.0830389642991545,-0.585805093018332,0.8952551477170889,Bull,0.0,3.4008971452296146e-32,1.0,6.253470563394441e-13
2017-07-28,10014.5,-0.0006039221195206731,11.140000343322754,5.5,6.58302,0.30123999999999995,1.0830389642991545,-0.585805093018332,0.8952551477170889,Bull,0.0,3.2765632497359955e-32,1.0,6.45822300482155e-13
2017-07-31,10077.099609375,0.006231441314613235,11.899999618530273,5.5,6.58302,0.30123999999999995,1.0830389642991545,-0.585805093018332,0.8952551477170889,Bull,1.0,6.761801744500393e-43,1.1287717106276024e-15,4.305711868226824e-31
2017-08-01,10114.650390625,0.003719422490879323,11.90999984741211,5.5,6.54905,0.34787500000000016,1.785755965668523,0.176958777076397,1.878354203935606,Bull,1.0,1.7354458233050245e-21,5.046609364192669e-14,1.1047691143868158e-27
2017-08-02,10081.5,-0.0032828454686495033,11.9399995803833,5.5,6.54905,0.34787500000000016,1.785755965668523,0.176958777076397,1.878354203935606,HighVol,0.0,8.434651061061309e-13,0.9999999999708962,2.6717521351642058e-11
2017-08-03,10013.650390625,-0.006752859858295522,11.640000343322754,5.5,6.54905,0.34787500000000016,1.785755965668523,0.176958777076397,1.878354203935606,HighVol,0.0,8.034988211123516e-15,1.0,8.841348453096644e-13
2017-08-04,10066.400390625,0.005253982862758577,11.390000343322754,5.5,6.54905,0.34787500000000016,1.785755965668523,0.176958777076397,1.878354203935606,HighVol,0.0,1.0687131663956239e-14,1.0,6.865362211698634e-13
2017-08-07,10057.400390625,-0.0008944632972548343,11.899999618530273,5.5,6.54905,0.34787500000000016,1.785755965668523,0.176958777076397,1.878354203935606,HighVol,0.0,9.256726653269889e-15,1.0,7.37493708722224e-13
2017-08-08,9978.5498046875,-0.007870951189924851,12.770000457763672,5.5,6.54905,0.34787500000000016,1.785755965668523,0.176958777076397,1.878354203935606,HighVol,0.0,2.0708501250318215e-14,0.999999999992724,8.897939376862043e-12
2017-08-09,9908.0498046875,-0.007090231284273741,13.449999809265137,5.5,6.54905,0.34787500000000016,1.785755965668523,0.176958777076397,1.878354203935606,HighVol,0.0,2.8389649274938318e-14,0.9999999999781721,2.4721292137771457e-11
2017-08-10,9820.25,-0.008900958038211523,13.800000190734863,5.5,6.54905,0.34787500000000016,1.785755965668523,0.176958777076397,1.878354203935606,HighVol,0.0,4.414478062516477e-14,0.9999999999272404,7.243589667793847e-11
2017-08-11,9710.7998046875,-0.01120793220489222,15.199999809265137,5.5,6.54905,0.34787500000000016,1.785755965668523,0.176958777076397,1.878354203935606,HighVol,0.0,1.5887347550575483e-13,0.9999999996362021,3.6334305541373896e-10
2017-08-14,9794.150390625,0.008546660459731773,14.380000114440918,5.5,6.54905,0.34787500000000016,1.785755965668523,0.176958777076397,1.878354203935606,HighVol,0.0,8.784999347047411e-14,0.9999999998035491,1.9781200555796023e-10
2017-08-16,9897.2998046875,0.010476664391422662,14.239999771118164,5.5,6.54905,0.34787500000000016,1.785755965668523,0.176958777076397,1.878354203935606,HighVol,0.0,4.108760658161431e-14,0.9999999999345164,6.23700911642213e-11
2017-08-17,9904.150390625,0.0006919277268328227,14.34000015258789,5.5,6.54905,0.34787500000000016,1.785755965668523,0.176958777076397,1.878354203935606,HighVol,0.0,3.843242113617797e-14,0.9999999999417923,5.604827165171268e-11
2017-08-18,9837.400390625,-0.006762412448120804,14.569999694824219,5.5,6.54905,0.34787500000000016,1.785755965668523,0.176958777076397,1.878354203935606,HighVol,0.0,4.202250540754754e-14,0.9999999999054126,9.633071106165644e-11
2017-08-21,9754.349609375,-0.008478188903126932,14.819999694824219,5.5,6.54905,0.34787500000000016,1.785755965668523,0.176958777076397,1.878354203935606,HighVol,0.0,3.9667359344533895e-14,0.9999999998908606,1.0830331764505842e-10
2017-08-22,9765.5498046875,0.0011475670344457027,14.109999656677246,5.5,6.54905,0.34787500000000016,1.785755965668523,0.176958777076397,1.878354203935606,HighVol,0.0,2.2516637451705116e-14,0.9999999999490683,5.062786238342675e-11
2017-08-23,9852.5,0.008864363739937172,13.180000305175781,5.5,6.54905,0.34787500000000016,1.785755965668523,0.176958777076397,1.878354203935606,HighVol,0.0,2.2956543020512468e-14,0.9999999999563443,4.206920632479754e-11
2017-08-24,9857.0498046875,0.0004616853061997081,12.569999694824219,5.5,6.54905,0.34787500000000016,1.785755965668523,0.176958777076397,1.878354203935606,HighVol,0.0,2.4659054552788403e-14,0.9999999999563443,4.27908854088709e-11
2017-08-28,9912.7998046875,0.005639916223863896,12.640000343322754,5.5,6.54905,0.34787500000000016,1.785755965668523,0.176958777076397,1.878354203935606,HighVol,0.0,2.851294171363901e-14,0.9999999999636202,3.295278712925511e-11
2017-08-29,9796.0498046875,-0.011847608353940924,13.539999961853027,5.5,6.54905,0.34787500000000016,1.785755965668523,0.176958777076397,1.878354203935606,HighVol,0.0,3.8099036540783903e-14,0.9999999998908606,1.0798279122672783e-10
2017-08-30,9884.400390625,0.0089785730092648,12.890000343322754,5.5,6.54905,0.34787500000000016,1.785755965668523,0.176958777076397,1.878354203935606,HighVol,0.0,4.770799502775925e-14,0.9999999999272404,7.453853505648242e-11
2017-08-31,9917.900390625,0.0033834484516002566,11.949999809265137,5.5,6.54905,0.34787500000000016,1.785755965668523,0.176958777076397,1.878354203935606,HighVol,0.0,6.131496317664273e-14,0.9999999999199645,8.24572739258647e-11
2017-09-01,9974.400390625,0.005680605029627355,11.680000305175781,5.5,6.6025,0.46335000000000015,2.518064086602312,3.74147431327316,3.237410071942448,HighVol,0.0,1.2269302672246287e-11,0.9999999972642399,2.722461721661322e-09
2017-09-04,9912.849609375,-0.006189993868598528,13.170000076293945,5.5,6.6025,0.46335000000000015,2.518064086602312,3.74147431327316,3.237410071942448,HighVol,0.0,5.188012784209018e-12,0.9999999971623765,2.83420264277487e-09
2017-09-05,9952.2001953125,0.003961795997934277,12.890000343322754,5.5,6.6025,0.46335000000000015,2.518064086602312,3.74147431327316,3.237410071942448,HighVol,0.0,8.498925162925797e-12,0.999999997591658,2.3976983756356014e-09
2017-09-06,9916.2001953125,-0.0036238487939692175,13.119999885559082,5.5,6.6025,0.46335000000000015,2.518064086602312,3.74147431327316,3.237410071942448,HighVol,0.0,5.86915769674122e-12,0.9999999966967152,3.2956252608097144e-09
2017-09-07,9929.900390625,0.001380643762176384,13.010000228881836,5.5,6.6025,0.46335000000000015,2.518064086602312,3.74147431327316,3.237410071942448,HighVol,0.0,5.182742173570442e-12,0.9999999973442755,2.6481079875699347e-09
2017-09-08,9934.7998046875,0.0004932784400140928,12.960000038146973,5.5,6.6025,0.46335000000000015,2.518064086602312,3.74147431327316,3.237410071942448,HighVol,0.0,5.24398187596138e-12,0.9999999974388629,2.554000352835955e-09
2017-09-11,10006.0498046875,0.007146165244692658,12.359999656677246,5.5,6.6025,0.46335000000000015,2.518064086602312,3.74147431327316,3.237410071942448,HighVol,0.0,1.5620231644286666e-11,0.9999999950814527,4.901706569604537e-09
2017-09-12,10093.0498046875,0.008657158285843384,11.760000228881836,5.5,6.6025,0.46335000000000015,2.518064086602312,3.74147431327316,3.237410071942448,HighVol,0.0,5.1205135645941204e-11,0.9999999962965376,3.6505193073309148e-09
2017-09-13,10079.2998046875,-0.0013632524119145414,11.760000228881836,5.5,6.6025,0.46335000000000015,2.518064086602312,3.74147431327316,3.237410071942448,HighVol,0.0,3.807667595459871e-11,0.9999999959618435,4.0030612337805044e-09
2017-09-14,10086.599609375,0.0007239751479918529,11.470000267028809,5.5,6.6025,0.46335000000000015,2.518064086602312,3.74147431327316,3.237410071942448,HighVol,0.0,3.1632736560127026e-11,0.9999999961582944,3.807070861980779e-09
2017-09-15,10085.400390625,-0.0001188993408102696,11.680000305175781,5.5,6.6025,0.46335000000000015,2.518064086602312,3.74147431327316,3.237410071942448,HighVol,0.0,2.6511217491173093e-09,0.9999997721825171,2.2516944344548733e-07
2017-09-18,10153.099609375,0.006690166885736892,11.4399995803833,5.5,6.6025,0.46335000000000015,2.518064086602312,3.74147431327316,3.237410071942448,Bull,0.999999999992724,5.139050511210384e-18,5.126643478011352e-12,2.0273225281053345e-23
2017-09-19,10147.5498046875,-0.0005467613092135457,11.470000267028809,5.5,6.6025,0.46335000000000015,2.518064086602312,3.74147431327316,3.237410071942448,Bull,0.0,2.3153612248876467e-09,0.9999998573184814,1.4036790385430356e-07
2017-09-20,10141.150390625,-0.000630835313560427,11.630000114440918,5.5,6.6025,0.46335000000000015,2.518064086602312,3.74147431327316,3.237410071942448,Bull,0.0,2.1378112497999697e-11,0.9999999977444531,2.2339481046615606e-09
2017-09-21,10121.900390625,-0.001900010615274047,11.630000114440918,5.5,6.6025,0.46335000000000015,2.518064086602312,3.74147431327316,3.237410071942448,Bull,0.0,1.3136509480312771e-11,0.9999999974679668,2.519912308551107e-09
2017-09-22,9964.400390625,-0.01568265154818977,12.8100004196167,5.5,6.6025,0.46335000000000015,2.518064086602312,3.74147431327316,3.237410071942448,Bull,0.0,1.2286287789752387e-11,0.9999999843857951,1.5602684169202894e-08
2017-09-25,9872.599609375,-0.009255576609087487,13.34000015258789,5.5,6.6025,0.46335000000000015,2.518064086602312,3.74147431327316,3.237410071942448,HighVol,0.0,2.5347206757422298e-11,0.9999999435676743,5.640531710812988e-08
2017-09-26,9871.5,-0.00011138612526191736,12.930000305175781,5.5,6.6025,0.46335000000000015,2.518064086602312,3.74147431327316,3.237410071942448,HighVol,0.0,2.3455722411184013e-11,0.9999999536012194,4.6372617181927855e-08
2017-09-27,9735.75,-0.013847140123069935,13.859999656677246,5.5,6.6025,0.46335000000000015,2.518064086602312,3.74147431327316,3.237410071942448,HighVol,0.0,7.076598389463252e-11,0.9999997620689384,2.378615465688078e-07
2017-09-28,9768.9501953125,0.0034043309606841105,13.170000076293945,5.5,6.6025,0.46335000000000015,2.518064086602312,3.74147431327316,3.237410071942448,HighVol,0.0,4.790109113513182e-11,0.9999998428466038,1.5710596265837616e-07
2017-09-29,9788.599609375,0.0020093949262780385,12.489999771118164,5.5,6.6025,0.46335000000000015,2.518064086602312,3.74147431327316,3.237410071942448,HighVol,0.0,2.340576217692875e-11,0.9999999081192115,9.185748444407594e-08
2017-10-03,9859.5,0.00721705404356513,12.460000038146973,5.5,6.72384,0.6239999999999997,2.8881353628831707,4.38430838966175,3.1418312387791802,HighVol,0.0,1.0293906805351219e-10,0.9999998563362272,1.4355938968038586e-07
2017-10-04,9914.900390625,0.005603258200374948,11.800000190734863,5.5,6.72384,0.6239999999999997,2.8881353628831707,4.38430838966175,3.1418312387791802,HighVol,0.0,1.1836034835990508e-10,0.9999998853236386,1.1455791362329344e-07
2017-10-05,9888.7001953125,-0.0026460047490028745,11.710000038146973,5.5,6.72384,0.6239999999999997,2.8881353628831707,4.38430838966175,3.1418312387791802,HighVol,0.0,1.493170728388835e-10,0.9999998791609033,1.2069159289732578e-07
2017-10-06,9979.7001953125,0.009160338481321154,11.119999885559082,5.5,6.72384,0.6239999999999997,2.8881353628831707,4.38430838966175,3.1418312387791802,HighVol,0.0,2.716059901321854e-10,0.9999999032443203,9.64839927740716e-08
2017-10-09,9988.75,0.0009064103842389305,11.390000343322754,5.5,6.72384,0.6239999999999997,2.8881353628831707,4.38430838966175,3.1418312387791802,HighVol,0.0,2.0693800901233258e-10,0.9999999199208137,7.987585899628048e-08
2017-10-10,10016.9501953125,0.0028192178944088774,11.109999656677246,5.5,6.72384,0.6239999999999997,2.8881353628831707,4.38430838966175,3.1418312387791802,HighVol,0.0,2.6798620510982934e-10,0.9999997574850862,2.4224949460226807e-07
2017-10-11,9984.7998046875,-0.00321476053982032,11.729999542236328,5.5,6.72384,0.6239999999999997,2.8881353628831707,4.38430838966175,3.1418312387791802,HighVol,0.0,1.680647921407637e-10,0.9999995879771572,4.118546709276295e-07
2017-10-12,10096.400390625,0.011115046293774924,11.039999961853027,5.5,6.72384,0.6239999999999997,2.8881353628831707,4.38430838966175,3.1418312387791802,HighVol,0.0,5.066357231167093e-08,0.9999873894989155,1.2559840105050648e-05
2017-10-13,10167.4501953125,0.007012497012134821,11.260000228881836,5.5,6.72384,0.6239999999999997,2.8881353628831707,4.38430838966175,3.1418312387791802,Bull,1.0,4.482678160686973e-16,3.683353751702758e-13,3.3665934745441134e-21
2017-10-16,10230.849609375,0.006216166917771876,11.3100004196167,5.5,6.72384,0.6239999999999997,2.8881353628831707,4.38430838966175,3.1418312387791802,Bull,1.0,7.751600198642083e-16,5.874504108799234e-15,2.618684193848309e-21
2017-10-17,10234.4501953125,0.0003518722920273383,11.609999656677246,5.5,6.72384,0.6239999999999997,2.8881353628831707,4.38430838966175,3.1418312387791802,Bull,1.0,3.2698448976050446e-16,3.8657528314790216e-13,2.36076076093094e-21
2017-10-18,10210.849609375,-0.0023086574073600593,11.539999961853027,5.5,6.72384,0.6239999999999997,2.8881353628831707,4.38430838966175,3.1418312387791802,Bull,0.0,2.9546821128890015e-08,0.9999945934324114,5.377018097635813e-06
2017-10-19,10146.5498046875,-0.006317115188263494,12.399999618530273,5.5,6.72384,0.6239999999999997,2.8881353628831707,4.38430838966175,3.1418312387791802,Bull,0.0,1.5835920881101269e-10,0.9999998107523603,1.890858612089846e-07
2017-10-23,10184.849609375,0.003767556695072139,12.329999923706055,5.5,6.72384,0.6239999999999997,2.8881353628831707,4.38430838966175,3.1418312387791802,HighVol,0.0,1.6191897917323034e-10,0.9999998546773091,1.4516116230409864e-07
2017-10-24,10207.7001953125,0.002241072913402321,11.59000015258789,5.5,6.72384,0.6239999999999997,2.8881353628831707,4.38430838966175,3.1418312387791802,HighVol,0.0,2.4955792010054634e-08,0.9999936625082049,6.312533514605569e-06
2017-10-25,10295.349609375,0.008549942456258083,11.760000228881836,5.5,6.72384,0.6239999999999997,2.8881353628831707,4.38430838966175,3.1418312387791802,HighVol,1.0,1.450979759835643e-15,1.348719836928724e-12,8.947455255512205e-21
2017-10-26,10343.7998046875,0.004694988474485417,11.619999885559082,5.5,6.72384,0.6239999999999997,2.8881353628831707,4.38430838966175,3.1418312387791802,HighVol,1.0,4.2179413786637416e-16,4.427097819932797e-13,2.5374604003158507e-21
2017-10-27,10323.0498046875,-0.0020080474155119445,11.479999542236328,5.5,6.72384,0.6239999999999997,2.8881353628831707,4.38430838966175,3.1418312387791802,HighVol,0.0,5.863089902621801e-06,0.9997095735120941,0.0002845633990813524
2017-10-30,10363.650390625,0.003925288971653147,12.109999656677246,5.5,6.72384,0.6239999999999997,2.8881353628831707,4.38430838966175,3.1418312387791802,Bull,0.9999999999854481,3.0896251301167105e-16,1.6389359494753022e-11,2.11574685074914e-21
2017-10-31,10335.2998046875,-0.0027393276855447964,12.4399995803833,5.5,6.72384,0.6239999999999997,2.8881353628831707,4.38430838966175,3.1418312387791802,Bull,0.0,3.629239346849922e-06,0.999686771855374,0.0003095989086263366
2017-11-01,10440.5,0.010127272636955603,12.140000343322754,5.5,6.94395,0.8565000000000005,3.2374303672247473,1.66262765080434,3.6771300448430466,Bull,0.999999999992724,1.5331716027589154e-14,4.759047814931114e-12,1.8500255279614092e-20
2017-11-02,10423.7998046875,-0.001600839619376669,12.010000228881836,5.5,6.94395,0.8565000000000005,3.2374303672247473,1.66262765080434,3.6771300448430466,Bull,0.0,0.000512935519290422,0.9963677787422904,0.003119285735005514
2017-11-03,10452.5,0.002749549839980272,11.90999984741211,5.5,6.94395,0.8565000000000005,3.2374303672247473,1.66262765080434,3.6771300448430466,Bull,0.999999999992724,1.3790435422995842e-14,5.337865858031467e-12,1.657507512182751e-20
2017-11-06,10451.7998046875,-6.699055402996047e-05,13.020000457763672,5.5,6.94395,0.8565000000000005,3.2374303672247473,1.66262765080434,3.6771300448430466,HighVol,0.0,6.275498685347312e-06,0.9998646818598776,0.0001290426392468729
2017-11-07,10350.150390625,-0.009773143593572503,13.239999771118164,5.5,6.94395,0.8565000000000005,3.2374303672247473,1.66262765080434,3.6771300448430466,HighVol,0.0,6.191024179181891e-08,0.9999605835602358,3.935452712975215e-05
2017-11-08,10303.150390625,-0.004551338464517429,13.609999656677246,5.5,6.94395,0.8565000000000005,3.2374303672247473,1.66262765080434,3.6771300448430466,HighVol,0.0,5.312020082137504e-08,0.9999695492713451,3.0397611935890002e-05
2017-11-09,10308.9501953125,0.0005627572809849458,13.270000457763672,5.5,6.94395,0.8565000000000005,3.2374303672247473,1.66262765080434,3.6771300448430466,HighVol,0.0,4.026939011302522e-08,0.999972135566034,2.7824161577914134e-05
2017-11-10,10321.75,0.0012408504033945,13.479999542236328,5.5,6.94395,0.8565000000000005,3.2374303672247473,1.66262765080434,3.6771300448430466,HighVol,0.0,4.0161097324826983e-08,0.9999470709264533,5.2888912723275715e-05
2017-11-13,10224.9501953125,-0.009422488277922888,14.050000190734863,5.5,6.94395,0.8565000000000005,3.2374303672247473,1.66262765080434,3.6771300448430466,HighVol,0.0,6.712036017356421e-08,0.9998491674454774,0.00015076543161634143
2017-11-14,10186.599609375,-0.003757738283689395,14.170000076293945,5.5,6.94395,0.8565000000000005,3.2374303672247473,1.66262765080434,3.6771300448430466,HighVol,0.0,6.151039393582771e-08,0.9997746323411897,0.00022530614702615507
2017-11-15,10118.0498046875,-0.0067521545169891405,14.270000457763672,5.5,6.94395,0.8565000000000005,3.2374303672247473,1.66262765080434,3.6771300448430466,HighVol,0.0,7.855573202330994e-08,0.9997509815512983,0.00024893989419911135
2017-11-16,10214.75,0.009511815914835575,13.460000038146973,5.5,6.94395,0.8565000000000005,3.2374303672247473,1.66262765080434,3.6771300448430466,HighVol,0.0,3.935313153423593e-08,0.9998670805595924,0.00013288008826871887
2017-11-17,10283.599609375,0.006717601133431633,13.710000038146973,5.5,6.94395,0.8565000000000005,3.2374303672247473,1.66262765080434,3.6771300448430466,HighVol,0.0,3.224712748041825e-08,0.9999482294092588,5.173834497263521e-05
2017-11-20,10298.75,0.001472173357154509,13.430000305175781,5.5,6.94395,0.8565000000000005,3.2374303672247473,1.66262765080434,3.6771300448430466,HighVol,0.0,3.039795724819325e-08,0.9999786539724494,2.131562728642563e-05
2017-11-21,10326.900390625,0.0027296504663746014,13.720000267028809,5.5,6.94395,0.8565000000000005,3.2374303672247473,1.66262765080434,3.6771300448430466,HighVol,0.0,3.741312057849658e-08,0.9999870755817322,1.2887005145675322e-05
2017-11-22,10342.2998046875,0.0014900834832817704,14.039999961853027,5.5,6.94395,0.8565000000000005,3.2374303672247473,1.66262765080434,3.6771300448430466,HighVol,0.0,5.968634533685126e-08,0.9999882907317224,1.164958065740249e-05
2017-11-23,10348.75,0.0006234768735595227,13.869999885559082,5.5,6.94395,0.8565000000000005,3.2374303672247473,1.66262765080434,3.6771300448430466,HighVol,0.0,2.8047857516476422e-08,0.9999877177423818,1.2254209620686079e-05
2017-11-24,10389.7001953125,0.003949210104835523,13.510000228881836,5.5,6.94395,0.8565000000000005,3.2374303672247473,1.66262765080434,3.6771300448430466,HighVol,0.0,2.4222868903045246e-08,0.999958449222651,4.15265563713337e-05
2017-11-27,10399.5498046875,0.0009475676238426342,13.029999732971191,5.5,6.94395,0.8565000000000005,3.2374303672247473,1.66262765080434,3.6771300448430466,HighVol,0.0,4.103514156073963e-08,0.9996085462920528,0.00039141267635823683
2017-11-28,10370.25,-0.0028213872448567432,13.149999618530273,5.5,6.94395,0.8565000000000005,3.2374303672247473,1.66262765080434,3.6771300448430466,HighVol,0.0,1.504881723074986e-07,0.9955799875383794,0.0044198619703069856
2017-11-29,10361.2998046875,-0.0008634372203591307,13.0600004196167,5.5,6.94395,0.8565000000000005,3.2374303672247473,1.66262765080434,3.6771300448430466,HighVol,0.0,1.1003146747958331e-06,0.9580327913587308,0.04196610832490671
2017-11-30,10226.5498046875,-0.013090432150481796,13.550000190734863,5.5,6.94395,0.8565000000000005,3.2374303672247473,1.66262765080434,3.6771300448430466,HighVol,0.0,3.4790932198409664e-06,0.6320465198632225,0.36795000104634495
2017-12-01,10121.7998046875,-0.010295766224326257,14.800000190734863,5.5,7.16575,1.0576499999999998,3.971174327182325,10.1469600157905,4.021447721179627,Sideways,0.0,6.609567300888344e-06,0.03461810382736353,0.9653752866041502
2017-12-04,10127.75,0.0005876866933977984,14.859999656677246,5.5,7.16575,1.0576499999999998,3.971174327182325,10.1469600157905,4.021447721179627,Sideways,0.0,4.3192577759390637e-07,0.0018896957100254072,0.998109872364121
2017-12-05,10118.25,-0.000938457048031478,15.010000228881836,5.5,7.16575,1.0576499999999998,3.971174327182325,10.1469600157905,4.021447721179627,Sideways,0.0,4.1687240354039574e-08,5.753516159460991e-05,0.9999424231487519
2017-12-06,10044.099609375,-0.007355365457362713,15.09000015258789,5.5,7.16575,1.0576499999999998,3.971174327182325,10.1469600157905,4.021447721179627,Sideways,0.0,2.867575879941087e-08,1.4934386178853218e-06,0.9999984778853774
2017-12-07,10166.7001953125,0.012132334291871919,14.270000457763672,5.5,7.16575,1.0576499999999998,3.971174327182325,10.1469600157905,4.021447721179627,Sideways,0.0,3.231077448577597e-08,2.1293871843728165e-06,0.9999978383007774
2017-12-08,10265.650390625,0.009685715646246356,13.670000076293945,5.5,7.16575,1.0576499999999998,3.971174327182325,10.1469600157905,4.021447721179627,Sideways,0.0,7.603501934729884e-08,4.193347743362336e-06,0.999995730615429
2017-12-11,10322.25,0.005498351059959995,14.149999618530273,5.5,7.16575,1.0576499999999998,3.971174327182325,10.1469600157905,4.021447721179627,Sideways,0.0,1.5000759516626808e-07,6.083781546733652e-06,0.9999937662117769
2017-12-12,10240.150390625,-0.007985453457626933,15.260000228881836,5.5,7.16575,1.0576499999999998,3.971174327182325,10.1469600157905,4.021447721179627,Sideways,0.0,6.299391456365615e-08,3.3275973143856803e-06,0.9999966094094999
2017-12-13,10192.9501953125,-0.0046199820794001496,15.949999809265137,5.5,7.16575,1.0576499999999998,3.971174327182325,10.1469600157905,4.021447721179627,Sideways,0.0,5.69987842896511e-08,3.843015966802936e-06,0.9999960999851845
2017-12-14,10252.099609375,0.005786200538018408,16.40999984741211,5.5,7.16575,1.0576499999999998,3.971174327182325,10.1469600157905,4.021447721179627,Sideways,0.0,5.855426598687334e-08,3.0949434353562745e-05,0.9999689920083245
2017-12-15,10333.25,0.007884326721783314,14.9399995803833,5.5,7.16575,1.0576499999999998,3.971174327182325,10.1469600157905,4.021447721179627,Sideways,0.0,3.0266082586589337e-07,0.0004063427884202721,0.9995933545474708
2017-12-18,10388.75,0.005356638616709943,13.119999885559082,5.5,7.16575,1.0576499999999998,3.971174327182325,10.1469600157905,4.021447721179627,Sideways,0.0,5.313270588174061e-05,0.0029458300411633743,0.9970010372500318
2017-12-19,10463.2001953125,0.007140867974318959,12.1899995803833,5.5,7.16575,1.0576499999999998,3.971174327182325,10.1469600157905,4.021447721179627,Bull,1.0,1.4639020522089842e-13,1.170459536710578e-15,1.0470446297710003e-14
2017-12-20,10444.2001953125,-0.0018175387542658723,12.1899995803833,5.5,7.16575,1.0576499999999998,3.971174327182325,10.1469600157905,4.021447721179627,Bull,0.0,0.000604755991700352,0.2878557706605193,0.7115394733485936
2017-12-21,10440.2998046875,-0.00037352013889224483,12.09000015258789,5.5,7.16575,1.0576499999999998,3.971174327182325,10.1469600157905,4.021447721179627,Bull,0.0,0.0005876867648914078,0.2873923864488294,0.712019926789595
2017-12-22,10493.0,0.0050350692095142814,11.59000015258789,5.5,7.16575,1.0576499999999998,3.971174327182325,10.1469600157905,4.021447721179627,Bull,1.0,1.3184813483839926e-13,3.0461420350175497e-15,3.958107513652696e-17
2017-12-26,10531.5,0.0036623979675021196,12.050000190734863,5.5,7.16575,1.0576499999999998,3.971174327182325,10.1469600157905,4.021447721179627,Bull,1.0,1.175926211459454e-13,3.4601929785715876e-15,5.26294375765579e-17
2017-12-27,10490.75,-0.0038768496273459364,12.489999771118164,5.5,7.16575,1.0576499999999998,3.971174327182325,10.1469600157905,4.021447721179627,Sideways,0.0,4.944065209282323e-05,0.17900759225652985,0.8209429670947713
2017-12-28,10477.900390625,-0.0012256021006669842,12.300000190734863,5.5,7.16575,1.0576499999999998,3.971174327182325,10.1469600157905,4.021447721179627,Sideways,0.0,9.230823280346774e-07,0.1743007003879275,0.8256983765268379
2017-12-29,10530.7001953125,0.005026504801246669,12.670000076293945,5.5,7.16575,1.0576499999999998,3.971174327182325,10.1469600157905,4.021447721179627,Sideways,0.0,1.0919841251127646e-06,0.17484962594906034,0.8251492820633497
2018-01-03,10443.2001953125,9.576067320342099e-05,13.619999885559082,5.5,7.35076,1.1847400000000006,4.000057036389215,8.77332875466674,3.5810205908684,Sideways,0.0,9.217165641046391e-07,0.1767955819041196,0.8232034963789789
2018-01-04,10504.7998046875,0.005881209368789884,13.420000076293945,5.5,7.35076,1.1847400000000006,4.000057036389215,8.77332875466674,3.5810205908684,Sideways,0.0,8.18331551025927e-05,0.18460073567135976,0.8153174311729052
2018-01-05,10558.849609375,0.005132056867763014,13.109999656677246,5.5,7.35076,1.1847400000000006,4.000057036389215,8.77332875466674,3.5810205908684,Bull,1.0,5.457405748149067e-13,2.5320838474743003e-14,1.7710078591330358e-16
2018-01-08,10623.599609375,0.006113570815585057,13.739999771118164,5.5,7.35076,1.1847400000000006,4.000057036389215,8.77332875466674,3.5810205908684,Bull,1.0,3.8594249608143657e-13,1.8519956314548265e-15,3.0914659227568097e-19
2018-01-09,10637.0,0.001260584616212523,13.850000381469727,5.5,7.35076,1.1847400000000006,4.000057036389215,8.77332875466674,3.5810205908684,Bull,1.0,1.927352968240159e-13,4.345442529823517e-14,1.2076273684872343e-17
2018-01-10,10632.2001953125,-0.0004513385294137436,14.039999961853027,5.5,7.35076,1.1847400000000006,4.000057036389215,8.77332875466674,3.5810205908684,Bull,0.0,0.0043629100536914335,0.8830856348647289,0.11255145508041108
2018-01-11,10651.2001953125,0.0017854294613236375,14.010000228881836,5.5,7.35076,1.1847400000000006,4.000057036389215,8.77332875466674,3.5810205908684,Bull,1.0,8.903051693766554e-14,2.6329199236619547e-14,5.3079257235875335e-18
2018-01-12,10681.25,0.0028172876803263624,13.729999542236328,5.5,7.35076,1.1847400000000006,4.000057036389215,8.77332875466674,3.5810205908684,Bull,1.0,8.880465836597989e-14,9.434931893774192e-16,1.3891175333355255e-19
2018-01-15,10741.5498046875,0.005629512900836509,14.3100004196167,5.5,7.35076,1.1847400000000006,4.000057036389215,8.77332875466674,3.5810205908684,Bull,1.0,7.938439267758509e-14,2.9330979230046683e-14,5.884607352483982e-18
2018-01-16,10700.4501953125,-0.00383356587156863,14.09000015258789,5.5,7.35076,1.1847400000000006,4.000057036389215,8.77332875466674,3.5810205908684,HighVol,0.0,0.0023925085981842207,0.8722192644635068,0.125388226938059
2018-01-17,10788.5498046875,0.00819955353642979,13.859999656677246,5.5,7.35076,1.1847400000000006,4.000057036389215,8.77332875466674,3.5810205908684,HighVol,1.0,5.449416387262253e-14,1.8047813202949285e-14,3.357300448073706e-18
2018-01-18,10817.0,0.002633602200690908,13.960000038146973,5.5,7.35076,1.1847400000000006,4.000057036389215,8.77332875466674,3.5810205908684,HighVol,1.0,5.928514374685475e-14,5.788171264503411e-16,7.511065180387861e-20
2018-01-19,10894.7001953125,0.007157479729840962,13.979999542236328,5.5,7.35076,1.1847400000000006,4.000057036389215,8.77332875466674,3.5810205908684,HighVol,1.0,6.948663933475026e-14,4.711566159650436e-16,6.109762275726504e-20
2018-01-22,10966.2001953125,0.006541382438729125,15.390000343322754,5.5,7.35076,1.1847400000000006,4.000057036389215,8.77332875466674,3.5810205908684,HighVol,1.0,5.6389186520749343e-14,2.867401990274924e-16,3.5760621899972837e-20
2018-01-23,11083.7001953125,0.010657745398174344,16.229999542236328,5.5,7.35076,1.1847400000000006,4.000057036389215,8.77332875466674,3.5810205908684,Bull,1.0,9.255231446203268e-14,1.0810737431384112e-16,1.7395328135193766e-20
2018-01-24,11086.0,0.000207472782716017,18.040000915527344,5.5,7.35076,1.1847400000000006,4.000057036389215,8.77332875466674,3.5810205908684,Bull,1.0,1.791859032349994e-13,4.45921831683122e-15,9.241129281696204e-19
2018-01-25,11069.650390625,-0.0014758864718050037,17.510000228881836,5.5,7.35076,1.1847400000000006,4.000057036389215,8.77332875466674,3.5810205908684,Bull,0.0,0.01147707198290022,0.8850052314366293,0.10351769658125431
2018-01-29,11130.400390625,0.00547297411504586,17.889999389648438,5.5,7.35076,1.1847400000000006,4.000057036389215,8.77332875466674,3.5810205908684,Bull,1.0,1.216417686017451e-13,8.662793657160459e-15,2.118902381614294e-16
2018-01-30,11049.650390625,-0.007281350035077295,16.420000076293945,5.5,7.35076,1.1847400000000006,4.000057036389215,8.77332875466674,3.5810205908684,Bull,0.0,0.00010444187246018659,0.0348046500754556,0.9650909080542125
2018-01-31,11027.7001953125,-0.0019884815852113905,15.930000305175781,5.5,7.35076,1.1847400000000006,4.000057036389215,8.77332875466674,3.5810205908684,Sideways,0.0,2.1036410678047457e-06,0.01854643161837586,0.981451464741498
2018-02-01,11016.900390625,-0.000979814128127614,14.109999656677246,5.5,7.219725,0.884125,5.109551727592332,8.28606808282954,3.0195381882770933,Sideways,0.0,1.0854544351457102e-06,0.006577848562906072,0.9934210659852457
2018-02-02,10760.599609375,-0.023539213933076866,15.25,5.5,7.219725,0.884125,5.109551727592332,8.28606808282954,3.0195381882770933,Sideways,0.0,1.5996664359687312e-07,0.00015121332046077858,0.9998486267125425
2018-02-05,10666.5498046875,-0.00877862069830589,16.049999237060547,5.5,7.219725,0.884125,5.109551727592332,8.28606808282954,3.0195381882770933,Sideways,0.0,6.577327614041838e-08,1.4494451506308116e-06,0.9999984847829748
2018-02-06,10498.25,-0.01590408165467595,20.020000457763672,5.5,7.219725,0.884125,5.109551727592332,8.28606808282954,3.0195381882770933,Sideways,0.0,4.890063017010813e-08,2.6728559419837898e-08,0.9999999243736994
2018-02-07,10476.7001953125,-0.0020548141539544224,19.469999313354492,5.5,7.219725,0.884125,5.109551727592332,8.28606808282954,3.0195381882770933,Sideways,0.0,4.7761344134859746e-08,2.61221063721096e-08,0.9999999261199292
2018-02-08,10576.849609375,0.009513851145813865,17.770000457763672,5.5,7.219725,0.884125,5.109551727592332,8.28606808282954,3.0195381882770933,Sideways,0.0,3.52213760608166e-08,6.154999604008944e-08,0.9999999032297684
2018-02-09,10454.9501953125,-0.0115920444485001,19.229999542236328,5.5,7.219725,0.884125,5.109551727592332,8.28606808282954,3.0195381882770933,Sideways,0.0,2.2794330610867325e-08,2.992137447894383e-08,0.9999999472856885
2018-02-12,10539.75,0.008078254517088934,17.8799991607666,5.5,7.219725,0.884125,5.109551727592332,8.28606808282954,3.0195381882770933,Sideways,0.0,2.2146207611442074e-08,9.369947969939168e-08,0.9999998841522095
2018-02-14,10500.900390625,-0.003692818691702758,17.18000030517578,5.5,7.219725,0.884125,5.109551727592332,8.28606808282954,3.0195381882770933,Sideways,0.0,2.2260803936022943e-08,1.0448079578492942e-07,0.9999998732601023
2018-02-15,10545.5,0.004238223668407977,16.31999969482422,5.5,7.219725,0.884125,5.109551727592332,8.28606808282954,3.0195381882770933,Sideways,0.0,2.6006703625338862e-08,1.645462758300345e-07,0.9999998094499642
2018-02-16,10452.2998046875,-0.008877197442514924,16.3799991607666,5.5,7.219725,0.884125,5.109551727592332,8.28606808282954,3.0195381882770933,Sideways,0.0,2.0867019703089657e-08,6.549925890013833e-08,0.9999999136343869
2018-02-19,10378.400390625,-0.007095270288084443,16.670000076293945,5.5,7.219725,0.884125,5.109551727592332,8.28606808282954,3.0195381882770933,Sideways,0.0,2.052846441319354e-08,4.6216273104229415e-08,0.999999933257643
2018-02-20,10360.400390625,-0.0017358770846747271,16.8700008392334,5.5,7.219725,0.884125,5.109551727592332,8.28606808282954,3.0195381882770933,Sideways,0.0,2.142666774254166e-08,3.472447729151484e-08,0.9999999438514366
2018-02-21,10397.4501953125,0.003569718731482044,15.920000076293945,5.5,7.219725,0.884125,5.109551727592332,8.28606808282954,3.0195381882770933,Sideways,0.0,2.161644178423243e-08,4.171958540860118e-08,0.999999936662791
2018-02-22,10382.7001953125,-0.0014196242279203768,14.829999923706055,5.5,7.219725,0.884125,5.109551727592332,8.28606808282954,3.0195381882770933,Sideways,0.0,2.436327066935685e-08,2.1948523699592606e-08,0.9999999536885309
2018-02-23,10491.0498046875,0.010381515779008083,14.199999809265137,5.5,7.219725,0.884125,5.109551727592332,8.28606808282954,3.0195381882770933,Sideways,0.0,2.839053748800399e-08,3.503540703838795e-08,0.9999999365754795
2018-02-26,10582.599609375,0.008688611908417675,13.699999809265137,5.5,7.219725,0.884125,5.109551727592332,8.28606808282954,3.0195381882770933,Sideways,0.0,5.4147508000483733e-08,4.9369178510738666e-08,0.9999998964849564
2018-02-27,10554.2998046875,-0.002677764703635068,13.920000076293945,5.5,7.219725,0.884125,5.109551727592332,8.28606808282954,3.0195381882770933,Sideways,0.0,4.834678750606488e-08,4.868049010537225e-08,0.9999999029751099
2018-02-28,10492.849609375,-0.0058393057141950064,13.8100004196167,5.5,7.219725,0.884125,5.109551727592332,8.28606808282954,3.0195381882770933,Sideways,0.0,3.0475888719193367e-08,3.930372181219456e-08,0.9999999302235689
2018-03-01,10458.349609375,-0.003293370543887722,14.069999694824219,5.5,7.571275,1.1933499999999997,4.744522413620378,8.42229595482862,2.743362831858409,Sideways,0.0,2.3827179881164193e-08,3.7299910721255206e-08,0.999999938874682
2018-03-05,10358.849609375,-0.009559475957881534,15.399999618530273,5.5,7.571275,1.1933499999999997,4.744522413620378,8.42229595482862,2.743362831858409,Sideways,0.0,1.8739369850689527e-08,2.8332781612082038e-08,0.9999999529245553
2018-03-06,10249.25,-0.01063665692404489,16.25,5.5,7.571275,1.1933499999999997,4.744522413620378,8.42229595482862,2.743362831858409,Sideways,0.0,2.2833983041780465e-08,1.7761224807153675e-08,0.9999999594074332
2018-03-07,10154.2001953125,-0.009317099938461516,15.699999809265137,5.5,7.571275,1.1933499999999997,4.744522413620378,8.42229595482862,2.743362831858409,Sideways,0.0,3.1438269105921864e-08,1.0599246903214188e-08,0.9999999579595178
2018-03-08,10242.650390625,0.00867298109371104,14.59000015258789,5.5,7.571275,1.1933499999999997,4.744522413620378,8.42229595482862,2.743362831858409,Sideways,0.0,2.17501135411653e-08,2.3699106755708356e-08,0.9999999545543697
2018-03-09,10226.849609375,-0.0015438368683495453,14.529999732971191,5.5,7.571275,1.1933499999999997,4.744522413620378,8.42229595482862,2.743362831858409,Sideways,0.0,3.6596099949244116e-08,5.828542697305715e-08,0.9999999051215173
2018-03-12,10421.400390625,0.018844845326350685,14.489999771118164,5.5,7.571275,1.1933499999999997,4.744522413620378,8.42229595482862,2.743362831858409,Sideways,0.0,3.856955950448977e-08,1.6343807428883777e-07,0.9999997979903332
2018-03-13,10426.849609375,0.000522750722395459,14.460000038146973,5.5,7.571275,1.1933499999999997,4.744522413620378,8.42229595482862,2.743362831858409,Sideways,0.0,5.7488083154057626e-08,1.9706221784528341e-07,0.9999997454506553
2018-03-14,10410.900390625,-0.0015308007692338495,14.359999656677246,5.5,7.571275,1.1933499999999997,4.744522413620378,8.42229595482862,2.743362831858409,Sideways,0.0,7.72240004049714e-08,1.502400699974667e-07,0.9999997725390389
2018-03-15,10360.150390625,-0.004886618546444992,14.329999923706055,5.5,7.571275,1.1933499999999997,4.744522413620378,8.42229595482862,2.743362831858409,Sideways,0.0,4.212603682245089e-08,1.520161407250018e-07,0.9999998058556419
2018-03-16,10195.150390625,-0.0160545978679463,15.220000267028809,5.5,7.571275,1.1933499999999997,4.744522413620378,8.42229595482862,2.743362831858409,Sideways,0.0,3.588034600224984e-08,6.735641297610446e-08,0.9999998967614427
2018-03-19,10094.25,-0.00994620052782473,15.819999694824219,5.5,7.571275,1.1933499999999997,4.744522413620378,8.42229595482862,2.743362831858409,Sideways,0.0,5.5206888592703665e-08,2.4331349035717057e-08,0.9999999204592345
2018-03-20,10124.349609375,0.002977420018466655,15.609999656677246,5.5,7.571275,1.1933499999999997,4.744522413620378,8.42229595482862,2.743362831858409,Sideways,0.0,4.8932197091122816e-08,3.44625486730101e-08,0.9999999166029773
2018-03-21,10155.25,0.003047438325629427,15.109999656677246,5.5,7.571275,1.1933499999999997,4.744522413620378,8.42229595482862,2.743362831858409,Sideways,0.0,4.225067977362206e-08,4.899853606568464e-08,0.9999999087522198
2018-03-22,10114.75,-0.003996058598285198,15.25,5.5,7.571275,1.1933499999999997,4.744522413620378,8.42229595482862,2.743362831858409,Sideways,0.0,4.4929018880080306e-08,3.9241556713706897e-08,0.9999999158317259
2018-03-23,9998.0498046875,-0.011604700101594518,15.550000190734863,5.5,7.571275,1.1933499999999997,4.744522413620378,8.42229595482862,2.743362831858409,Sideways,0.0,6.178121408352698e-08,2.5076229650347423e-08,0.9999999131396218
2018-03-26,10130.650390625,0.01317546616079525,15.199999809265137,5.5,7.571275,1.1933499999999997,4.744522413620378,8.42229595482862,2.743362831858409,Sideways,0.0,4.976853882567075e-08,5.177525131932683e-08,0.9999998984567406
2018-03-27,10184.150390625,0.005267107884641591,15.550000190734863,5.5,7.571275,1.1933499999999997,4.744522413620378,8.42229595482862,2.743362831858409,Sideways,0.0,4.704794368979512e-08,5.428540192781908e-08,0.9999998986677434
2018-03-28,10113.7001953125,-0.006941668814759831,15.760000228881836,5.5,7.571275,1.1933499999999997,4.744522413620378,8.42229595482862,2.743362831858409,Sideways,0.0,4.9331332424812315e-08,3.771768698234885e-08,0.9999999129504469
2018-04-02,10211.7998046875,0.009652935584409928,15.350000381469727,5.5,7.60806,1.3758600000000003,4.363664017643254,5.78896566231135,2.738515901060068,Sideways,0.0,4.040172008236588e-08,2.0997363912271936e-07,0.9999997496270538
2018-04-03,10245.0,0.0032458864317621047,15.1899995803833,5.5,7.60806,1.3758600000000003,4.363664017643254,5.78896566231135,2.738515901060068,Sideways,0.0,7.310985374875774e-08,2.2139233338462225e-07,0.999999705498383
2018-04-04,10128.400390625,-0.011446384030859532,16.34000015258789,5.5,7.60806,1.3758600000000003,4.363664017643254,5.78896566231135,2.738515901060068,Sideways,0.0,3.851162455346828e-08,1.5289507841510558e-07,0.9999998085914014
2018-04-05,10325.150390625,0.019239306758980577,14.800000190734863,5.5,7.60806,1.3758600000000003,4.363664017643254,5.78896566231135,2.738515901060068,Sideways,0.0,6.65553614916268e-08,3.8539942430932423e-07,0.999999548046719
2018-04-06,10331.599609375,0.0006244175835545499,14.75,5.5,7.60806,1.3758600000000003,4.363664017643254,5.78896566231135,2.738515901060068,Sideways,0.0,1.0731544754788406e-07,3.7721894501064146e-07,0.999999515464996
2018-04-09,10379.349609375,0.004611095715747583,14.869999885559082,5.5,7.60806,1.3758600000000003,4.363664017643254,5.78896566231135,2.738515901060068,Sideways,0.0,7.743469066752245e-08,4.450643934839831e-07,0.9999994774990684
2018-04-10,10402.25,0.0022039111834326382,14.5,5.5,7.60806,1.3758600000000003,4.363664017643254,5.78896566231135,2.738515901060068,Sideways,0.0,8.146490218335948e-08,4.610868723389375e-07,0.9999994574465398
2018-04-11,10417.150390625,0.001431395034394698,14.720000267028809,5.5,7.60806,1.3758600000000003,4.363664017643254,5.78896566231135,2.738515901060068,Sideways,0.0,1.1111318013706183e-07,3.619629929683683e-07,0.9999995269246238
2018-04-12,10458.650390625,0.0039759006232568585,14.5600004196167,5.5,7.60806,1.3758600000000003,4.363664017643254,5.78896566231135,2.738515901060068,Sideways,0.0,5.6180723530618416e-08,4.792159915929892e-07,0.9999994646060782
2018-04-13,10480.599609375,0.002096467331850084,14.140000343322754,5.5,7.60806,1.3758600000000003,4.363664017643254,5.78896566231135,2.738515901060068,Sideways,0.0,6.489544887082816e-08,4.7591684870937537e-07,0.9999994591854927
2018-04-16,10528.349609375,0.004545689717794212,14.260000228881836,5.5,7.60806,1.3758600000000003,4.363664017643254,5.78896566231135,2.738515901060068,Sideways,0.0,7.716741325830979e-08,5.844036131691668e-07,0.9999993384264968
2018-04-17,10548.7001953125,0.0019310664870136763,14.039999961853027,5.5,7.60806,1.3758600000000003,4.363664017643254,5.78896566231135,2.738515901060068,Sideways,0.0,1.0736414818566508e-07,5.935610555248197e-07,0.9999992990781449
2018-04-18,10526.2001953125,-0.0021352422200410556,14.109999656677246,5.5,7.60806,1.3758600000000003,4.363664017643254,5.78896566231135,2.738515901060068,Sideways,0.0,1.070409939147784e-07,5.486977697092776e-07,0.999999344261811
2018-04-19,10565.2998046875,0.0037076219486611,13.75,5.5,7.60806,1.3758600000000003,4.363664017643254,5.78896566231135,2.738515901060068,Sideways,0.0,1.1542420600036188e-07,5.655499907411048e-07,0.9999993190288068
2018-04-20,10564.0498046875,-0.00011831883371402492,12.9399995803833,5.5,7.60806,1.3758600000000003,4.363664017643254,5.78896566231135,2.738515901060068,Sideways,0.0,1.0399266597436904e-07,4.052437403614627e-07,0.9999994907631322
2018-04-23,10584.7001953125,0.0019528716532068399,13.149999618530273,5.5,7.60806,1.3758600000000003,4.363664017643254,5.78896566231135,2.738515901060068,Sideways,0.0,1.1339024039552656e-07,4.772655137157925e-07,0.9999994093452113
2018-04-24,10614.349609375,0.002797241731914462,11.899999618530273,5.5,7.60806,1.3758600000000003,4.363664017643254,5.78896566231135,2.738515901060068,Sideways,0.0,1.8124545952285274e-07,2.453910007796458e-07,0.9999995733670404
2018-04-25,10570.5498046875,-0.004135008266019891,12.399999618530273,5.5,7.60806,1.3758600000000003,4.363664017643254,5.78896566231135,2.738515901060068,Sideways,0.0,9.825607488424598e-08,3.4705612247548226e-07,0.9999995546896653
2018-04-26,10617.7998046875,0.004460005540255803,12.039999961853027,5.5,7.60806,1.3758600000000003,4.363664017643254,5.78896566231135,2.738515901060068,Sideways,0.0,1.0682508493655994e-07,3.51677576664256e-07,0.9999995414983601
2018-04-27,10692.2998046875,0.006992018327494462,12.020000457763672,5.5,7.60806,1.3758600000000003,4.363664017643254,5.78896566231135,2.738515901060068,Sideways,0.0,2.099219876967482e-07,4.650106736865645e-07,0.9999993250678476
2018-04-30,10739.349609375,0.004390691482923282,12.359999656677246,5.5,7.60806,1.3758600000000003,4.363664017643254,5.78896566231135,2.738515901060068,Sideways,0.0,2.112261715030531e-07,7.913080495770314e-07,0.9999989974681307
2018-05-02,10718.0498046875,-0.0019853115722468315,12.84000015258789,5.5,7.547875,1.4191000000000003,3.971174327182325,4.71874029818389,3.621908127208484,Sideways,0.0,1.0111983031420358e-07,6.741819834737993e-07,0.999999224696085
2018-05-03,10679.650390625,-0.003589119852419833,12.989999771118164,5.5,7.547875,1.4191000000000003,3.971174327182325,4.71874029818389,3.621908127208484,Sideways,0.0,1.0909724066084587e-07,5.574957668059788e-07,0.9999993334060894
2018-05-04,10618.25,-0.005765879228025447,13.25,5.5,7.547875,1.4191000000000003,3.971174327182325,4.71874029818389,3.621908127208484,Sideways,0.0,3.4380465213523057e-08,6.001159878190098e-07,0.9999993655003175
2018-05-07,10715.5,0.009117072584576636,13.760000228881836,5.5,7.547875,1.4191000000000003,3.971174327182325,4.71874029818389,3.621908127208484,Sideways,0.0,4.765404566963514e-08,8.643569403168949e-07,0.9999990879882328
2018-05-08,10717.7998046875,0.00021460108497364168,14.0600004196167,5.5,7.547875,1.4191000000000003,3.971174327182325,4.71874029818389,3.621908127208484,Sideways,0.0,3.671853259431426e-08,8.936772761075308e-07,0.9999990696019049
2018-05-09,10741.7001953125,0.002227489038162844,14.270000457763672,5.5,7.547875,1.4191000000000003,3.971174327182325,4.71874029818389,3.621908127208484,Sideways,0.0,2.7390217183571262e-08,6.009172266833272e-07,0.9999993716921536
2018-05-10,10716.5498046875,-0.002344124254457977,14.430000305175781,5.5,7.547875,1.4191000000000003,3.971174327182325,4.71874029818389,3.621908127208484,Sideways,0.0,2.2766577991044565e-08,5.314344072093751e-07,0.999999445797738
2018-05-11,10806.5,0.008358547680564028,13.979999542236328,5.5,7.547875,1.4191000000000003,3.971174327182325,4.71874029818389,3.621908127208484,Sideways,0.0,4.811783942115568e-08,8.626378920164466e-07,0.9999990892469723
2018-05-14,10806.599609375,9.217500201396874e-06,14.25,5.5,7.547875,1.4191000000000003,3.971174327182325,4.71874029818389,3.621908127208484,Sideways,0.0,3.214980595495922e-08,8.977983762082867e-07,0.9999990700530138
2018-05-15,10801.849609375,-0.00043964284789006357,13.170000076293945,5.5,7.547875,1.4191000000000003,3.971174327182325,4.71874029818389,3.621908127208484,Sideways,0.0,2.940454960230649e-08,9.529978530789681e-07,0.9999990176006854
2018-05-16,10741.099609375,-0.005639911268794516,13.4399995803833,5.5,7.547875,1.4191000000000003,3.971174327182325,4.71874029818389,3.621908127208484,Sideways,0.0,1.8795106319608895e-08,6.764618005968067e-07,0.9999993047461119
2018-05-17,10682.7001953125,-0.005451839472282671,13.40999984741211,5.5,7.547875,1.4191000000000003,3.971174327182325,4.71874029818389,3.621908127208484,Sideways,0.0,1.4941479674806832e-08,5.195582785592876e-07,0.9999994655010206
2018-05-18,10596.400390625,-0.008111271197454395,14.149999618530273,5.5,7.547875,1.4191000000000003,3.971174327182325,4.71874029818389,3.621908127208484,Sideways,0.0,1.106525204591706e-08,2.3053159375299336e-07,0.9999997584018566
2018-05-21,10516.7001953125,-0.007549869197766206,14.40999984741211,5.5,7.547875,1.4191000000000003,3.971174327182325,4.71874029818389,3.621908127208484,Sideways,0.0,1.0830759632107582e-08,1.2478562006600077e-07,0.9999998643834352
2018-05-22,10536.7001953125,0.0018999311888009693,13.600000381469727,5.5,7.547875,1.4191000000000003,3.971174327182325,4.71874029818389,3.621908127208484,Sideways,0.0,1.102640509419611e-08,1.5906688193509014e-07,0.9999998299099533
2018-05-23,10430.349609375,-0.010144631600820039,14.15999984741211,5.5,7.547875,1.4191000000000003,3.971174327182325,4.71874029818389,3.621908127208484,Sideways,0.0,1.1586657006667836e-08,8.08508458541187e-08,0.9999999075589627
2018-05-24,10513.849609375,0.007973610404251362,13.149999618530273,5.5,7.547875,1.4191000000000003,3.971174327182325,4.71874029818389,3.621908127208484,Sideways,0.0,1.0685591580199823e-08,1.6900241222110398e-07,0.9999998203129669
2018-05-25,10605.150390625,0.008646370571623485,12.649999618530273,5.5,7.547875,1.4191000000000003,3.971174327182325,4.71874029818389,3.621908127208484,Sideways,0.0,1.2197176720298375e-08,2.7758643604028243e-07,0.9999997102132021
2018-05-28,10688.650390625,0.00784269833741265,13.0600004196167,5.5,7.547875,1.4191000000000003,3.971174327182325,4.71874029818389,3.621908127208484,Sideways,0.0,2.013396831883456e-08,4.1041251044112775e-07,0.9999995694525768
2018-05-29,10633.2998046875,-0.005191899405584954,13.069999694824219,5.5,7.547875,1.4191000000000003,3.971174327182325,4.71874029818389,3.621908127208484,Sideways,0.0,1.3472687963952385e-08,3.042654073518027e-07,0.9999996822589815
2018-05-30,10614.349609375,-0.0017837455774774606,13.40999984741211,5.5,7.547875,1.4191000000000003,3.971174327182325,4.71874029818389,3.621908127208484,Sideways,0.0,1.7103327105371222e-08,2.850599689754919e-07,0.9999996978368019
2018-05-31,10736.150390625,0.011409765823805856,13.220000267028809,5.5,7.547875,1.4191000000000003,3.971174327182325,4.71874029818389,3.621908127208484,Sideways,0.0,2.85545036261944e-08,4.832832697008305e-07,0.9999994881656167
2018-06-01,10696.2001953125,-0.003728031736138272,13.569999694824219,5.5,7.846075,1.5415,3.956890682655101,3.51553579560322,4.782993799822854,Sideways,0.0,2.791794615166809e-08,3.0605520215424913e-07,0.9999996660263253
2018-06-04,10628.5,-0.00634948413268003,13.880000114440918,5.5,7.846075,1.5415,3.956890682655101,3.51553579560322,4.782993799822854,Sideways,0.0,1.6401185828118435e-08,1.8073724328791192e-07,0.9999998028579479
2018-06-05,10593.150390625,-0.003331469647161854,13.319999694824219,5.5,7.846075,1.5415,3.956890682655101,3.51553579560322,4.782993799822854,Sideways,0.0,1.6269748123115506e-08,1.6074454835890094e-07,0.9999998229832429
2018-06-06,10684.650390625,0.00860056590990892,12.550000190734863,5.5,7.846075,1.5415,3.956890682655101,3.51553579560322,4.782993799822854,Sideways,0.0,2.26560485001602e-08,2.0596837874197596e-07,0.9999997713748859
2018-06-07,10768.349609375,0.007803071219768874,12.779999732971191,5.5,7.846075,1.5415,3.956890682655101,3.51553579560322,4.782993799822854,Sideways,0.0,2.4779809983770154e-08,4.2511231000816073e-07,0.9999995501058141
2018-06-08,10767.650390625,-6.49348765086917e-05,12.699999809265137,5.5,7.846075,1.5415,3.956890682655101,3.51553579560322,4.782993799822854,Sideways,0.0,7.372448750581919e-09,9.092619394756877e-08,0.9999999017018175
2018-06-11,10786.9501953125,0.0017907833428202438,13.180000305175781,5.5,7.846075,1.5415,3.956890682655101,3.51553579560322,4.782993799822854,Sideways,0.0,9.459759301485308e-09,1.074013853777286e-07,0.9999998831408516
2018-06-12,10842.849609375,0.005168752278609608,12.729999542236328,5.5,7.846075,1.5415,3.956890682655101,3.51553579560322,4.782993799822854,Sideways,0.0,1.8585016185442342e-08,1.2656111372564162e-07,0.9999998548519321
2018-06-13,10856.7001953125,0.001276578356983104,12.640000343322754,5.5,7.846075,1.5415,3.956890682655101,3.51553579560322,4.782993799822854,Sideways,0.0,1.4739527519409118e-08,1.9734908930391937e-07,0.999999787913134
2018-06-14,10808.0498046875,-0.004491210136474933,12.100000381469727,5.5,7.846075,1.5415,3.956890682655101,3.51553579560322,4.782993799822854,Sideways,0.0,9.316112065909845e-09,1.4175049265146905e-07,0.9999998489365794
2018-06-15,10817.7001953125,0.0008924907821071907,12.069999694824219,5.5,7.846075,1.5415,3.956890682655101,3.51553579560322,4.782993799822854,Sideways,0.0,1.1375275444862016e-08,1.5436350634946028e-07,0.9999998342609753
2018-06-18,10799.849609375,-0.0016514905857463397,12.380000114440918,5.5,7.846075,1.5415,3.956890682655101,3.51553579560322,4.782993799822854,Sideways,0.0,1.0759198804865386e-08,1.551661160814536e-07,0.9999998340718004
2018-06-19,10710.4501953125,-0.00831229035595547,12.920000076293945,5.5,7.846075,1.5415,3.956890682655101,3.51553579560322,4.782993799822854,Sideways,0.0,6.985027402235487e-09,9.031344313822561e-08,0.9999999026986236
2018-06-20,10772.0498046875,0.005734879851344152,12.170000076293945,5.5,7.846075,1.5415,3.956890682655101,3.51553579560322,4.782993799822854,Sideways,0.0,1.0782081268918177e-08,1.2770201061189308e-07,0.9999998615167083
2018-06-21,10741.099609375,-0.002877330145384961,12.449999809265137,5.5,7.846075,1.5415,3.956890682655101,3.51553579560322,4.782993799822854,Sideways,0.0,8.094702524907346e-09,1.5066995274124697e-07,0.9999998412386175
2018-06-22,10821.849609375,0.00748973404895337,12.020000457763672,5.5,7.846075,1.5415,3.956890682655101,3.51553579560322,4.782993799822854,Sideways,0.0,1.0111005102739235e-08,1.9478553668563041e-07,0.9999997951017786
2018-06-25,10762.4501953125,-0.0055039602444048865,12.579999923706055,5.5,7.846075,1.5415,3.956890682655101,3.51553579560322,4.782993799822854,Sideways,0.0,6.34226349146183e-09,1.6370233565380336e-07,0.999999829953609
2018-06-26,10769.150390625,0.0006223592623338975,12.800000190734863,5.5,7.846075,1.5415,3.956890682655101,3.51553579560322,4.782993799822854,Sideways,0.0,7.807654258385356e-09,2.1991855560367493e-07,0.9999997722771046
2018-06-27,10671.400390625,-0.009118299083682797,13.510000228881836,5.5,7.846075,1.5415,3.956890682655101,3.51553579560322,4.782993799822854,Sideways,0.0,4.997982968854315e-09,9.642359807884854e-08,0.9999998985804319
2018-06-28,10589.099609375,-0.007742169031781291,13.949999809265137,5.5,7.846075,1.5415,3.956890682655101,3.51553579560322,4.782993799822854,Sideways,0.0,3.99011376597238e-09,5.704178914313906e-08,0.9999999389692694
2018-06-29,10714.2998046875,0.011754146307527904,12.9399995803833,5.5,7.846075,1.5415,3.956890682655101,3.51553579560322,4.782993799822854,Sideways,0.0,5.743547785896315e-09,2.1821485787274107e-07,0.9999997760387738
2018-07-02,10657.2998046875,-0.005334194556937323,13.369999885559082,5.5,7.93574,1.4469599999999998,3.928532416134267,7.27484606508,5.67879325643299,Sideways,0.0,6.17077530592542e-09,1.414694730875778e-07,0.999999852356279
2018-07-03,10699.900390625,0.003989347109783859,13.0,5.5,7.93574,1.4469599999999998,3.928532416134267,7.27484606508,5.67879325643299,Sideways,0.0,7.40901751072269e-09,1.9034773127141274e-07,0.9999998022467675
2018-07-04,10769.900390625,0.0065208102070441875,12.65999984741211,5.5,7.93574,1.4469599999999998,3.928532416134267,7.27484606508,5.67879325643299,Sideways,0.0,9.77725912047298e-09,2.5843233905902637e-07,0.9999997317936864
2018-07-05,10749.75,-0.0018727438548922296,12.579999923706055,5.5,7.93574,1.4469599999999998,3.928532416134267,7.27484606508,5.67879325643299,Sideways,0.0,9.742034625584491e-09,2.0823548593396335e-07,0.9999997820196096
2018-07-06,10772.650390625,0.002128052526818883,12.4399995803833,5.5,7.93574,1.4469599999999998,3.928532416134267,7.27484606508,5.67879325643299,Sideways,0.0,8.060628149065661e-09,2.412286421340611e-07,0.9999997507111713
2018-07-09,10852.900390625,0.007421810355794803,12.390000343322754,5.5,7.93574,1.4469599999999998,3.928532416134267,7.27484606508,5.67879325643299,Sideways,0.0,1.4448634572491278e-08,2.7965735953219525e-07,0.9999997058912846
2018-07-10,10947.25,0.008655921796766377,12.399999618530273,5.5,7.93574,1.4469599999999998,3.928532416134267,7.27484606508,5.67879325643299,Sideways,0.0,2.576935193241845e-08,3.6656224567392055e-07,0.9999996076658905
2018-07-11,10948.2998046875,9.589206004582807e-05,12.779999732971191,5.5,7.93574,1.4469599999999998,3.928532416134267,7.27484606508,5.67879325643299,Sideways,0.0,1.836274458997073e-08,4.059729007802068e-07,0.999999575666242
2018-07-12,11023.2001953125,0.006817985187144955,12.510000228881836,5.5,7.93574,1.4469599999999998,3.928532416134267,7.27484606508,5.67879325643299,Sideways,0.0,5.198804055734609e-08,5.250278785977193e-07,0.9999994229876238
2018-07-13,11018.900390625,-0.00039014473464332456,12.300000190734863,5.5,7.93574,1.4469599999999998,3.928532416134267,7.27484606508,5.67879325643299,Sideways,0.0,4.302961340127664e-08,5.22325101388453e-07,0.9999994346437012
2018-07-16,10936.849609375,-0.007474230051277428,12.949999809265137,5.5,7.93574,1.4469599999999998,3.928532416134267,7.27484606508,5.67879325643299,Sideways,0.0,1.3348555478572462e-08,3.2793136210590126e-07,0.9999996587212664
2018-07-17,11008.0498046875,0.006489019959189796,12.829999923706055,5.5,7.93574,1.4469599999999998,3.928532416134267,7.27484606508,5.67879325643299,Sideways,0.0,2.3030784818786116e-08,4.464965145244771e-07,0.9999995304752894
2018-07-18,10980.4501953125,-0.0025103689537061304,13.680000305175781,5.5,7.93574,1.4469599999999998,3.928532416134267,7.27484606508,5.67879325643299,Sideways,0.0,1.519057886512774e-08,3.3359980765004867e-07,0.9999996512124807
2018-07-19,10957.099609375,-0.00212882431847883,13.59000015258789,5.5,7.93574,1.4469599999999998,3.928532416134267,7.27484606508,5.67879325643299,Sideways,0.0,1.2986520802993818e-08,3.269089750051804e-07,0.9999996601036978
2018-07-20,11010.2001953125,0.004834521296150269,13.539999961853027,5.5,7.93574,1.4469599999999998,3.928532416134267,7.27484606508,5.67879325643299,Sideways,0.0,2.720312065891924e-08,5.454631140583367e-06,0.9999945181630396
2018-07-23,11084.75,0.0067481562013002455,13.010000228881836,5.5,7.93574,1.4469599999999998,3.928532416134267,7.27484606508,5.67879325643299,Sideways,0.0,1.601546536717475e-05,0.00036527319716263187,0.9996187113360036
2018-07-24,11134.2998046875,0.004460126536742217,12.470000267028809,5.5,7.93574,1.4469599999999998,3.928532416134267,7.27484606508,5.67879325643299,Bull,1.0,5.832640723523208e-13,1.6761633921773995e-15,1.548939700461197e-13
2018-07-25,11132.0,-0.00020657268750096133,12.210000038146973,5.5,7.93574,1.4469599999999998,3.928532416134267,7.27484606508,5.67879325643299,Bull,0.0,0.00801920151650529,0.22524841948634092,0.7667323789979597
2018-07-26,11167.2998046875,0.0031660038191820943,12.029999732971191,5.5,7.93574,1.4469599999999998,3.928532416134267,7.27484606508,5.67879325643299,Bull,1.0,1.3015196526767075e-12,2.915385559960973e-15,5.200479031480124e-16
2018-07-27,11278.349609375,0.00989507665693427,12.3100004196167,5.5,7.93574,1.4469599999999998,3.928532416134267,7.27484606508,5.67879325643299,Bull,1.0,1.3124222070139313e-13,8.787124770444614e-17,3.803720701420808e-19
2018-07-30,11319.5498046875,0.0036463779405013436,12.59000015258789,5.5,7.93574,1.4469599999999998,3.928532416134267,7.27484606508,5.67879325643299,Bull,1.0,1.8925306427224534e-13,1.5209749584262523e-16,5.034952708426561e-19
2018-07-31,11356.5,0.003258965149071806,12.479999542236328,5.5,7.93574,1.4469599999999998,3.928532416134267,7.27484606508,5.67879325643299,Bull,1.0,1.2497885266175584e-13,7.441145565287189e-17,1.152612073088699e-16
2018-08-01,11346.2001953125,-0.0009073639087465626,12.529999732971191,5.5,7.800625,1.2476250000000002,5.614035409561802,6.95985592276909,5.267778753292363,Sideways,0.0,3.938730428437536e-05,0.00015500443718002635,0.9998056082558359
2018-08-02,11244.7001953125,-0.008985979419681003,12.5600004196167,5.5,7.800625,1.2476250000000002,5.614035409561802,6.95985592276909,5.267778753292363,Sideways,0.0,1.7189472370521036e-05,0.00010480539059510243,0.9998780051378543
2018-08-03,11360.7998046875,0.010271892255968624,12.079999923706055,5.5,7.800625,1.2476250000000002,5.614035409561802,6.95985592276909,5.267778753292363,Sideways,1.0,3.6926515569980335e-13,2.7227293385687808e-17,7.709953802750371e-16
2018-08-06,11387.099609375,0.0023122852731850252,12.5600004196167,5.5,7.800625,1.2476250000000002,5.614035409561802,6.95985592276909,5.267778753292363,Sideways,1.0,2.509560820381442e-13,6.059128270136715e-17,2.380987194225362e-18
2018-08-07,11389.4501953125,0.00020640403976921495,12.579999923706055,5.5,7.800625,1.2476250000000002,5.614035409561802,6.95985592276909,5.267778753292363,Sideways,1.0,6.43387495350144e-13,2.092795068740503e-16,4.1530526876803284e-18
2018-08-08,11450.0,0.005302224530419492,12.539999961853027,5.5,7.800625,1.2476250000000002,5.614035409561802,6.95985592276909,5.267778753292363,Bull,1.0,2.348318374088456e-13,6.74081074330521e-17,1.0902343126699609e-18
2018-08-09,11470.7001953125,0.0018062450766348273,12.680000305175781,5.5,7.800625,1.2476250000000002,5.614035409561802,6.95985592276909,5.267778753292363,Bull,1.0,1.0885089611819599e-13,1.4666698480360248e-17,1.2093292704082131e-16
2018-08-10,11429.5,-0.003598242758917501,12.850000381469727,5.5,7.800625,1.2476250000000002,5.614035409561802,6.95985592276909,5.267778753292363,Bull,0.0,1.8754767966784482e-05,0.00015914892286072625,0.9998220963113298
2018-08-13,11355.75,-0.006473508743511776,13.399999618530273,5.5,7.800625,1.2476250000000002,5.614035409561802,6.95985592276909,5.267778753292363,Bull,0.0,5.688530452126874e-08,9.223970791371264e-07,0.9999990207147923
2018-08-14,11435.099609375,0.00696331478277028,13.279999732971191,5.5,7.800625,1.2476250000000002,5.614035409561802,6.95985592276909,5.267778753292363,Bull,0.0,1.0045403360998028e-07,9.62085265677351e-07,0.9999989374633702
2018-08-16,11385.0498046875,-0.004386464262815843,13.649999618530273,5.5,7.800625,1.2476250000000002,5.614035409561802,6.95985592276909,5.267778753292363,Sideways,0.0,1.2291259942973247e-05,8.663740467096806e-05,0.999901071333397
2018-08-17,11470.75,0.007499242877784467,13.15999984741211,5.5,7.800625,1.2476250000000002,5.614035409561802,6.95985592276909,5.267778753292363,Sideways,1.0,8.283365229620573e-13,1.6490845338077125e-16,1.2728398727195617e-15
2018-08-20,11551.75,0.007036623669863275,13.029999732971191,5.5,7.800625,1.2476250000000002,5.614035409561802,6.95985592276909,5.267778753292363,Sideways,1.0,1.2639723699089256e-13,5.57523677009404e-17,5.175368333327822e-19
2018-08-21,11570.900390625,0.001656418678663017,12.899999618530273,5.5,7.800625,1.2476250000000002,5.614035409561802,6.95985592276909,5.267778753292363,Sideways,1.0,7.991827382114558e-14,2.831143886054212e-17,2.5122576517371607e-19
2018-08-23,11582.75,0.001023563041648874,12.760000228881836,5.5,7.800625,1.2476250000000002,5.614035409561802,6.95985592276909,5.267778753292363,Sideways,1.0,3.168042291335054e-13,3.7066291805019223e-16,1.618121783173174e-16
2018-08-24,11557.099609375,-0.0022169894415104054,12.40999984741211,5.5,7.800625,1.2476250000000002,5.614035409561802,6.95985592276909,5.267778753292363,Sideways,0.0,0.009510516701507578,0.12764567175026603,0.8628438115456377
2018-08-27,11691.9501953125,0.011600654595540067,12.239999771118164,5.5,7.800625,1.2476250000000002,5.614035409561802,6.95985592276909,5.267778753292363,Bull,1.0,1.824075399334573e-13,1.1030778503130936e-16,4.066449075858555e-17
2018-08-28,11738.5,0.003973450407027797,12.430000305175781,5.5,7.800625,1.2476250000000002,5.614035409561802,6.95985592276909,5.267778753292363,Bull,1.0,7.708327626303725e-14,1.8161088530402238e-17,4.72177304770251e-17
2018-08-29,11691.900390625,-0.003977710157774837,12.4399995803833,5.5,7.800625,1.2476250000000002,5.614035409561802,6.95985592276909,5.267778753292363,Bull,0.0,4.0397534848981164e-05,0.0004203831654717605,0.9995392193008157
2018-08-30,11676.7998046875,-0.0012923772322029556,12.40999984741211,5.5,7.800625,1.2476250000000002,5.614035409561802,6.95985592276909,5.267778753292363,Bull,0.0,3.060492354778497e-07,9.162504068383259e-06,0.999990531448282
2018-08-31,11680.5,0.0003168341695652239,12.600000381469727,5.5,7.800625,1.2476250000000002,5.614035409561802,6.95985592276909,5.267778753292363,Bull,0.0,1.334201785521959e-07,8.727430680016855e-07,0.9999989938374315
2018-09-03,11582.349609375,-0.008438430776075216,13.390000343322754,5.5,7.82458,1.06224,5.614035409561802,5.21054142118318,4.616724738675959,Sideways,0.0,2.558743822467312e-08,4.710852426131813e-07,0.9999995033287047
2018-09-04,11520.2998046875,-0.005371674285373425,13.779999732971191,5.5,7.82458,1.06224,5.614035409561802,5.21054142118318,4.616724738675959,Sideways,0.0,1.6939675458754097e-08,1.9075631613311194e-07,0.9999997923005355
2018-09-05,11476.9501953125,-0.003769986473883496,13.649999618530273,5.5,7.82458,1.06224,5.614035409561802,5.21054142118318,4.616724738675959,Sideways,0.0,1.3472240847840587e-08,1.3864769722469415e-07,0.9999998478815657
2018-09-06,11536.900390625,0.005209934834070753,13.720000267028809,5.5,7.82458,1.06224,5.614035409561802,5.21054142118318,4.616724738675959,Sideways,0.0,1.6742116644447097e-08,2.2736791860296553e-07,0.9999997558916518
2018-09-07,11589.099609375,0.0045143394792379185,13.890000343322754,5.5,7.82458,1.06224,5.614035409561802,5.21054142118318,4.616724738675959,Sideways,0.0,3.6185226610590544e-08,5.908101221168884e-07,0.9999993730018251
2018-09-10,11438.099609375,-0.013115113390097494,15.199999809265137,5.5,7.82458,1.06224,5.614035409561802,5.21054142118318,4.616724738675959,Sideways,0.0,1.5035461130641273e-08,1.1019985465854549e-07,0.9999998747662254
2018-09-11,11287.5,-0.013253935347788789,15.329999923706055,5.5,7.82458,1.06224,5.614035409561802,5.21054142118318,4.616724738675959,Sideways,0.0,9.488362658774812e-09,2.9208686290090933e-08,0.9999999613064582
2018-09-12,11369.900390625,0.007273628261968242,14.25,5.5,7.82458,1.06224,5.614035409561802,5.21054142118318,4.616724738675959,Sideways,0.0,1.1640845198072125e-08,8.305708626676156e-08,0.9999999053034161
2018-09-14,11515.2001953125,0.012698371727607837,13.84000015258789,5.5,7.82458,1.06224,5.614035409561802,5.21054142118318,4.616724738675959,Sideways,0.0,2.1950591116900272e-08,1.9570118907509083e-07,0.9999997823470276
2018-09-17,11377.75,-0.012008224872722099,14.5,5.5,7.82458,1.06224,5.614035409561802,5.21054142118318,4.616724738675959,Sideways,0.0,1.2254233277557652e-08,5.146903611763853e-08,0.9999999362771652
2018-09-18,11278.900390625,-0.008725935642451747,14.420000076293945,5.5,7.82458,1.06224,5.614035409561802,5.21054142118318,4.616724738675959,Sideways,0.0,9.223434183605982e-09,2.6063112060665677e-08,0.9999999647116062
2018-09-19,11234.349609375,-0.003957743942134398,14.010000228881836,5.5,7.82458,1.06224,5.614035409561802,5.21054142118318,4.616724738675959,Sideways,0.0,8.477452722659434e-09,2.6004054549745942e-08,0.9999999655192374
2018-09-21,11143.099609375,-0.008155577062129398,15.539999961853027,5.5,7.82458,1.06224,5.614035409561802,5.21054142118318,4.616724738675959,Sideways,0.0,7.344152511932876e-09,8.503921166064379e-09,0.9999999841529644
2018-09-24,10967.400390625,-0.015893165427847328,17.43000030517578,5.5,7.82458,1.06224,5.614035409561802,5.21054142118318,4.616724738675959,Sideways,0.0,1.2774513371156358e-08,1.0021306323330863e-09,0.9999999862266123
2018-09-25,11067.4501953125,0.009081113743931286,16.68000030517578,5.5,7.82458,1.06224,5.614035409561802,5.21054142118318,4.616724738675959,Sideways,0.0,8.288317540269189e-09,3.337997479053284e-09,0.9999999883730198
2018-09-26,11053.7998046875,-0.001234142949208208,17.09000015258789,5.5,7.82458,1.06224,5.614035409561802,5.21054142118318,4.616724738675959,Sideways,0.0,7.303503383790543e-09,3.6821710643877867e-09,0.9999999890133041
2018-09-27,10977.5498046875,-0.006921982157626523,16.920000076293945,5.5,7.82458,1.06224,5.614035409561802,5.21054142118318,4.616724738675959,Sideways,0.0,7.692268071938036e-09,3.0401804040714457e-09,0.9999999892679626
2018-09-28,10930.4501953125,-0.004299770124143364,17.0,5.5,7.82458,1.06224,5.614035409561802,5.21054142118318,4.616724738675959,Sideways,0.0,7.495614801850685e-09,3.1059693108825535e-09,0.9999999893989299
2018-10-01,11008.2998046875,0.007097025685968254,16.84000015258789,5.5,8.019075,0.9994000000000005,5.614035409561802,5.45973989821384,5.22193211488251,Sideways,0.0,8.744519330865775e-09,5.94045819593145e-09,0.9999999853171176
2018-10-03,10858.25,-0.013724356268050715,18.1200008392334,5.5,8.019075,0.9994000000000005,5.614035409561802,5.45973989821384,5.22193211488251,Sideways,0.0,1.017158118571801e-08,1.5900177485704739e-09,0.9999999882347766
2018-10-04,10599.25,-0.024141915818458322,18.920000076293945,5.5,8.019075,0.9994000000000005,5.614035409561802,5.45973989821384,5.22193211488251,Sideways,0.0,3.153423404190804e-08,2.7081255884372434e-10,0.9999999681967898
2018-10-05,10316.4501953125,-0.027043516339215604,19.729999542236328,5.5,8.019075,0.9994000000000005,5.614035409561802,5.45973989821384,5.22193211488251,Sideways,0.0,1.6575085352135294e-07,6.382749699890275e-11,0.9999998341882157
2018-10-08,10348.0498046875,0.003058349730753957,20.149999618530273,5.5,8.019075,0.9994000000000005,5.614035409561802,5.45973989821384,5.22193211488251,Sideways,0.0,1.2773289521672197e-07,8.093120518912628e-11,0.9999998721832608
2018-10-09,10301.0498046875,-0.004552264462335634,19.760000228881836,5.5,8.019075,0.9994000000000005,5.614035409561802,5.45973989821384,5.22193211488251,Sideways,0.0,2.047381834102689e-07,5.871224817651306e-11,0.999999795203642
2018-10-10,10460.099609375,0.015322168649223668,17.90999984741211,5.5,8.019075,0.9994000000000005,5.614035409561802,5.45973989821384,5.22193211488251,Sideways,0.0,7.370016829041171e-08,2.5098968672505593e-10,0.9999999260471696
2018-10-11,10234.650390625,-0.021788921165731508,20.549999237060547,5.5,8.019075,0.9994000000000005,5.614035409561802,5.45973989821384,5.22193211488251,Sideways,0.0,2.699378528698718e-07,1.7331239544151074e-10,0.9999997298873861
2018-10-12,10472.5,0.022973713528550762,18.6299991607666,5.5,8.019075,0.9994000000000005,5.614035409561802,5.45973989821384,5.22193211488251,Sideways,0.0,1.471237692321543e-07,1.2558783357787464e-09,0.9999998516214074
2018-10-15,10512.5,0.003812251460013522,18.889999389648438,5.5,8.019075,0.9994000000000005,5.614035409561802,5.45973989821384,5.22193211488251,Sideways,0.0,1.4048319990313078e-07,1.2619185885273838e-09,0.9999998582570797
2018-10-16,10584.75,0.006849260681022563,17.3700008392334,5.5,8.019075,0.9994000000000005,5.614035409561802,5.45973989821384,5.22193211488251,Sideways,0.0,2.2244406646764086e-07,1.319887845509346e-09,0.9999997762352245
2018-10-17,10453.0498046875,-0.012520502809902525,17.979999542236328,5.5,8.019075,0.9994000000000005,5.614035409561802,5.45973989821384,5.22193211488251,Sideways,0.0,1.2896695676338502e-07,1.1855375874739298e-09,0.9999998698476786
2018-10-19,10303.5498046875,-0.014405306077947945,19.790000915527344,5.5,8.019075,0.9994000000000005,5.614035409561802,5.45973989821384,5.22193211488251,Sideways,0.0,2.4799027920688504e-07,7.356916835442559e-10,0.9999997512714199
2018-10-22,10245.25,-0.005674293551714025,21.360000610351562,5.5,8.019075,0.9994000000000005,5.614035409561802,5.45973989821384,5.22193211488251,Sideways,0.0,2.8869132499573663e-07,3.443189246415008e-10,0.9999997109626255
2018-10-23,10146.7998046875,-0.009655817945697833,19.040000915527344,5.5,8.019075,0.9994000000000005,5.614035409561802,5.45973989821384,5.22193211488251,Sideways,0.0,5.755365503878364e-07,3.1042988026683096e-10,0.9999994241517763
2018-10-24,10224.75,0.007652886157385112,18.8799991607666,5.5,8.019075,0.9994000000000005,5.614035409561802,5.45973989821384,5.22193211488251,Sideways,0.0,3.8419934740619907e-07,5.166021143089558e-10,0.9999996152838152
2018-10-25,10124.900390625,-0.009813476770964884,18.959999084472656,5.5,8.019075,0.9994000000000005,5.614035409561802,5.45973989821384,5.22193211488251,Sideways,0.0,6.158381201224019e-07,3.620669065943221e-10,0.9999993837993395
2018-10-26,10030.0,-0.009417173007402645,19.229999542236328,5.5,8.019075,0.9994000000000005,5.614035409561802,5.45973989821384,5.22193211488251,Sideways,0.0,1.0190573275729121e-06,3.223207044323951e-10,0.99999898061703
2018-10-29,10250.849609375,0.021779988895005153,19.829999923706055,5.5,8.019075,0.9994000000000005,5.614035409561802,5.45973989821384,5.22193211488251,Sideways,0.0,3.168140586961602e-07,1.0945114490828664e-09,0.9999996820916345
2018-10-30,10198.400390625,-0.005129707325392901,20.5,5.5,8.019075,0.9994000000000005,5.614035409561802,5.45973989821384,5.22193211488251,Sideways,0.0,3.882724627042684e-07,9.864002862084854e-10,0.9999996107436193
2018-10-31,10386.599609375,0.018285592676591408,19.799999237060547,5.5,8.019075,0.9994000000000005,5.614035409561802,5.45973989821384,5.22193211488251,Sideways,0.0,2.94287559953812e-07,1.711182452898834e-09,0.9999997039995362
2018-11-01,10380.4501953125,-0.0005922280054286613,19.190000534057617,5.5,7.92485,0.9363250000000001,5.22651257350637,8.04365937161211,5.536332179930792,Sideways,0.0,1.0738474658539734e-06,4.109112211542403e-09,0.9999989220456326
2018-11-02,10553.0,0.016485931474334168,18.229999542236328,5.5,7.92485,0.9363250000000001,5.22651257350637,8.04365937161211,5.536332179930792,Sideways,0.0,2.052781327854465e-06,6.258079524189257e-09,0.9999979409570467
2018-11-05,10524.0,-0.0027518165109068284,19.479999542236328,5.5,7.92485,0.9363250000000001,5.22651257350637,8.04365937161211,5.536332179930792,Sideways,0.0,1.2944752358877582e-06,1.1127204320258944e-08,0.9999986943957421
2018-11-06,10530.0,0.0005699629678378127,18.510000228881836,5.5,7.92485,0.9363250000000001,5.22651257350637,8.04365937161211,5.536332179930792,Sideways,0.0,1.5886750285427111e-06,9.617899263437588e-09,0.9999984017062201
2018-11-07,10598.400390625,0.006474757039787639,17.719999313354492,5.5,7.92485,0.9363250000000001,5.22651257350637,8.04365937161211,5.536332179930792,Sideways,0.0,8.881707764054714e-07,1.2436742449345305e-08,0.999999099389648
2018-11-09,10585.2001953125,-0.0012462656636175824,17.770000457763672,5.5,7.92485,0.9363250000000001,5.22651257350637,8.04365937161211,5.536332179930792,Sideways,0.0,6.498207492189342e-07,1.2367391603037195e-08,0.9999993378153168
2018-11-12,10482.2001953125,-0.009778218363148,19.3700008392334,5.5,7.92485,0.9363250000000001,5.22651257350637,8.04365937161211,5.536332179930792,Sideways,0.0,7.918924971708727e-07,1.745185893324114e-08,0.9999991906591823
2018-11-13,10582.5,0.009523094254035388,18.700000762939453,5.5,7.92485,0.9363250000000001,5.22651257350637,8.04365937161211,5.536332179930792,Sideways,0.0,5.951162766833764e-07,2.434732506765659e-08,0.9999993805397125
2018-11-14,10576.2998046875,-0.000586063060967349,18.829999923706055,5.5,7.92485,0.9363250000000001,5.22651257350637,8.04365937161211,5.536332179930792,Sideways,0.0,5.217696848899241e-07,2.3418930009720375e-08,0.9999994548126446
2018-11-15,10616.7001953125,0.003812621107308771,18.450000762939453,5.5,7.92485,0.9363250000000001,5.22651257350637,8.04365937161211,5.536332179930792,Sideways,0.0,4.3659842753406183e-07,2.3583876176590645e-08,0.9999995398176147
2018-11-16,10682.2001953125,0.006150571652505879,18.350000381469727,5.5,7.92485,0.9363250000000001,5.22651257350637,8.04365937161211,5.536332179930792,Sideways,0.0,6.406741484404339e-07,2.979729760206933e-08,0.9999993295280066
2018-11-19,10763.400390625,0.007572703131144189,19.260000228881836,5.5,7.92485,0.9363250000000001,5.22651257350637,8.04365937161211,5.536332179930792,Sideways,0.0,1.6680367269534086e-06,2.9692572738994036e-08,0.9999983022731472
2018-11-20,10656.2001953125,-0.010009625523730635,19.329999923706055,5.5,7.92485,0.9363250000000001,5.22651257350637,8.04365937161211,5.536332179930792,Sideways,0.0,8.393482657192748e-07,2.8105730459338523e-08,0.9999991325461576
2018-11-21,10600.0498046875,-0.005283201056794732,19.559999465942383,5.5,7.92485,0.9363250000000001,5.22651257350637,8.04365937161211,5.536332179930792,Sideways,0.0,9.236723592019236e-07,2.376561312728317e-08,0.9999990525616281
2018-11-22,10526.75,-0.006939063131569403,19.15999984741211,5.5,7.92485,0.9363250000000001,5.22651257350637,8.04365937161211,5.536332179930792,Sideways,0.0,8.616288561744921e-07,1.8610473305116366e-08,0.9999991197623112
2018-11-26,10628.599609375,0.009628807669070337,20.399999618530273,5.5,7.92485,0.9363250000000001,5.22651257350637,8.04365937161211,5.536332179930792,Sideways,0.0,1.0279726507556648e-06,2.105354644628088e-08,0.9999989509748093
2018-11-27,10685.599609375,0.005348559924642655,18.31999969482422,5.5,7.92485,0.9363250000000001,5.22651257350637,8.04365937161211,5.536332179930792,Sideways,0.0,1.3172081775609918e-06,2.094955719863861e-08,0.9999986618431507
2018-11-28,10728.849609375,0.004039334223781422,17.959999084472656,5.5,7.92485,0.9363250000000001,5.22651257350637,8.04365937161211,5.536332179930792,Sideways,0.0,1.0010810984069954e-06,3.033064762944032e-08,0.9999989685898844
2018-11-29,10858.7001953125,0.01203028163822991,18.700000762939453,5.5,7.92485,0.9363250000000001,5.22651257350637,8.04365937161211,5.536332179930792,Sideways,0.0,2.8165455347784985e-06,3.3554669894223167e-08,0.9999971499023247
2018-11-30,10876.75,0.0016608635822544591,19.15999984741211,5.5,7.92485,0.9363250000000001,5.22651257350637,8.04365937161211,5.536332179930792,Sideways,0.0,2.9012000832427984e-06,3.489916214911409e-08,0.9999970639007545
2018-12-03,10883.75,0.0006433675918710725,18.219999313354492,5.5,7.78462,0.9144200000000007,4.8610770724977215,-0.884852288075788,4.4673539518900185,Sideways,0.0,3.6239010202101417e-06,5.798982204593738e-08,0.9999963181102909
2018-12-04,10869.5,-0.0013101492455916805,18.110000610351562,5.5,7.78462,0.9144200000000007,4.8610770724977215,-0.884852288075788,4.4673539518900185,Sideways,0.0,1.7755016247649302e-06,6.660445916463025e-08,0.9999981578965758
2018-12-05,10782.900390625,-0.007999119688821785,18.389999389648438,5.5,7.78462,0.9144200000000007,4.8610770724977215,-0.884852288075788,4.4673539518900185,Sideways,0.0,1.1419451989412235e-06,5.7295810448888913e-08,0.9999988007555572
2018-12-06,10601.150390625,-0.016999059579474705,19.309999465942383,5.5,7.78462,0.9144200000000007,4.8610770724977215,-0.884852288075788,4.4673539518900185,Sideways,0.0,1.2088881367699137e-06,2.2370825278667093e-08,0.9999987687413826
2018-12-07,10693.7001953125,0.008692278636606364,18.59000015258789,5.5,7.78462,0.9144200000000007,4.8610770724977215,-0.884852288075788,4.4673539518900185,Sideways,0.0,1.0763999895898412e-06,3.3154641764850075e-08,0.9999988904461832
2018-12-10,10488.4501953125,-0.019380130942287622,20.440000534057617,5.5,7.78462,0.9144200000000007,4.8610770724977215,-0.884852288075788,4.4673539518900185,Sideways,0.0,2.0790673402881367e-06,9.745094238256264e-09,0.9999979111911659
2018-12-11,10549.150390625,0.005770654643792864,17.950000762939453,5.5,7.78462,0.9144200000000007,4.8610770724977215,-0.884852288075788,4.4673539518900185,Sideways,0.0,2.0519035777264074e-06,1.5974336277703427e-08,0.9999979321240524
2018-12-12,10737.599609375,0.01770623905775317,15.8100004196167,5.5,7.78462,0.9144200000000007,4.8610770724977215,-0.884852288075788,4.4673539518900185,Sideways,0.0,1.7134728580530414e-06,2.1428201787680375e-08,0.9999982651003435
2018-12-13,10791.5498046875,0.005011838341027756,15.550000190734863,5.5,7.78462,0.9144200000000007,4.8610770724977215,-0.884852288075788,4.4673539518900185,Sideways,0.0,4.709922430328524e-06,4.7950516892578956e-08,0.9999952421243916
2018-12-14,10805.4501953125,0.0012872521687673252,15.15999984741211,5.5,7.78462,0.9144200000000007,4.8610770724977215,-0.884852288075788,4.4673539518900185,Sideways,0.0,4.100652109931015e-06,4.602883086191205e-08,0.999995853316662
2018-12-17,10888.349609375,0.007642719885813293,14.539999961853027,5.5,7.78462,0.9144200000000007,4.8610770724977215,-0.884852288075788,4.4673539518900185,Sideways,0.0,1.1226449142456438e-05,3.2809490566382494e-08,0.9999887407445326
2018-12-18,10908.7001953125,0.0018672794743268973,14.579999923706055,5.5,7.78462,0.9144200000000007,4.8610770724977215,-0.884852288075788,4.4673539518900185,Sideways,0.0,9.318922441534121e-06,3.7908945094644184e-08,0.9999906431695595
2018-12-19,10967.2998046875,0.005357446474361821,14.65999984741211,5.5,7.78462,0.9144200000000007,4.8610770724977215,-0.884852288075788,4.4673539518900185,Sideways,0.0,5.911234125915298e-06,6.152515422064952e-08,0.9999940272424391
2018-12-20,10951.7001953125,-0.0014233871991216722,14.329999923706055,5.5,7.78462,0.9144200000000007,4.8610770724977215,-0.884852288075788,4.4673539518900185,Sideways,0.0,4.205213165522645e-06,5.9080025215761276e-08,0.9999957357085777
2018-12-21,10754.0,-0.01821693480035375,15.989999771118164,5.5,7.78462,0.9144200000000007,4.8610770724977215,-0.884852288075788,4.4673539518900185,Sideways,0.0,2.4060875938987e-06,8.096460506398363e-08,0.999997512949813
2018-12-24,10663.5,-0.0084510833319759,15.75,5.5,7.78462,0.9144200000000007,4.8610770724977215,-0.884852288075788,4.4673539518900185,Sideways,0.0,2.100487795635119e-06,4.355231415061988e-08,0.9999978559594885
2018-12-26,10729.849609375,0.006202845587195536,15.920000076293945,5.5,7.78462,0.9144200000000007,4.8610770724977215,-0.884852288075788,4.4673539518900185,Sideways,0.0,1.7586662162563533e-06,6.164136954625845e-08,0.9999981796953049
2018-12-27,10779.7998046875,0.004644453671963747,16.06999969482422,5.5,7.78462,0.9144200000000007,4.8610770724977215,-0.884852288075788,4.4673539518900185,Sideways,0.0,1.5964315417614308e-06,7.147073962161702e-08,0.9999983320972473
2018-12-28,10859.900390625,0.007403148015077441,15.270000457763672,5.5,7.78462,0.9144200000000007,4.8610770724977215,-0.884852288075788,4.4673539518900185,Sideways,0.0,1.4203703409697536e-06,8.328672621242624e-08,0.999998496344454
2018-12-31,10862.5498046875,0.00024393326275947618,16.0,5.5,7.78462,0.9144200000000007,4.8610770724977215,-0.884852288075788,4.4673539518900185,Sideways,0.0,1.5050929407160518e-06,1.198472881419534e-07,0.9999983750617062
2019-01-03,10672.25,-0.011204533761500678,16.790000915527344,5.5,7.37335,0.7063750000000004,5.244785606363234,2.62077575091408,3.457216940363006,Sideways,0.0,7.522703520007044e-07,3.3833710641077973e-07,0.999998909392756
2019-01-04,10727.349609375,0.005149603931252372,16.15999984741211,5.5,7.37335,0.7063750000000004,5.244785606363234,2.62077575091408,3.457216940363006,Sideways,0.0,5.007661476229366e-07,4.036506657093021e-07,0.9999990955843256
2019-01-07,10771.7998046875,0.0041350713736188,16.299999237060547,5.5,7.37335,0.7063750000000004,5.244785606363234,2.62077575091408,3.457216940363006,Sideways,0.0,3.718978336825693e-07,5.070187443188934e-07,0.9999991210865343
2019-01-08,10802.150390625,0.0028136345625500237,15.699999809265137,5.5,7.37335,0.7063750000000004,5.244785606363234,2.62077575091408,3.457216940363006,Sideways,0.0,4.952735197898997e-07,5.745834832283155e-07,0.9999989301437647
2019-01-09,10855.150390625,0.004894433183399924,15.270000457763672,5.5,7.37335,0.7063750000000004,5.244785606363234,2.62077575091408,3.457216940363006,Sideways,0.0,4.6802981892414584e-07,6.593611464143006e-07,0.9999988726055551
2019-01-10,10821.599609375,-0.003095557040757343,15.350000381469727,5.5,7.37335,0.7063750000000004,5.244785606363234,2.62077575091408,3.457216940363006,Sideways,0.0,8.019083862073502e-07,6.55305628514435e-07,0.9999985427868227
2019-01-11,10794.9501953125,-0.002465650421033224,15.350000381469727,5.5,7.37335,0.7063750000000004,5.244785606363234,2.62077575091408,3.457216940363006,Sideways,0.0,4.7325712521251484e-07,6.294971717391154e-07,0.9999988972491961
2019-01-14,10737.599609375,-0.005326886232360374,16.15999984741211,5.5,7.37335,0.7063750000000004,5.244785606363234,2.62077575091408,3.457216940363006,Sideways,0.0,2.270014238282342e-07,4.649843007865211e-07,0.9999993080130146
2019-01-15,10886.7998046875,0.013799464213669708,15.579999923706055,5.5,7.37335,0.7063750000000004,5.244785606363234,2.62077575091408,3.457216940363006,Sideways,0.0,2.896321535504248e-07,8.07333197536704e-07,0.999998903033576
2019-01-16,10890.2998046875,0.000321438583917674,16.079999923706055,5.5,7.37335,0.7063750000000004,5.244785606363234,2.62077575091408,3.457216940363006,Sideways,0.0,2.4558222561126967e-07,7.843138156847417e-07,0.999998970103282
2019-01-17,10905.2001953125,0.001367290766106507,16.239999771118164,5.5,7.37335,0.7063750000000004,5.244785606363234,2.62077575091408,3.457216940363006,Sideways,0.0,2.2488153525116202e-07,7.940959653808296e-07,0.9999989810244831
2019-01-18,10906.9501953125,0.0001604610249256087,16.6200008392334,5.5,7.37335,0.7063750000000004,5.244785606363234,2.62077575091408,3.457216940363006,Sideways,0.0,2.0531358413434907e-07,7.580561018112971e-07,0.9999990366272962
2019-01-21,10961.849609375,0.005020808629692447,18.149999618530273,5.5,7.37335,0.7063750000000004,5.244785606363234,2.62077575091408,3.457216940363006,Sideways,0.0,2.716360382597832e-07,6.204618983995806e-07,0.9999991079025108
2019-01-22,10922.75,-0.003573257146616415,17.989999771118164,5.5,7.37335,0.7063750000000004,5.244785606363234,2.62077575091408,3.457216940363006,Sideways,0.0,1.5257028129164214e-07,6.144840010294375e-07,0.9999992329470146
2019-01-23,10831.5,-0.008389214537151498,18.09000015258789,5.5,7.37335,0.7063750000000004,5.244785606363234,2.62077575091408,3.457216940363006,Sideways,0.0,1.808822482987507e-07,5.045051845881476e-07,0.9999993146123036
2019-01-24,10849.7998046875,0.0016880730581589696,17.43000030517578,5.5,7.37335,0.7063750000000004,5.244785606363234,2.62077575091408,3.457216940363006,Sideways,0.0,2.102722526464052e-07,6.28749802428093e-07,0.9999991609805756
2019-01-25,10780.5498046875,-0.006403062164968701,17.690000534057617,5.5,7.37335,0.7063750000000004,5.244785606363234,2.62077575091408,3.457216940363006,Sideways,0.0,1.8015829811153686e-07,4.279950440825518e-07,0.9999993918465437
2019-01-28,10661.5498046875,-0.011099773244971002,18.899999618530273,5.5,7.37335,0.7063750000000004,5.244785606363234,2.62077575091408,3.457216940363006,Sideways,0.0,1.9521909958438482e-07,1.6137102323942093e-07,0.9999996434126569
2019-01-29,10652.2001953125,-0.0008773312978436732,18.43000030517578,5.5,7.37335,0.7063750000000004,5.244785606363234,2.62077575091408,3.457216940363006,Sideways,0.0,1.8614147025234174e-07,1.7277663376999464e-07,0.9999996410843512
2019-01-30,10651.7998046875,-3.758830501756102e-05,17.850000381469727,5.5,7.37335,0.7063750000000004,5.244785606363234,2.62077575091408,3.457216940363006,Sideways,0.0,1.5495023561282138e-07,2.555230288309736e-07,0.9999995895269355
2019-01-31,10830.9501953125,0.016678920874278535,17.1200008392334,5.5,7.37335,0.7063750000000004,5.244785606363234,2.62077575091408,3.457216940363006,Sideways,0.0,1.828926339322397e-07,7.041465348924883e-07,0.9999991129592969
2019-02-01,10893.650390625,0.005772292029816439,15.720000267028809,5.5,7.34735,0.7115,6.5971371256887235,0.882263444751175,2.758620689655178,Sideways,0.0,4.493744528101089e-08,5.759125130155519e-08,0.9999998974744865
2019-02-04,10912.25,0.0017059248691862574,15.720000267028809,5.5,7.34735,0.7115,6.5971371256887235,0.882263444751175,2.758620689655178,Sideways,0.0,7.083426081115785e-08,5.2184836610564656e-08,0.9999998769781162
2019-02-05,10934.349609375,0.0020231630833451035,15.779999732971191,5.5,7.34735,0.7115,6.5971371256887235,0.882263444751175,2.758620689655178,Sideways,0.0,8.291489219630223e-08,5.152233142358943e-08,0.9999998655621402
2019-02-06,11062.4501953125,0.011647333726075786,15.630000114440918,5.5,7.34735,0.7115,6.5971371256887235,0.882263444751175,2.758620689655178,Sideways,0.0,1.5769004639236762e-07,5.3073795069714266e-08,0.999999789237358
2019-02-07,11069.400390625,0.0006280717930916961,15.4399995803833,5.5,7.34735,0.7115,6.5971371256887235,0.882263444751175,2.758620689655178,Sideways,0.0,7.958008916388696e-08,6.79584970742417e-08,0.9999998524581424
2019-02-08,10943.599609375,-0.011429805188104512,15.569999694824219,5.5,7.34735,0.7115,6.5971371256887235,0.882263444751175,2.758620689655178,Sideways,0.0,3.879966410321634e-08,5.629357971194444e-08,0.9999999049032385
2019-02-11,10888.7998046875,-0.005020054711538446,15.84000015258789,5.5,7.34735,0.7115,6.5971371256887235,0.882263444751175,2.758620689655178,Sideways,0.0,3.602357221478213e-08,5.05073638939224e-08,0.9999999134670399
2019-02-12,10831.400390625,-0.005285360831624847,15.75,5.5,7.34735,0.7115,6.5971371256887235,0.882263444751175,2.758620689655178,Sideways,0.0,7.732423318950979e-08,1.1521627702181857e-07,0.9999998074563522
2019-02-14,10746.0498046875,-0.007911132252471094,15.770000457763672,5.5,7.34735,0.7115,6.5971371256887235,0.882263444751175,2.758620689655178,Sideways,0.0,1.0677868770683546e-07,5.3733799907585786e-08,0.999999839485112
2019-02-15,10724.400390625,-0.0020166713974639474,16.459999084472656,5.5,7.34735,0.7115,6.5971371256887235,0.882263444751175,2.758620689655178,Sideways,0.0,1.0844565263889685e-07,5.193634502433599e-08,0.9999998396160792
2019-02-18,10640.9501953125,-0.007811771620307167,18.0,5.5,7.34735,0.7115,6.5971371256887235,0.882263444751175,2.758620689655178,Sideways,0.0,1.1231990932548639e-07,3.9035406056727936e-08,0.9999998486455411
2019-02-19,10604.349609375,-0.003445526538395949,18.469999313354492,5.5,7.34735,0.7115,6.5971371256887235,0.882263444751175,2.758620689655178,Sideways,0.0,1.1307149867172197e-07,3.1277800416839035e-08,0.9999998556522873
2019-02-20,10735.4501953125,0.01228711014362708,17.059999465942383,5.5,7.34735,0.7115,6.5971371256887235,0.882263444751175,2.758620689655178,Sideways,0.0,7.92086393078898e-08,9.130174583843279e-08,0.9999998294879479
2019-02-21,10789.849609375,0.005054473607434973,16.049999237060547,5.5,7.34735,0.7115,6.5971371256887235,0.882263444751175,2.758620689655178,Sideways,0.0,8.990442220114567e-08,1.3512650739812357e-07,0.9999997749692082
2019-02-22,10791.650390625,0.00016688193630472358,15.449999809265137,5.5,7.34735,0.7115,6.5971371256887235,0.882263444751175,2.758620689655178,Sideways,0.0,9.400359028171135e-08,1.2319067407767135e-07,0.9999997828054128
2019-02-25,10880.099609375,0.008162673513503154,15.359999656677246,5.5,7.34735,0.7115,6.5971371256887235,0.882263444751175,2.758620689655178,Sideways,0.0,1.8873376352670278e-07,1.6136685062304266e-07,0.9999996499028088
2019-02-26,10835.2998046875,-0.004126092031890748,17.110000610351562,5.5,7.34735,0.7115,6.5971371256887235,0.882263444751175,2.758620689655178,Sideways,0.0,1.8852223851363746e-07,1.692974050716551e-07,0.9999996421830205
2019-02-27,10806.650390625,-0.0026475831003447124,18.899999618530273,5.5,7.34735,0.7115,6.5971371256887235,0.882263444751175,2.758620689655178,Sideways,0.0,9.553705712690987e-08,1.3316656673131864e-07,0.9999997712948505
2019-02-28,10792.5,-0.0013102730795938819,18.280000686645508,5.5,7.34735,0.7115,6.5971371256887235,0.882263444751175,2.758620689655178,Sideways,0.0,8.787564919267802e-08,1.365741678976096e-07,0.9999997755512847
2019-03-01,10863.5,0.006557097745663337,16.270000457763672,5.5,7.4312,0.9506499999999996,6.968622707366312,-0.171489799783564,2.9285099052541064,Sideways,0.0,3.239761561175081e-08,2.5300506027251423e-08,0.9999999423016578
2019-03-05,10987.4501953125,0.011345183958033887,15.65999984741211,5.5,7.4312,0.9506499999999996,6.968622707366312,-0.171489799783564,2.9285099052541064,Sideways,0.0,3.873524307742892e-08,3.1857702127644144e-08,0.9999999294086617
2019-03-06,11053.0,0.0059481541776258,15.609999656677246,5.5,7.4312,0.9506499999999996,6.968622707366312,-0.171489799783564,2.9285099052541064,Sideways,0.0,5.8962193615551794e-08,3.484862704395008e-08,0.9999999061910829
2019-03-07,11058.2001953125,0.00047036753884395607,15.289999961853027,5.5,7.4312,0.9506499999999996,6.968622707366312,-0.171489799783564,2.9285099052541064,Sideways,0.0,5.818983354531417e-08,3.527757667235923e-08,0.9999999065330528
2019-03-08,11035.400390625,-0.002063929117607768,14.9399995803833,5.5,7.4312,0.9506499999999996,6.968622707366312,-0.171489799783564,2.9285099052541064,Sideways,0.0,4.540525203946354e-08,2.7590891146781728e-08,0.9999999270003199
2019-03-11,11168.0498046875,0.01194868284879883,14.899999618530273,5.5,7.4312,0.9506499999999996,6.968622707366312,-0.171489799783564,2.9285099052541064,Sideways,0.0,6.974467462576174e-08,4.3923402865965985e-08,0.9999998863349966
2019-03-12,11301.2001953125,0.011851926453906937,15.100000381469727,5.5,7.4312,0.9506499999999996,6.968622707366312,-0.171489799783564,2.9285099052541064,Sideways,0.0,1.3106802676129707e-07,7.019882420748917e-08,0.9999997987324807
2019-03-13,11341.7001953125,0.0035772840485137174,15.279999732971191,5.5,7.4312,0.9506499999999996,6.968622707366312,-0.171489799783564,2.9285099052541064,Sideways,0.0,8.242658288276509e-08,5.8009633045456434e-08,0.999999859566752
2019-03-14,11343.25,0.00013663725743869715,15.149999618530273,5.5,7.4312,0.9506499999999996,6.968622707366312,-0.171489799783564,2.9285099052541064,Sideways,0.0,9.469318926707983e-08,5.439052650170486e-08,0.9999998509156396
2019-03-15,11426.849609375,0.0073429617299341126,15.869999885559082,5.5,7.4312,0.9506499999999996,6.968622707366312,-0.171489799783564,2.9285099052541064,Sideways,0.0,2.763454462466952e-07,5.975515316439154e-08,0.9999996639017464
2019-03-18,11462.2001953125,0.003088866890158751,16.899999618530273,5.5,7.4312,0.9506499999999996,6.968622707366312,-0.171489799783564,2.9285099052541064,Sideways,0.0,2.180934660934833e-07,7.861269445422954e-08,0.9999997032937684
2019-03-19,11532.400390625,0.006105817158639563,16.489999771118164,5.5,7.4312,0.9506499999999996,6.968622707366312,-0.171489799783564,2.9285099052541064,Sideways,0.0,3.290942371865325e-07,9.735504737177683e-08,0.9999995735489392
2019-03-20,11521.0498046875,-0.000984719142560533,16.030000686645508,5.5,7.4312,0.9506499999999996,6.968622707366312,-0.171489799783564,2.9285099052541064,Sideways,0.0,2.778908654784749e-07,9.605105393083518e-08,0.9999996260595043
2019-03-22,11456.900390625,-0.005583577314696379,16.270000457763672,5.5,7.4312,0.9506499999999996,6.968622707366312,-0.171489799783564,2.9285099052541064,Sideways,0.0,1.0122271738722005e-07,9.064026195187972e-08,0.9999998081402921
2019-03-25,11354.25,-0.00900007950222714,16.670000076293945,5.5,7.4312,0.9506499999999996,6.968622707366312,-0.171489799783564,2.9285099052541064,Sideways,0.0,3.438107717940014e-08,7.268399480085161e-08,0.9999998929342895
2019-03-26,11483.25,0.011297328693216403,16.489999771118164,5.5,7.4312,0.9506499999999996,6.968622707366312,-0.171489799783564,2.9285099052541064,Sideways,0.0,7.672628234183894e-08,1.222521856531701e-07,0.9999998010244069
2019-03-27,11445.0498046875,-0.003332146821462826,17.049999237060547,5.5,7.4312,0.9506499999999996,6.968622707366312,-0.171489799783564,2.9285099052541064,Sideways,0.0,4.3566406466431614e-08,1.0027318709894269e-07,0.9999998561616043
2019-03-28,11570.0,0.010858236155870985,16.649999618530273,5.5,7.4312,0.9506499999999996,6.968622707366312,-0.171489799783564,2.9285099052541064,Sideways,0.0,1.2732035829567017e-07,1.6140105492286449e-07,0.9999997112754916
2019-04-01,11669.150390625,0.008533099582725414,18.010000228881836,5.5,7.41366,1.05736,7.665521412488241,3.40738001837879,3.095442820292349,Sideways,0.0,3.7188631370029666e-08,6.303516725976951e-08,0.9999998997736889
2019-04-02,11713.2001953125,0.0037677868730356698,18.079999923706055,5.5,7.41366,1.05736,7.665521412488241,3.40738001837879,3.095442820292349,Sideways,0.0,1.2359922306764176e-07,6.168442194332851e-08,0.9999998147177566
2019-04-03,11643.9501953125,-0.005929679070481917,18.780000686645508,5.5,7.41366,1.05736,7.665521412488241,3.40738001837879,3.095442820292349,Sideways,0.0,1.9194277171415045e-08,5.739073054815913e-08,0.999999923413273
2019-04-04,11598.0,-0.00395407913661549,18.649999618530273,5.5,7.41366,1.05736,7.665521412488241,3.40738001837879,3.095442820292349,Sideways,0.0,8.478213948817247e-09,5.625258136910513e-08,0.9999999352658072
2019-04-05,11665.9501953125,0.005841689650914404,18.389999389648438,5.5,7.41366,1.05736,7.665521412488241,3.40738001837879,3.095442820292349,Sideways,0.0,1.1784718101338895e-08,8.951230912213773e-08,0.9999998987041232
2019-04-08,11604.5,-0.005281405184150887,20.149999618530273,5.5,7.41366,1.05736,7.665521412488241,3.40738001837879,3.095442820292349,Sideways,0.0,5.301312872339453e-09,4.072800939965052e-08,0.9999999539722932
2019-04-09,11671.9501953125,0.005795590267793092,20.280000686645508,5.5,7.41366,1.05736,7.665521412488241,3.40738001837879,3.095442820292349,Sideways,0.0,1.0599364386661372e-08,5.978708756385176e-08,0.9999999296123885
2019-04-10,11584.2998046875,-0.007537827950835446,21.1299991607666,5.5,7.41366,1.05736,7.665521412488241,3.40738001837879,3.095442820292349,Sideways,0.0,3.419914874027093e-09,3.607773651059603e-08,0.9999999604988269
2019-04-11,11596.7001953125,0.001069875484907893,20.959999084472656,5.5,7.41366,1.05736,7.665521412488241,3.40738001837879,3.095442820292349,Sideways,0.0,2.214397776446718e-09,3.233855771226375e-08,0.9999999654464778
2019-04-12,11643.4501953125,0.004023215192085498,21.0,5.5,7.41366,1.05736,7.665521412488241,3.40738001837879,3.095442820292349,Sideways,0.0,3.102646748494464e-09,1.0733132660507718e-07,0.9999998895655214
2019-04-15,11690.349609375,0.004019874826265466,21.389999389648438,5.5,7.41366,1.05736,7.665521412488241,3.40738001837879,3.095442820292349,Sideways,0.0,1.6555394257714063e-06,3.887549221763568e-05,0.999959468971741
2019-04-16,11787.150390625,0.008246306446581041,21.690000534057617,5.5,7.41366,1.05736,7.665521412488241,3.40738001837879,3.095442820292349,Bull,1.0,1.343890365381789e-13,6.306382904996464e-17,8.104579780687978e-13
2019-04-18,11752.7998046875,-0.002918494732110024,22.739999771118164,5.5,7.41366,1.05736,7.665521412488241,3.40738001837879,3.095442820292349,Bull,0.0,1.7396738866587472e-06,4.984376935056919e-05,0.9999484165590445
2019-04-22,11594.4501953125,-0.013564941266796056,24.049999237060547,5.5,7.41366,1.05736,7.665521412488241,3.40738001837879,3.095442820292349,Bull,0.0,1.3127469617795124e-09,5.341282276855523e-08,0.9999999452775242
2019-04-23,11575.9501953125,-0.001596865278055509,24.649999618530273,5.5,7.41366,1.05736,7.665521412488241,3.40738001837879,3.095442820292349,Bull,0.0,1.0560007044686541e-09,1.5908238035543033e-08,0.999999983032467
2019-04-24,11726.150390625,0.01289173694761699,23.709999084472656,5.5,7.41366,1.05736,7.665521412488241,3.40738001837879,3.095442820292349,Bull,0.0,4.044293034473023e-09,5.024543061655838e-08,0.9999999457068057
2019-04-25,11641.7998046875,-0.007219371112150696,23.229999542236328,5.5,7.41366,1.05736,7.665521412488241,3.40738001837879,3.095442820292349,Sideways,0.0,2.1872836450901146e-09,2.6733085668128854e-08,0.9999999710780689
2019-04-26,11754.650390625,0.00964688746996101,21.719999313354492,5.5,7.41366,1.05736,7.665521412488241,3.40738001837879,3.095442820292349,Sideways,0.0,5.6149961038713175e-09,8.627047218482325e-08,0.9999999081119355
2019-04-30,11748.150390625,-0.0005531255807526546,21.829999923706055,5.5,7.41366,1.05736,7.665521412488241,3.40738001837879,3.095442820292349,Sideways,0.0,7.020999202620049e-09,8.812151384957018e-08,0.9999999048595828
2019-05-02,11724.75,-0.0019938224921164987,22.979999542236328,5.5,7.421075,1.1165000000000003,8.333287948515466,2.12393798910653,3.239556692242118,Sideways,0.0,1.934400956785124e-09,2.092283513112603e-08,0.9999999771462174
2019-05-03,11712.25,-0.0010666895238500144,24.030000686645508,5.5,7.421075,1.1165000000000003,8.333287948515466,2.12393798910653,3.239556692242118,Sideways,0.0,1.0685614958581488e-09,1.4719918145892797e-08,0.9999999842111721
2019-05-06,11598.25,-0.00978107795702945,26.43000030517578,5.5,7.421075,1.1165000000000003,8.333287948515466,2.12393798910653,3.239556692242118,Sideways,0.0,4.767935114000779e-10,4.118873473742643e-09,0.9999999954015948
2019-05-07,11497.900390625,-0.008689780690377916,26.479999542236328,5.5,7.421075,1.1165000000000003,8.333287948515466,2.12393798910653,3.239556692242118,Sideways,0.0,3.470818968865552e-10,2.0478093508930717e-09,0.99999999760621
2019-05-08,11359.4501953125,-0.012114430150335101,26.3700008392334,5.5,7.421075,1.1165000000000003,8.333287948515466,2.12393798910653,3.239556692242118,Sideways,0.0,3.25492733867705e-10,7.421410820579797e-10,0.9999999989304342
2019-05-09,11301.7998046875,-0.005088026035289156,25.489999771118164,5.5,7.421075,1.1165000000000003,8.333287948515466,2.12393798910653,3.239556692242118,Sideways,0.0,3.501045030311044e-10,5.244624700122841e-10,0.9999999991268851
2019-05-10,11278.900390625,-0.0020282295690185756,26.34000015258789,5.5,7.421075,1.1165000000000003,8.333287948515466,2.12393798910653,3.239556692242118,Sideways,0.0,3.419767041749576e-10,4.822488978939657e-10,0.9999999991778168
2019-05-13,11148.2001953125,-0.011655690801341047,27.3799991607666,5.5,7.421075,1.1165000000000003,8.333287948515466,2.12393798910653,3.239556692242118,Sideways,0.0,3.7258699155201126e-10,2.1233995147744717e-10,0.9999999994179234
2019-05-14,11222.0498046875,0.006602508032110876,27.1299991607666,5.5,7.421075,1.1165000000000003,8.333287948515466,2.12393798910653,3.239556692242118,Sideways,0.0,2.7225038832124976e-10,5.185454221649786e-10,0.9999999992069206
2019-05-15,11157.0,-0.0058134718372332824,28.65999984741211,5.5,7.421075,1.1165000000000003,8.333287948515466,2.12393798910653,3.239556692242118,Sideways,0.0,2.4283427972940644e-10,4.1911519222919144e-10,0.9999999993378879
2019-05-16,11257.099609375,0.00893190238330833,28.3700008392334,5.5,7.421075,1.1165000000000003,8.333287948515466,2.12393798910653,3.239556692242118,Sideways,0.0,2.0780055466572258e-10,7.188667077627373e-10,0.9999999990759534
2019-05-17,11407.150390625,0.013241380029110123,28.079999923706055,5.5,7.421075,1.1165000000000003,8.333287948515466,2.12393798910653,3.239556692242118,Sideways,0.0,1.066777258111569e-07,7.802105453014173e-07,0.9999991131120918
2019-05-20,11828.25,0.03625035203017847,23.68000030517578,5.5,7.421075,1.1165000000000003,8.333287948515466,2.12393798910653,3.239556692242118,Bull,1.0,7.386365432246337e-13,4.653952224398803e-18,1.0179348212173742e-12
2019-05-21,11709.099609375,-0.010124454145348287,25.649999618530273,5.5,7.421075,1.1165000000000003,8.333287948515466,2.12393798910653,3.239556692242118,Bull,0.0,1.7135667300174974e-06,2.7836906476708448e-06,0.9999955027407114
2019-05-22,11737.900390625,0.0024566721316128274,27.6299991607666,5.5,7.421075,1.1165000000000003,8.333287948515466,2.12393798910653,3.239556692242118,Bull,0.0,1.2843612979663134e-08,5.442759353949262e-09,0.9999999817155187
2019-05-23,11657.0498046875,-0.006911825598039294,19.40999984741211,5.5,7.421075,1.1165000000000003,8.333287948515466,2.12393798910653,3.239556692242118,Bull,0.0,1.8205263128654397e-06,6.07596787527822e-07,0.9999975718776488
2019-05-24,11844.099609375,0.01591868987483049,16.469999313354492,5.5,7.421075,1.1165000000000003,8.333287948515466,2.12393798910653,3.239556692242118,Bull,1.0,1.240341871716186e-13,3.950886835602645e-19,8.064045002911157e-16
2019-05-27,11924.75,0.00678625187736734,16.190000534057617,5.5,7.421075,1.1165000000000003,8.333287948515466,2.12393798910653,3.239556692242118,Bull,1.0,9.256911070029114e-14,2.483685365536076e-18,5.387107270847234e-18
2019-05-28,11928.75,0.00033538055526396364,15.920000076293945,5.5,7.421075,1.1165000000000003,8.333287948515466,2.12393798910653,3.239556692242118,Bull,1.0,5.975944064786017e-14,6.553229568219947e-19,8.732876015724861e-16
2019-05-29,11861.099609375,-0.005687347678687314,16.40999984741211,5.5,7.421075,1.1165000000000003,8.333287948515466,2.12393798910653,3.239556692242118,Sideways,0.0,0.0003863640301359053,0.0005989293415701838,0.9990147066268402
2019-05-30,11945.900390625,0.007124050901094894,15.609999656677246,5.5,7.421075,1.1165000000000003,8.333287948515466,2.12393798910653,3.239556692242118,Sideways,1.0,6.496104064048002e-14,2.5065208335272466e-19,1.6111243683828348e-13
2019-05-31,11922.7998046875,-0.001935638971628022,16.06999969482422,5.5,7.421075,1.1165000000000003,8.333287948515466,2.12393798910653,3.239556692242118,Sideways,0.0,0.0006099219147958807,0.0011147512443475814,0.9982753268431283
2019-06-03,12088.5498046875,0.013806190447529239,15.970000267028809,5.5,7.3271,0.9542199999999994,8.650538436837119,4.63655565014884,2.789518174133554,Sideways,1.0,8.166850425012146e-16,1.6905347888253988e-19,6.719755565586973e-14
2019-06-04,12021.650390625,-0.0055494840533033855,15.630000114440918,5.5,7.3271,0.9542199999999994,8.650538436837119,4.63655565014884,2.789518174133554,Sideways,0.0,7.516252983176658e-08,1.4393021109317957e-06,0.9999984855323973
2019-06-06,11843.75,-0.014908921111632112,15.529999732971191,5.5,7.3271,0.9542199999999994,8.650538436837119,4.63655565014884,2.789518174133554,Sideways,0.0,8.714004280889018e-11,9.661967237765827e-10,0.9999999989449861
2019-06-07,11870.650390625,0.0022686976453037896,14.859999656677246,5.5,7.3271,0.9542199999999994,8.650538436837119,4.63655565014884,2.789518174133554,Sideways,0.0,1.0700601422028428e-10,8.028215794307424e-10,0.9999999990905053
2019-06-10,11922.7001953125,0.004375162508348263,14.979999542236328,5.5,7.3271,0.9542199999999994,8.650538436837119,4.63655565014884,2.789518174133554,Sideways,0.0,1.6095533111678845e-10,1.384689012342801e-09,0.999999998457497
2019-06-11,11965.599609375,0.003591671280959742,14.489999771118164,5.5,7.3271,0.9542199999999994,8.650538436837119,4.63655565014884,2.789518174133554,Sideways,0.0,2.9070422091181367e-10,1.3469346354835165e-09,0.9999999983629095
2019-06-12,11906.2001953125,-0.0049765444699523915,14.119999885559082,5.5,7.3271,0.9542199999999994,8.650538436837119,4.63655565014884,2.789518174133554,Sideways,0.0,1.428769746634094e-10,1.1050775152131689e-09,0.9999999987485353
2019-06-13,11914.0498046875,0.0006590703001973485,13.65999984741211,5.5,7.3271,0.9542199999999994,8.650538436837119,4.63655565014884,2.789518174133554,Sideways,0.0,1.8691273444526708e-10,1.3867892087270238e-09,0.9999999984283932
2019-06-14,11823.2998046875,-0.00764621523730026,13.899999618530273,5.5,7.3271,0.9542199999999994,8.650538436837119,4.63655565014884,2.789518174133554,Sideways,0.0,7.789756231171951e-11,9.747769905985324e-10,0.9999999989449861
2019-06-17,11672.150390625,-0.012866448437943826,14.649999618530273,5.5,7.3271,0.9542199999999994,8.650538436837119,4.63655565014884,2.789518174133554,Sideways,0.0,3.193505846928078e-11,5.151077137294302e-10,0.9999999994543032
2019-06-18,11691.5,0.0016563861789982873,14.600000381469727,5.5,7.3271,0.9542199999999994,8.650538436837119,4.63655565014884,2.789518174133554,Sideways,0.0,1.9653920491417687e-11,2.4834186633650806e-10,0.9999999997307896
2019-06-19,11691.4501953125,-4.259914774167141e-06,14.729999542236328,5.5,7.3271,0.9542199999999994,8.650538436837119,4.63655565014884,2.789518174133554,Sideways,0.0,1.7293762103682953e-11,4.345502813082418e-10,0.9999999995488906
2019-06-20,11831.75,0.011928773907426743,14.0,5.5,7.3271,0.9542199999999994,8.650538436837119,4.63655565014884,2.789518174133554,Sideways,0.0,2.8428586350428372e-11,1.1231459167091033e-09,0.9999999988503987
2019-06-21,11724.099609375,-0.009140077037704798,14.609999656677246,5.5,7.3271,0.9542199999999994,8.650538436837119,4.63655565014884,2.789518174133554,Sideways,0.0,1.8375715702133468e-11,8.33771273442821e-10,0.999999999148713
2019-06-24,11699.650390625,-0.0020875587921609646,15.220000267028809,5.5,7.3271,0.9542199999999994,8.650538436837119,4.63655565014884,2.789518174133554,Sideways,0.0,1.7047435139098425e-11,6.775950991593754e-10,0.999999999308784
2019-06-25,11796.4501953125,0.00823969509310694,15.010000228881836,5.5,7.3271,0.9542199999999994,8.650538436837119,4.63655565014884,2.789518174133554,Sideways,0.0,2.6381158979908995e-11,1.220684747444208e-09,0.9999999987558112
2019-06-26,11847.5498046875,0.0043224233576614314,14.75,5.5,7.3271,0.9542199999999994,8.650538436837119,4.63655565014884,2.789518174133554,Sideways,0.0,3.649036592136485e-11,1.6239949928363198e-09,0.9999999983410817
2019-06-27,11841.5498046875,-0.0005065621089227406,14.649999618530273,5.5,7.3271,0.9542199999999994,8.650538436837119,4.63655565014884,2.789518174133554,Sideways,0.0,2.6901374312416776e-11,1.6507142725109135e-09,0.9999999983192538
2019-06-28,11788.849609375,-0.004460380187531091,14.949999809265137,5.5,7.3271,0.9542199999999994,8.650538436837119,4.63655565014884,2.789518174133554,Sideways,0.0,2.164352890850338e-11,1.1569267059180577e-09,0.9999999988212949
2019-07-01,11865.599609375,0.006489288220080564,14.600000381469727,5.5,6.96805,0.9632749999999994,8.591089371297155,0.51894544724318,2.015113350125941,Sideways,0.0,2.0344327601769962e-09,1.3988310156820835e-08,0.9999999839783414
2019-07-02,11910.2998046875,0.003760130979735517,14.25,5.5,6.96805,0.9632749999999994,8.591089371297155,0.51894544724318,2.015113350125941,Sideways,0.0,2.1948315315988507e-09,1.7242070639930535e-08,0.9999999805659174
2019-07-03,11916.75,0.0005414178862205623,13.699999809265137,5.5,6.96805,0.9632749999999994,8.591089371297155,0.51894544724318,2.015113350125941,Sideways,0.0,2.1986898322181756e-09,1.773216521446311e-08,0.9999999800711523
2019-07-04,11946.75,0.0025143014062712723,13.529999732971191,5.5,6.96805,0.9632749999999994,8.591089371297155,0.51894544724318,2.015113350125941,Sideways,0.0,3.5203540265602796e-09,2.4659526030924933e-08,0.9999999718202166
2019-07-05,11811.150390625,-0.011415241213692496,13.069999694824219,5.5,6.96805,0.9632749999999994,8.591089371297155,0.51894544724318,2.015113350125941,Sideways,0.0,1.4142995958846578e-09,9.020581096466652e-09,0.9999999895662768
2019-07-08,11558.599609375,-0.021614318798492883,13.850000381469727,5.5,6.96805,0.9632749999999994,8.591089371297155,0.51894544724318,2.015113350125941,Sideways,0.0,8.239784558549194e-10,1.5771311363528827e-09,0.999999997598934
2019-07-09,11555.900390625,-0.0002335519922360358,13.6899995803833,5.5,6.96805,0.9632749999999994,8.591089371297155,0.51894544724318,2.015113350125941,Sideways,0.0,8.837145674396424e-10,1.2421709350251647e-09,0.9999999978754204
2019-07-10,11498.900390625,-0.0049447502653284115,13.640000343322754,5.5,6.96805,0.9632749999999994,8.591089371297155,0.51894544724318,2.015113350125941,Sideways,0.0,8.899833104849492e-10,9.136872457714106e-10,0.9999999981955625
2019-07-11,11582.900390625,0.007278493704286908,12.470000267028809,5.5,6.96805,0.9632749999999994,8.591089371297155,0.51894544724318,2.015113350125941,Sideways,0.0,1.0495084351648823e-09,9.66953038601232e-10,0.9999999979845597
2019-07-12,11552.5,-0.002628042532973005,12.0,5.5,6.96805,0.9632749999999994,8.591089371297155,0.51894544724318,2.015113350125941,Sideways,0.0,8.761608880181456e-10,9.117080518844972e-10,0.9999999982101144
2019-07-15,11588.349609375,0.003098385639232596,12.020000457763672,5.5,6.96805,0.9632749999999994,8.591089371297155,0.51894544724318,2.015113350125941,Sideways,0.0,9.525520380875131e-10,2.269814096931003e-09,0.9999999967767508
2019-07-16,11662.599609375,0.006386857732255645,11.5600004196167,5.5,6.96805,0.9632749999999994,8.591089371297155,0.51894544724318,2.015113350125941,Sideways,0.0,1.3643555347959096e-09,2.6328173202807774e-09,0.9999999960054993
2019-07-17,11687.5,0.00213278748103271,11.800000190734863,5.5,6.96805,0.9632749999999994,8.591089371297155,0.51894544724318,2.015113350125941,Sideways,0.0,1.381094334360631e-09,2.707424627970754e-09,0.9999999959109118
2019-07-18,11596.900390625,-0.007782039913567366,11.75,5.5,6.96805,0.9632749999999994,8.591089371297155,0.51894544724318,2.015113350125941,Sideways,0.0,6.143522245301607e-10,1.4954060719580171e-09,0.9999999978899723
2019-07-19,11419.25,-0.015437326885714045,12.520000457763672,5.5,6.96805,0.9632749999999994,8.591089371297155,0.51894544724318,2.015113350125941,Sideways,0.0,4.991366506099085e-10,9.364962233726115e-10,0.9999999985666364
2019-07-22,11346.2001953125,-0.00641762449493666,13.010000228881836,5.5,6.96805,0.9632749999999994,8.591089371297155,0.51894544724318,2.015113350125941,Sideways,0.0,4.579734518610361e-10,6.903644652845606e-10,0.9999999988503987
2019-07-23,11331.0498046875,-0.001336175495625011,13.430000305175781,5.5,6.96805,0.9632749999999994,8.591089371297155,0.51894544724318,2.015113350125941,Sideways,0.0,5.002837616490974e-10,4.5554970853294084e-10,0.9999999990468496
2019-07-24,11271.2998046875,-0.005287073265915101,12.760000228881836,5.5,6.96805,0.9632749999999994,8.591089371297155,0.51894544724318,2.015113350125941,Sideways,0.0,6.074072191566449e-10,2.727734277877094e-10,0.9999999991196091
2019-07-25,11252.150390625,-0.001700398341321937,12.640000343322754,5.5,6.96805,0.9632749999999994,8.591089371297155,0.51894544724318,2.015113350125941,Sideways,0.0,5.572118709878416e-10,2.932156434054204e-10,0.999999999148713
2019-07-26,11284.2998046875,0.0028531055771835417,12.130000114440918,5.5,6.96805,0.9632749999999994,8.591089371297155,0.51894544724318,2.015113350125941,Sideways,0.0,4.399197123884638e-10,5.123615269529544e-10,0.9999999990468496
2019-07-29,11189.2001953125,-0.008463316975262767,13.0600004196167,5.5,6.96805,0.9632749999999994,8.591089371297155,0.51894544724318,2.015113350125941,Sideways,0.0,4.914152614448043e-10,3.317753916903529e-10,0.9999999991778168
2019-07-30,11085.400390625,-0.009320082365343962,13.609999656677246,5.5,6.96805,0.9632749999999994,8.591089371297155,0.51894544724318,2.015113350125941,Sideways,0.0,6.17925333715005e-10,1.6638916174459364e-10,0.9999999992141966
2019-07-31,11118.0,0.002936454076975709,13.59000015258789,5.5,6.96805,0.9632749999999994,8.591089371297155,0.51894544724318,2.015113350125941,Sideways,0.0,5.327451297924592e-10,2.267336855978334e-10,0.9999999992433004
2019-08-01,10980.0,-0.012489980449893174,14.5600004196167,5.5,6.597725,0.7684499999999996,5.980012488937558,4.54376398578773,1.1676396997497784,Sideways,0.0,7.096838385102575e-07,1.4493710372171977e-07,0.9999991453809357
2019-08-02,10997.349609375,0.001578863082899198,15.1899995803833,5.5,6.597725,0.7684499999999996,5.980012488937558,4.54376398578773,1.1676396997497784,Sideways,0.0,6.416155239208894e-07,1.5496620871387492e-07,0.9999992034212017
2019-08-05,10862.599609375,-0.012328638591802651,16.59000015258789,5.5,6.597725,0.7684499999999996,5.980012488937558,4.54376398578773,1.1676396997497784,Sideways,0.0,9.707807354377485e-07,9.033332097319507e-08,0.9999989388894565
2019-08-06,10948.25,0.007853965566277007,16.1200008392334,5.5,6.597725,0.7684499999999996,5.980012488937558,4.54376398578773,1.1676396997497784,Sideways,0.0,5.757677448494823e-07,2.207130739364051e-07,0.9999992035157891
2019-08-07,10855.5,-0.00850776214660283,16.739999771118164,5.5,6.597725,0.7684499999999996,5.980012488937558,4.54376398578773,1.1676396997497784,Sideways,0.0,8.489533945189981e-07,1.2212251512419541e-07,0.9999990289220645
2019-08-08,11032.4501953125,0.016169083798241606,16.09000015258789,5.5,6.597725,0.7684499999999996,5.980012488937558,4.54376398578773,1.1676396997497784,Sideways,0.0,5.966453999515582e-07,4.0658735345892973e-07,0.9999989967696395
2019-08-09,11109.650390625,0.006973187375465333,15.850000381469727,5.5,6.597725,0.7684499999999996,5.980012488937558,4.54376398578773,1.1676396997497784,Sideways,0.0,5.757635826947745e-07,6.425345926980068e-07,0.9999987816998473
2019-08-13,10925.849609375,-0.016682629759426824,17.780000686645508,5.5,6.597725,0.7684499999999996,5.980012488937558,4.54376398578773,1.1676396997497784,Sideways,0.0,8.20133254930175e-07,2.122234948080633e-07,0.9999989676440109
2019-08-14,11029.400390625,0.009432964697282421,16.360000610351562,5.5,6.597725,0.7684499999999996,5.980012488937558,4.54376398578773,1.1676396997497784,Sideways,0.0,3.874361561989231e-07,4.559805971580418e-07,0.999999156585901
2019-08-16,11047.7998046875,0.00166682533651526,16.649999618530273,5.5,6.597725,0.7684499999999996,5.980012488937558,4.54376398578773,1.1676396997497784,Sideways,0.0,4.99870242718716e-07,4.5756117531362353e-07,0.9999990425717478
2019-08-19,11053.900390625,0.0005520467691192048,16.75,5.5,6.597725,0.7684499999999996,5.980012488937558,4.54376398578773,1.1676396997497784,Sideways,0.0,3.174451146512636e-07,6.679295074806193e-07,0.9999990146248218
2019-08-20,11017.0,-0.0033438078514244876,16.6299991607666,5.5,6.597725,0.7684499999999996,5.980012488937558,4.54376398578773,1.1676396997497784,Sideways,0.0,1.48643347927171e-06,5.6513833036014644e-06,0.9999928621800876
2019-08-21,10918.7001953125,-0.008962600859057328,17.020000457763672,5.5,6.597725,0.7684499999999996,5.980012488937558,4.54376398578773,1.1676396997497784,Sideways,0.0,2.000231451675104e-06,5.167742898027106e-06,0.9999928320287349
2019-08-22,10741.349609375,-0.016376190359974212,17.850000381469727,5.5,6.597725,0.7684499999999996,5.980012488937558,4.54376398578773,1.1676396997497784,Sideways,0.0,4.26443696398754e-06,1.589144668779666e-06,0.9999941464219202
2019-08-23,10829.349609375,0.008159261534645986,17.350000381469727,5.5,6.597725,0.7684499999999996,5.980012488937558,4.54376398578773,1.1676396997497784,Sideways,0.0,3.1654653028354054e-06,3.6363354226128594e-06,0.9999931981960202
2019-08-26,11057.849609375,0.020880542984676998,16.65999984741211,5.5,6.597725,0.7684499999999996,5.980012488937558,4.54376398578773,1.1676396997497784,Sideways,0.0,2.056643265206157e-06,1.4707120547114047e-05,0.9999832362395829
2019-08-27,11105.349609375,0.004286391351556263,16.010000228881836,5.5,6.597725,0.7684499999999996,5.980012488937558,4.54376398578773,1.1676396997497784,Sideways,0.0,2.269510003828215e-06,2.0856838195857857e-05,0.9999768736506933
2019-08-28,11046.099609375,-0.005349549884040612,16.84000015258789,5.5,6.597725,0.7684499999999996,5.980012488937558,4.54376398578773,1.1676396997497784,Sideways,0.0,2.8694204230188487e-06,1.9813821942196717e-05,0.9999773167609144
2019-08-29,10948.2998046875,-0.008893213897011299,16.43000030517578,5.5,6.597725,0.7684499999999996,5.980012488937558,4.54376398578773,1.1676396997497784,Sideways,0.0,4.704829300499604e-06,1.5770552013282686e-05,0.9999795246171593
2019-08-30,11023.25,0.00682250334649108,16.280000686645508,5.5,6.597725,0.7684499999999996,5.980012488937558,4.54376398578773,1.1676396997497784,Sideways,0.0,4.6326074239356985e-06,1.3632879940218422e-05,0.9999817345155099
2019-09-03,10797.900390625,-0.020654971620241963,18.059999465942383,5.5,6.61912,1.1301799999999993,6.3122112801681896,-1.41192194401558,1.1656952539550458,Sideways,0.0,9.144042297127771e-06,2.0151020018449428e-07,0.9999906544471884
2019-09-04,10844.650390625,0.004320199886309888,17.239999771118164,5.5,6.61912,1.1301799999999993,6.3122112801681896,-1.41192194401558,1.1656952539550458,Sideways,0.0,9.494090922076477e-06,1.7183377776589094e-07,0.999990334075268
2019-09-05,10847.900390625,0.00029964203445609783,17.270000457763672,5.5,6.61912,1.1301799999999993,6.3122112801681896,-1.41192194401558,1.1656952539550458,Sideways,0.0,9.53772148276058e-06,2.2867062261550123e-07,0.9999902336098215
2019-09-06,10946.2001953125,0.00902083303672415,16.270000457763672,5.5,6.61912,1.1301799999999993,6.3122112801681896,-1.41192194401558,1.1656952539550458,Sideways,0.0,9.521723689737025e-06,3.7938338923024855e-07,0.9999900988895152
2019-09-09,11003.0498046875,0.005180107429441778,15.850000381469727,5.5,6.61912,1.1301799999999993,6.3122112801681896,-1.41192194401558,1.1656952539550458,Sideways,0.0,1.8465506107228958e-05,4.4538560488126275e-07,0.9999810891064109
2019-09-11,11035.7001953125,0.0029630005796600876,15.369999885559082,5.5,6.61912,1.1301799999999993,6.3122112801681896,-1.41192194401558,1.1656952539550458,Sideways,0.0,6.268415887758998e-05,3.8196091102932204e-07,0.9999369338790123
2019-09-12,10982.7998046875,-0.004805095025496559,14.899999618530273,5.5,6.61912,1.1301799999999993,6.3122112801681896,-1.41192194401558,1.1656952539550458,Sideways,0.0,0.00019362721118320082,2.929430665504392e-07,0.9998060798427609
2019-09-13,11075.900390625,0.008441217109748283,14.119999885559082,5.5,6.61912,1.1301799999999993,6.3122112801681896,-1.41192194401558,1.1656952539550458,Sideways,0.0,0.0008165615850325655,3.659002456450956e-07,0.9991830725146059
2019-09-16,11003.5,-0.006558207998363749,14.949999809265137,5.5,6.61912,1.1301799999999993,6.3122112801681896,-1.41192194401558,1.1656952539550458,Sideways,0.0,0.0025977716979109842,1.0119798034747763e-06,0.9974012163203798
2019-09-17,10817.599609375,-0.017039002763312223,16.020000457763672,5.5,6.61912,1.1301799999999993,6.3122112801681896,-1.41192194401558,1.1656952539550458,Sideways,0.0,0.012990626787013244,1.4440776713670726e-06,0.9870079291370314
2019-09-18,10840.650390625,0.002128592102631135,15.350000381469727,5.5,6.61912,1.1301799999999993,6.3122112801681896,-1.41192194401558,1.1656952539550458,Sideways,0.0,0.05248570525156673,5.053920708201796e-06,0.9475092408289013
2019-09-19,10704.7998046875,-0.012610772583449698,15.550000190734863,5.5,6.61912,1.1301799999999993,6.3122112801681896,-1.41192194401558,1.1656952539550458,Sideways,0.0,0.2146067064292744,7.756251538943667e-06,0.7853855373169442
2019-09-20,11274.2001953125,0.051824725995144275,15.399999618530273,5.5,6.61912,1.1301799999999993,6.3122112801681896,-1.41192194401558,1.1656952539550458,Bear,0.0,0.6184567377476922,5.8551626999885573e-05,0.38148471062219047
2019-09-23,11600.2001953125,0.028505409421526316,16.790000915527344,5.5,6.61912,1.1301799999999993,6.3122112801681896,-1.41192194401558,1.1656952539550458,Bear,0.0,0.9816972606311155,2.7875133378497456e-06,0.018299951854201888
2019-09-24,11588.2001953125,-0.0010350003337080292,16.729999542236328,5.5,6.61912,1.1301799999999993,6.3122112801681896,-1.41192194401558,1.1656952539550458,Bear,0.0,0.999205226680177,1.1279910797298108e-07,0.0007946605172157259
2019-09-25,11440.2001953125,-0.01285387045749521,16.170000076293945,5.5,6.61912,1.1301799999999993,6.3122112801681896,-1.41192194401558,1.1656952539550458,Bear,0.0,0.9998797205062522,1.4205072482141635e-07,0.00012013744630071179
2019-09-26,11571.2001953125,0.011385783826013006,16.34000015258789,5.5,6.61912,1.1301799999999993,6.3122112801681896,-1.41192194401558,1.1656952539550458,Bear,0.0,0.9999865026221915,4.057131770556013e-08,1.345680612536876e-05
2019-09-27,11512.400390625,-0.005094519950938459,16.110000610351562,5.5,6.61912,1.1301799999999993,6.3122112801681896,-1.41192194401558,1.1656952539550458,Bear,0.0,0.9999660811231506,7.615272804762644e-07,3.315734733583719e-05
2019-09-30,11474.4501953125,-0.003301907727659163,15.869999885559082,5.5,6.61912,1.1301799999999993,6.3122112801681896,-1.41192194401558,1.1656952539550458,Bear,0.0,0.9999470798099274,9.410174228299479e-07,5.197917027579189e-05
2019-10-01,11359.900390625,-0.01003319671254013,16.760000228881836,5.5,6.81335,1.4686249999999994,6.976695711986669,-4.09101870169242,0.3308519437551727,Bear,0.0,0.9999588367896078,4.003435476980165e-07,4.076286445015651e-05
2019-10-03,11314.0,-0.004048747902700529,17.700000762939453,5.5,6.81335,1.4686249999999994,6.976695711986669,-4.09101870169242,0.3308519437551727,Bear,0.0,0.9999701205040975,2.4994171937331983e-07,2.9629550885270168e-05
2019-10-04,11174.75,-0.012384128036227408,17.579999923706055,5.5,6.81335,1.4686249999999994,6.976695711986669,-4.09101870169242,0.3308519437551727,Bear,0.0,0.9999723699690563,1.066364213588728e-07,2.752339774251054e-05
2019-10-07,11126.400390625,-0.004336070945390455,17.829999923706055,5.5,6.81335,1.4686249999999994,6.976695711986669,-4.09101870169242,0.3308519437551727,Bear,0.0,0.9999624702307678,1.2519425459826217e-07,3.740457179023821e-05
2019-10-09,11313.2998046875,0.016658309554353663,17.15999984741211,5.5,6.81335,1.4686249999999994,6.976695711986669,-4.09101870169242,0.3308519437551727,Bear,0.0,0.9999539628890459,3.937697909959251e-07,4.5643340773812126e-05
2019-10-10,11234.5498046875,-0.006985173448092334,17.229999542236328,5.5,6.81335,1.4686249999999994,6.976695711986669,-4.09101870169242,0.3308519437551727,Bear,0.0,0.9999489279380281,4.135119331102109e-07,5.0658553531800936e-05
2019-10-11,11305.0498046875,0.006255677219734019,17.139999389648438,5.5,6.81335,1.4686249999999994,6.976695711986669,-4.09101870169242,0.3308519437551727,Bear,0.0,0.9999552746846702,5.781408724199576e-07,4.41471762199249e-05
2019-10-14,11341.150390625,0.0031882272704231176,17.43000030517578,5.5,6.81335,1.4686249999999994,6.976695711986669,-4.09101870169242,0.3308519437551727,Bear,0.0,0.9999749068466995,3.911560769776163e-07,2.4701997797515804e-05
2019-10-15,11428.2998046875,0.007654979710518189,16.850000381469727,5.5,6.81335,1.4686249999999994,6.976695711986669,-4.09101870169242,0.3308519437551727,Bear,0.0,0.9999888343050225,2.229392505145895e-07,1.0942755152958333e-05
2019-10-16,11464.0,0.0031189722795879394,16.360000610351562,5.5,6.81335,1.4686249999999994,6.976695711986669,-4.09101870169242,0.3308519437551727,Bear,0.0,0.9999892013876047,4.1689726037453647e-07,1.0381714387185996e-05
2019-10-17,11586.349609375,0.010615956850818441,15.880000114440918,5.5,6.81335,1.4686249999999994,6.976695711986669,-4.09101870169242,0.3308519437551727,Bear,0.0,0.9999982020470063,5.3116769524300524e-08,1.7448395549419495e-06
2019-10-18,11661.849609375,0.006495149556810502,15.930000305175781,5.5,6.81335,1.4686249999999994,6.976695711986669,-4.09101870169242,0.3308519437551727,Bear,0.0,0.9999988028146508,4.840550252931304e-08,1.1487827695773357e-06
2019-10-22,11588.349609375,-0.006322547531982618,16.809999465942383,5.5,6.81335,1.4686249999999994,6.976695711986669,-4.09101870169242,0.3308519437551727,Bear,0.0,0.9999961310606788,9.059165748381797e-08,3.7783507084783123e-06
2019-10-23,11604.099609375,0.0013582008758651655,16.540000915527344,5.5,6.81335,1.4686249999999994,6.976695711986669,-4.09101870169242,0.3308519437551727,Bear,0.0,0.9999744370281883,8.03459470803679e-07,2.4759511958248233e-05
2019-10-24,11582.599609375,-0.001854512016487498,16.239999771118164,5.5,6.81335,1.4686249999999994,6.976695711986669,-4.09101870169242,0.3308519437551727,Bear,0.0,0.9999453261220043,1.3432557468275191e-06,5.333062352153729e-05
2019-10-25,11583.900390625,0.00011229846989121649,15.319999694824219,5.5,6.81335,1.4686249999999994,6.976695711986669,-4.09101870169242,0.3308519437551727,Bear,0.0,0.9999441562999779,1.213258368710834e-06,5.4630441322925263e-05
2019-10-29,11786.849609375,0.017368233407476515,16.420000076293945,5.5,6.81335,1.4686249999999994,6.976695711986669,-4.09101870169242,0.3308519437551727,Bear,0.0,0.9999799834588604,1.1164025154409373e-06,1.890013853847036e-05
2019-10-30,11844.099609375,0.004845350178432992,16.65999984741211,5.5,6.81335,1.4686249999999994,6.976695711986669,-4.09101870169242,0.3308519437551727,Bear,0.0,0.9999922133368573,7.953914341294143e-07,6.991271301881062e-06
2019-10-31,11877.4501953125,0.0028118405572833054,16.280000686645508,5.5,6.81335,1.4686249999999994,6.976695711986669,-4.09101870169242,0.3308519437551727,Bear,0.0,0.9999951286782067,6.190015166280304e-07,4.252317237525928e-06
2019-11-01,11890.599609375,0.0011064782775295006,15.729999542236328,5.5,6.5418,1.3617500000000007,7.61588028156821,-5.58725544386828,0.0,Bear,0.0,0.999993709867114,4.260997883930823e-07,5.864032413770548e-06
2019-11-04,11941.2998046875,0.004254824252091804,15.930000305175781,5.5,6.5418,1.3617500000000007,7.61588028156821,-5.58725544386828,0.0,Bear,0.0,0.9999964225199037,2.24832876247788e-07,3.352645928479823e-06
2019-11-05,11917.2001953125,-0.002020212299297299,15.920000076293945,5.5,6.5418,1.3617500000000007,7.61588028156821,-5.58725544386828,0.0,Bear,0.0,0.9999911923465765,7.093703665641108e-07,8.098286174584602e-06
2019-11-06,11966.0498046875,0.004090706038353768,15.779999732971191,5.5,6.5418,1.3617500000000007,7.61588028156821,-5.58725544386828,0.0,Bear,0.0,0.9999952114854803,3.5440263275199915e-07,4.4341142535856966e-06
2019-11-07,12012.0498046875,0.003836839214212366,15.210000038146973,5.5,6.5418,1.3617500000000007,7.61588028156821,-5.58725544386828,0.0,Bear,0.0,0.999995837375105,2.323743992946456e-07,3.930248339738745e-06
2019-11-08,11908.150390625,-0.008687223905779385,15.859999656677246,5.5,6.5418,1.3617500000000007,7.61588028156821,-5.58725544386828,0.0,Bear,0.0,0.9999771655481289,9.541492107178256e-07,2.1880305635538312e-05
2019-11-11,11913.4501953125,0.0004449579074941643,16.25,5.5,6.5418,1.3617500000000007,7.61588028156821,-5.58725544386828,0.0,Bear,0.0,0.9999578279473629,7.887442202758736e-07,4.138331089476661e-05
2019-11-13,11840.4501953125,-0.006146378372844679,16.459999084472656,5.5,6.5418,1.3617500000000007,7.61588028156821,-5.58725544386828,0.0,Bear,0.0,0.9998995585797923,1.2420784165477923e-06,9.919934495923342e-05
2019-11-14,11872.099609375,0.0026694246816312177,15.649999618530273,5.5,6.5418,1.3617500000000007,7.61588028156821,-5.58725544386828,0.0,Bear,0.0,0.9998483152323467,1.2289828638487327e-06,0.00015045578519008452
2019-11-15,11895.4501953125,0.001964913812506188,15.029999732971191,5.5,6.5418,1.3617500000000007,7.61588028156821,-5.58725544386828,0.0,Bear,0.0,0.999775251109406,1.4090387930546093e-06,0.00022333984944596788
2019-11-18,11884.5,-0.0009209603886071214,15.760000228881836,5.5,6.5418,1.3617500000000007,7.61588028156821,-5.58725544386828,0.0,Bear,0.0,0.999686209665641,2.197210661648633e-06,0.00031159312553748203
2019-11-19,11940.099609375,0.004667420332106962,15.40999984741211,5.5,6.5418,1.3617500000000007,7.61588028156821,-5.58725544386828,0.0,Bear,0.0,0.9996164956649688,2.507844706141931e-06,0.00038099649039149465
2019-11-20,11999.099609375,0.004929163997457979,15.15999984741211,5.5,6.5418,1.3617500000000007,7.61588028156821,-5.58725544386828,0.0,Bear,0.0,0.9995238712476211,2.0253055343222497e-06,0.00047410344851798466
2019-11-21,11968.400390625,-0.0025617386493080496,14.979999542236328,5.5,6.5418,1.3617500000000007,7.61588028156821,-5.58725544386828,0.0,Bear,0.0,0.999198910684823,1.996024479737915e-06,0.0007990932896922041
2019-11-22,11914.400390625,-0.004522090396049399,14.869999885559082,5.5,6.5418,1.3617500000000007,7.61588028156821,-5.58725544386828,0.0,Bear,0.0,0.9987777076714968,3.2425455176525374e-06,0.001219049785529697
2019-11-25,12073.75,0.013285889135891809,15.0,5.5,6.5418,1.3617500000000007,7.61588028156821,-5.58725544386828,0.0,Bear,0.0,0.998522658721043,1.6036617124667778e-05,0.001461304660767305
2019-11-26,12037.7001953125,-0.0029902665544935493,14.84000015258789,5.5,6.5418,1.3617500000000007,7.61588028156821,-5.58725544386828,0.0,Bear,0.0,0.9966559467448913,0.0004542675059517503,0.0028897857526081856
2019-11-27,12100.7001953125,0.005219910352766259,14.619999885559082,5.5,6.5418,1.3617500000000007,7.61588028156821,-5.58725544386828,0.0,Bull,0.9999999987194315,1.2829337571582874e-09,2.906909217314934e-17,1.867142183178748e-19
2019-11-28,12151.150390625,0.004160529350791835,13.989999771118164,5.5,6.5418,1.3617500000000007,7.61588028156821,-5.58725544386828,0.0,Bull,0.999999999992724,7.320207422329513e-12,1.6076754610799667e-17,9.233314583086047e-18
2019-11-29,12056.0498046875,-0.00785725523266999,13.899999618530273,5.5,6.5418,1.3617500000000007,7.61588028156821,-5.58725544386828,0.0,Bull,0.0,0.007073236490377064,0.0012661181220741395,0.9916606453890907
2019-12-02,12048.2001953125,-0.000651305031476376,14.199999809265137,5.5,6.63498,1.6090199999999992,8.609263497581466,2.99252720242371,0.5756578947368363,Bull,0.0,2.2067213479396972e-05,1.5916566080728972e-05,0.9999620162208793
2019-12-03,11994.2001953125,-0.004492071500914214,14.5600004196167,5.5,6.63498,1.6090199999999992,8.609263497581466,2.99252720242371,0.5756578947368363,Bull,0.0,9.289998367875217e-08,3.7752752133097884e-07,0.9999995295730711
2019-12-04,12043.2001953125,0.0040769856204158446,13.319999694824219,5.5,6.63498,1.6090199999999992,8.609263497581466,2.99252720242371,0.5756578947368363,Sideways,0.0,6.288393848979158e-08,2.1788423984785286e-07,0.999999719235387
2019-12-05,12018.400390625,-0.002061360247465576,14.3100004196167,5.5,6.63498,1.6090199999999992,8.609263497581466,2.99252720242371,0.5756578947368363,Sideways,0.0,4.424444199616599e-08,2.2808153545609095e-07,0.9999997276754955
2019-12-06,11921.5,-0.00809534862199821,13.640000343322754,5.5,6.63498,1.6090199999999992,8.609263497581466,2.99252720242371,0.5756578947368363,Sideways,0.0,2.917569646348371e-08,9.604406298436359e-08,0.9999998747807773
2019-12-09,11937.5,0.0013412131605239934,14.600000381469727,5.5,6.63498,1.6090199999999992,8.609263497581466,2.99252720242371,0.5756578947368363,Sideways,0.0,2.8684873619511025e-08,1.5412141986862315e-07,0.9999998171915817
2019-12-10,11856.7998046875,-0.006783179618895446,14.289999961853027,5.5,6.63498,1.6090199999999992,8.609263497581466,2.99252720242371,0.5756578947368363,Sideways,0.0,2.3185506473619347e-08,9.493593713780868e-08,0.9999998818821111
2019-12-11,11910.150390625,0.004489484356039674,13.380000114440918,5.5,6.63498,1.6090199999999992,8.609263497581466,2.99252720242371,0.5756578947368363,Sideways,0.0,3.147398016539498e-08,1.0745025407954181e-07,0.999999861072875
2019-12-12,11971.7998046875,0.005162857346029799,13.350000381469727,5.5,6.63498,1.6090199999999992,8.609263497581466,2.99252720242371,0.5756578947368363,Sideways,0.0,3.9810955908816034e-08,1.9179435233723488e-07,0.9999997683917441
2019-12-13,12086.7001953125,0.009551822783961173,13.300000190734863,5.5,6.63498,1.6090199999999992,8.609263497581466,2.99252720242371,0.5756578947368363,Sideways,0.0,2.244559449566806e-07,2.7056752832918562e-06,0.9999970698670223
2019-12-16,12053.9501953125,-0.002713267419203363,13.420000076293945,5.5,6.63498,1.6090199999999992,8.609263497581466,2.99252720242371,0.5756578947368363,Sideways,0.0,2.452098966564881e-05,0.00017178795694154796,0.9998036910518063
2019-12-17,12165.0,0.009170552980705609,12.520000457763672,5.5,6.63498,1.6090199999999992,8.609263497581466,2.99252720242371,0.5756578947368363,Bull,1.0,1.1063041834819475e-13,7.361234726218523e-18,5.391914552354461e-17
2019-12-18,12221.650390625,0.004646024904610523,12.34000015258789,5.5,6.63498,1.6090199999999992,8.609263497581466,2.99252720242371,0.5756578947368363,Bull,1.0,7.987912652203979e-14,1.2838650265000008e-17,1.3966323805277667e-19
2019-12-19,12259.7001953125,0.003108475179285728,12.119999885559082,5.5,6.63498,1.6090199999999992,8.609263497581466,2.99252720242371,0.5756578947368363,Bull,1.0,5.665782622924581e-14,1.0123922901772026e-17,1.1332003843399035e-19
2019-12-20,12271.7998046875,0.0009864549951019103,12.329999923706055,5.5,6.63498,1.6090199999999992,8.609263497581466,2.99252720242371,0.5756578947368363,Bull,1.0,2.0884135598275142e-14,1.975779398773927e-17,5.67691185650594e-17
2019-12-23,12262.75,-0.0007377192709850936,11.960000038146973,5.5,6.63498,1.6090199999999992,8.609263497581466,2.99252720242371,0.5756578947368363,Bull,0.0,1.3522749917730289e-05,0.0006575581314027647,0.99932891911622
2019-12-24,12214.5498046875,-0.003938363953434116,11.630000114440918,5.5,6.63498,1.6090199999999992,8.609263497581466,2.99252720242371,0.5756578947368363,Sideways,0.0,3.236871624707473e-08,1.3792619423220343e-05,0.9999861750121235
2019-12-26,12126.5498046875,-0.007230600491364134,11.119999885559082,5.5,6.63498,1.6090199999999992,8.609263497581466,2.99252720242371,0.5756578947368363,Sideways,0.0,9.580408061715628e-09,3.226820798536656e-07,0.9999996677361748
2019-12-27,12245.7998046875,0.009785757510884093,10.529999732971191,5.5,6.63498,1.6090199999999992,8.609263497581466,2.99252720242371,0.5756578947368363,Sideways,0.0,2.4957947023455048e-08,4.781998051960846e-07,0.9999994968458297
2019-12-30,12255.849609375,0.0008203370378256411,11.010000228881836,5.5,6.63498,1.6090199999999992,8.609263497581466,2.99252720242371,0.5756578947368363,Sideways,0.0,3.039041492416636e-08,8.411594806788329e-07,0.999999128449797
2019-12-31,12168.4501953125,-0.007156789574995062,11.670000076293945,5.5,6.63498,1.6090199999999992,8.609263497581466,2.99252720242371,0.5756578947368363,Sideways,0.0,1.149467498177483e-08,5.862296775284714e-07,0.9999994022729847
2020-01-01,12182.5,0.0011539431631088094,11.670000076293945,5.5,6.848575,1.8682250000000007,9.634546589903415,-0.792941437398231,2.7568922305764465,Sideways,0.0,2.4622157089848336e-25,1.352741780559933e-12,1.0
2020-01-02,12282.2001953125,0.008150579934013252,11.489999771118164,5.5,6.848575,1.8682250000000007,9.634546589903415,-0.792941437398231,2.7568922305764465,Bull,1.0,1.1636504657360115e-36,8.743210515393499e-29,2.7422949900694845e-17
2020-01-03,12226.650390625,-0.004533048142335533,12.699999809265137,5.5,6.848575,1.8682250000000007,9.634546589903415,-0.792941437398231,2.7568922305764465,Bull,0.0,2.331210443946935e-25,2.993226833332403e-12,1.0
2020-01-06,11993.0498046875,-0.01929072847314149,14.779999732971191,5.5,6.848575,1.8682250000000007,9.634546589903415,-0.792941437398231,2.7568922305764465,Bull,0.0,2.4861880066290644e-28,3.438220813758402e-16,1.0
2020-01-07,12052.9501953125,0.004982160403270252,14.609999656677246,5.5,6.848575,1.8682250000000007,9.634546589903415,-0.792941437398231,2.7568922305764465,Bull,0.0,2.663119570736433e-28,7.603690259748017e-16,1.0
2020-01-08,12025.349609375,-0.0022925703434345888,15.640000343322754,5.5,6.848575,1.8682250000000007,9.634546589903415,-0.792941437398231,2.7568922305764465,Bull,0.0,2.599754475139713e-28,5.6496419085762e-16,1.0
2020-01-09,12215.900390625,0.015721524760104574,14.0,5.5,6.848575,1.8682250000000007,9.634546589903415,-0.792941437398231,2.7568922305764465,Sideways,0.0,8.192620352168298e-28,2.301784107087756e-15,1.0
2020-01-10,12256.7998046875,0.003342455210374022,14.079999923706055,5.5,6.848575,1.8682250000000007,9.634546589903415,-0.792941437398231,2.7568922305764465,Sideways,0.0,3.972641765904346e-25,1.7379874736701742e-12,1.0
2020-01-13,12329.5498046875,0.005917935234497193,14.279999732971191,5.5,6.848575,1.8682250000000007,9.634546589903415,-0.792941437398231,2.7568922305764465,Sideways,1.0,1.517421668598336e-36,8.061085310721792e-29,6.90915929397431e-20
2020-01-14,12362.2998046875,0.0026526987425187607,13.90999984741211,5.5,6.848575,1.8682250000000007,9.634546589903415,-0.792941437398231,2.7568922305764465,Sideways,1.0,8.68714113354547e-37,8.737362109957386e-29,4.78815941432766e-20
2020-01-15,12343.2998046875,-0.0015381131440847836,14.119999885559082,5.5,6.848575,1.8682250000000007,9.634546589903415,-0.792941437398231,2.7568922305764465,Sideways,0.0,7.482653920140615e-25,2.3538161919231302e-12,1.0
2020-01-16,12355.5,0.0009879181499700635,14.180000305175781,5.5,6.848575,1.8682250000000007,9.634546589903415,-0.792941437398231,2.7568922305764465,Sideways,0.0,1.753074457605531e-27,5.245087534480721e-15,1.0
2020-01-17,12352.349609375,-0.00025501131760789477,14.130000114440918,5.5,6.848575,1.8682250000000007,9.634546589903415,-0.792941437398231,2.7568922305764465,Sideways,0.0,6.371983330423669e-24,2.479370895874333e-11,0.9999999999781721
2020-01-20,12224.5498046875,-0.01040008785925209,15.40999984741211,5.5,6.848575,1.8682250000000007,9.634546589903415,-0.792941437398231,2.7568922305764465,Sideways,0.0,1.6907509379143035e-24,5.052825812868544e-12,0.999999999992724
2020-01-21,12169.849609375,-0.004484659455009181,15.859999656677246,5.5,6.848575,1.8682250000000007,9.634546589903415,-0.792941437398231,2.7568922305764465,Sideways,0.0,1.3059603384739084e-24,2.77639001866677e-12,1.0
2020-01-22,12106.900390625,-0.005185979163736476,16.360000610351562,5.5,6.848575,1.8682250000000007,9.634546589903415,-0.792941437398231,2.7568922305764465,Sideways,0.0,1.073552350368407e-24,1.674599126011707e-12,1.0
2020-01-23,12180.349609375,0.0060483951593072694,15.859999656677246,5.5,6.848575,1.8682250000000007,9.634546589903415,-0.792941437398231,2.7568922305764465,Sideways,0.0,1.439416433299177e-24,4.938213360430345e-12,0.999999999992724
2020-01-24,12248.25,0.005559104211847819,15.5600004196167,5.5,6.848575,1.8682250000000007,9.634546589903415,-0.792941437398231,2.7568922305764465,Sideways,0.0,1.9465729311308134e-24,8.620102322774222e-12,0.999999999992724
2020-01-27,12119.0,-0.010608600656474901,17.18000030517578,5.5,6.848575,1.8682250000000007,9.634546589903415,-0.792941437398231,2.7568922305764465,Sideways,0.0,1.004512128180327e-24,2.474973730775303e-12,1.0
2020-01-28,12055.7998046875,-0.005228613250633523,17.299999237060547,5.5,6.848575,1.8682250000000007,9.634546589903415,-0.792941437398231,2.7568922305764465,Sideways,0.0,8.761905102876726e-25,2.0215257729567396e-12,1.0
2020-01-29,12129.5,0.006094646255253335,16.5,5.5,6.848575,1.8682250000000007,9.634546589903415,-0.792941437398231,2.7568922305764465,Sideways,0.0,1.2046421320518047e-24,4.223570357641975e-12,0.999999999992724
2020-01-30,12035.7998046875,-0.007754976405079576,16.799999237060547,5.5,6.848575,1.8682250000000007,9.634546589903415,-0.792941437398231,2.7568922305764465,Sideways,0.0,8.771900671845211e-25,1.6882404332083133e-12,1.0
2020-01-31,11962.099609375,-0.006142239847635705,17.3700008392334,5.5,6.848575,1.8682250000000007,9.634546589903415,-0.792941437398231,2.7568922305764465,Sideways,0.0,8.6090266439151e-25,9.000567914399036e-13,1.0
2020-02-03,11707.900390625,-0.02147942474929971,15.779999732971191,5.5,6.8218,1.7473,7.4919318443080085,1.54395490721768,3.523489932885915,Sideways,0.0,1.9478129069705828e-08,3.0066780314860774e-09,0.9999999775172912
2020-02-04,11979.650390625,0.02294554852001912,14.380000114440918,5.5,6.8218,1.7473,7.4919318443080085,1.54395490721768,3.523489932885915,Sideways,0.0,2.171951015537376e-08,1.0750209637613958e-08,0.9999999675274017
2020-02-05,12089.150390625,0.009098978920125088,14.170000076293945,5.5,6.8218,1.7473,7.4919318443080085,1.54395490721768,3.523489932885915,Sideways,0.0,3.077795087511647e-08,1.7355180987329506e-08,0.9999999518695415
2020-02-06,12137.9501953125,0.00402853577236436,13.779999732971191,5.5,6.8218,1.7473,7.4919318443080085,1.54395490721768,3.523489932885915,Sideways,0.0,3.971402547134255e-08,1.726673089757482e-08,0.9999999430219776
2020-02-07,12098.349609375,-0.003267876820959125,13.75,5.5,6.8218,1.7473,7.4919318443080085,1.54395490721768,3.523489932885915,Sideways,0.0,3.767392982977894e-08,1.3019029770670583e-08,0.9999999493084046
2020-02-10,12031.5,-0.005540836887552729,14.210000038146973,5.5,6.8218,1.7473,7.4919318443080085,1.54395490721768,3.523489932885915,Sideways,0.0,6.565444607008837e-08,8.464887279707162e-09,0.9999999258798226
2020-02-11,12107.900390625,0.0063299538920958175,13.880000114440918,5.5,6.8218,1.7473,7.4919318443080085,1.54395490721768,3.523489932885915,Sideways,0.0,3.840744336145441e-08,1.3519218054992883e-08,0.9999999480714918
2020-02-12,12201.2001953125,0.0076761591804553895,13.619999885559082,5.5,6.8218,1.7473,7.4919318443080085,1.54395490721768,3.523489932885915,Sideways,0.0,5.430031074227344e-08,2.1223195241335013e-08,0.9999999244755629
2020-02-13,12174.650390625,-0.002178370358219195,13.369999885559082,5.5,6.8218,1.7473,7.4919318443080085,1.54395490721768,3.523489932885915,Sideways,0.0,4.261347787089227e-08,1.5570275308474584e-08,0.9999999418141686
2020-02-14,12113.4501953125,-0.005039531569823334,13.619999885559082,5.5,6.8218,1.7473,7.4919318443080085,1.54395490721768,3.523489932885915,Sideways,0.0,3.27725332225905e-08,1.219232571990348e-08,0.9999999550345829
2020-02-17,12045.7998046875,-0.005600386389670753,14.420000076293945,5.5,6.8218,1.7473,7.4919318443080085,1.54395490721768,3.523489932885915,Sideways,0.0,9.90316464528522e-08,7.60128951166392e-08,0.999999824955027
2020-02-18,11992.5,-0.004434580853707973,14.510000228881836,5.5,6.8218,1.7473,7.4919318443080085,1.54395490721768,3.523489932885915,Sideways,0.0,7.928661043293902e-08,5.953373323180674e-08,0.9999998611820143
2020-02-19,12125.900390625,0.011062238693018929,14.020000457763672,5.5,6.8218,1.7473,7.4919318443080085,1.54395490721768,3.523489932885915,Sideways,0.0,1.3062032825575311e-07,1.1256754025316643e-07,0.9999997568156982
2020-02-20,12080.849609375,-0.003722171151700223,13.699999809265137,5.5,6.8218,1.7473,7.4919318443080085,1.54395490721768,3.523489932885915,Sideways,0.0,1.0626682729461152e-07,7.43041287025155e-08,0.9999998194325762
2020-02-24,11829.400390625,-0.02103353072205037,17.0,5.5,6.8218,1.7473,7.4919318443080085,1.54395490721768,3.523489932885915,Sideways,0.0,8.532759685301751e-08,1.2957479264829336e-08,0.9999999017163693
2020-02-25,11797.900390625,-0.002666408571566386,16.899999618530273,5.5,6.8218,1.7473,7.4919318443080085,1.54395490721768,3.523489932885915,Sideways,0.0,7.940088948083182e-08,1.532131592894828e-08,0.9999999052743123
2020-02-26,11678.5,-0.010172038146389433,18.260000228881836,5.5,6.8218,1.7473,7.4919318443080085,1.54395490721768,3.523489932885915,Sideways,0.0,8.844720580676962e-08,6.860376821841853e-09,0.9999999046922358
2020-02-27,11633.2998046875,-0.0038778860778288546,17.770000457763672,5.5,6.8218,1.7473,7.4919318443080085,1.54395490721768,3.523489932885915,Sideways,0.0,1.3173277764585406e-07,3.887739892191597e-09,0.9999998643761593
2020-02-28,11201.75,-0.0378016423222764,23.239999771118164,5.5,6.8218,1.7473,7.4919318443080085,1.54395490721768,3.523489932885915,Sideways,0.0,1.4544595144460222e-06,2.105169398367267e-10,0.9999985453334042
2020-03-02,11132.75,-0.0061788013630017435,25.200000762939453,5.5,6.65965,1.5721499999999997,6.840433594182427,0.577297988247838,2.259414225941425,Sideways,0.0,1.0841820032561234e-05,1.694674190623612e-09,0.9999891564881561
2020-03-03,11303.2998046875,0.015203486470954998,24.540000915527344,5.5,6.65965,1.5721499999999997,6.840433594182427,0.577297988247838,2.259414225941425,Sideways,0.0,4.6714491180645514e-05,8.149328387834763e-09,0.999953277358288
2020-03-04,11251.0,-0.0046376876143074345,24.229999542236328,5.5,6.65965,1.5721499999999997,6.840433594182427,0.577297988247838,2.259414225941425,Sideways,0.0,0.0007068041955706952,1.3952538418626816e-08,0.9992931818551686
2020-03-05,11269.0,0.0015985793812774052,23.25,5.5,6.65965,1.5721499999999997,6.840433594182427,0.577297988247838,2.259414225941425,Sideways,0.0,0.010101802465123178,1.8869990760738075e-07,0.9898980088323416
2020-03-06,10989.4501953125,-0.02511985353017798,25.639999389648438,5.5,6.65965,1.5721499999999997,6.840433594182427,0.577297988247838,2.259414225941425,Sideways,0.0,0.15956378926578912,4.536063888430857e-07,0.840435757126935
2020-03-09,10451.4501953125,-0.05019499598647564,30.799999237060547,5.5,6.65965,1.5721499999999997,6.840433594182427,0.577297988247838,2.259414225941425,Bear,0.0,0.9247840262979894,5.776655925040786e-09,0.07521596792710555
2020-03-11,10458.400390625,0.0006647771623133455,31.559999465942383,5.5,6.65965,1.5721499999999997,6.840433594182427,0.577297988247838,2.259414225941425,Bear,0.0,0.9940591661728575,4.5407069736409404e-10,0.005940833371360854
2020-03-12,9590.150390625,-0.08666894981793948,41.15999984741211,5.5,6.65965,1.5721499999999997,6.840433594182427,0.577297988247838,2.259414225941425,Bear,0.0,0.9999941126689509,7.833525037897014e-13,5.887326670460109e-06
2020-03-13,9955.2001953125,0.03735847654239177,51.470001220703125,5.5,6.65965,1.5721499999999997,6.840433594182427,0.577297988247838,2.259414225941425,Bear,0.0,0.9999999181236523,1.0097735057910412e-12,8.187530284879212e-08
2020-03-16,9197.400390625,-0.07917416945110371,58.880001068115234,5.5,6.65965,1.5721499999999997,6.840433594182427,0.577297988247838,2.259414225941425,Bear,0.0,0.9999999939318513,1.1467007771983942e-15,6.069286895692935e-09
2020-03-17,8967.0498046875,-0.02536415171509603,62.93000030517578,5.5,6.65965,1.5721499999999997,6.840433594182427,0.577297988247838,2.259414225941425,Bear,0.0,0.9999999982974259,1.930311239356529e-14,1.7003698985275426e-09
2020-03-18,8468.7998046875,-0.05716792711513327,63.959999084472656,5.5,6.65965,1.5721499999999997,6.840433594182427,0.577297988247838,2.259414225941425,Bear,0.0,1.0,1.0215027870280147e-18,3.4170290454012444e-12
2020-03-19,8263.4501953125,-0.02454659954775134,72.19999694824219,5.5,6.65965,1.5721499999999997,6.840433594182427,0.577297988247838,2.259414225941425,Bear,0.0,0.9999999999636202,3.792471510294792e-16,3.861783459095696e-11
2020-03-20,8745.4501953125,0.05669138794443699,67.0999984741211,5.5,6.65965,1.5721499999999997,6.840433594182427,0.577297988247838,2.259414225941425,Bear,0.0,0.9999999992796802,1.7034730961288334e-14,7.183740883991434e-10
2020-03-23,7610.25,-0.13903756461051203,71.98999786376953,5.5,6.65965,1.5721499999999997,6.840433594182427,0.577297988247838,2.259414225941425,Bear,0.0,1.0,9.397823819474708e-30,6.739165140429082e-24
2020-03-24,7801.0498046875,0.024762292138464665,83.61000061035156,5.5,6.65965,1.5721499999999997,6.840433594182427,0.577297988247838,2.259414225941425,Bear,0.0,1.0,9.430915166188162e-18,7.225667698115326e-13
2020-03-25,8317.849609375,0.06414544603118057,77.62999725341797,5.5,6.65965,1.5721499999999997,6.840433594182427,0.577297988247838,2.259414225941425,Bear,0.0,0.9999999997235136,2.857795586497898e-14,2.7570746466653067e-10
2020-03-26,8641.4501953125,0.03816665439616388,71.52999877929688,5.5,6.65965,1.5721499999999997,6.840433594182427,0.577297988247838,2.259414225941425,Bear,0.0,0.9999999997526174,4.3336013779378595e-14,2.473093878062163e-10
2020-03-27,8660.25,0.002173175106963937,70.38999938964844,5.5,6.65965,1.5721499999999997,6.840433594182427,0.577297988247838,2.259414225941425,Bear,0.0,0.9999999984283932,4.575109637498577e-13,1.572800284657161e-09
2020-03-30,8281.099609375,-0.04476782787370225,71.88999938964844,5.5,6.65965,1.5721499999999997,6.840433594182427,0.577297988247838,2.259414225941425,Bear,0.0,0.9999999999854481,1.917879192217631e-15,1.538045466479135e-11
2020-03-31,8597.75,0.03752477847769833,64.41000366210938,5.5,6.65965,1.5721499999999997,6.840433594182427,0.577297988247838,2.259414225941425,Bear,0.0,0.9999999999781721,3.3236641557439042e-15,2.3391844005996776e-11
2020-04-01,8253.7998046875,-0.040826864424490454,60.04999923706055,5.5,6.701575,1.7175500000000001,5.501594303316093,-22.8660756530008,0.417014178482078,Bear,0.0,1.0,6.098025341538492e-15,9.741869435271978e-14
2020-04-03,8083.7998046875,-0.02081164185069997,55.29999923706055,5.5,6.701575,1.7175500000000001,5.501594303316093,-22.8660756530008,0.417014178482078,Bear,0.0,1.0,7.86711475665729e-17,5.283089147085193e-15
2020-04-07,8792.2001953125,0.08400295216282225,51.79999923706055,5.5,6.701575,1.7175500000000001,5.501594303316093,-22.8660756530008,0.417014178482078,Bear,0.0,1.0,3.507596316988461e-14,5.4222134876904e-13
2020-04-08,8748.75,-0.004954153987953298,52.2400016784668,5.5,6.701575,1.7175500000000001,5.501594303316093,-22.8660756530008,0.417014178482078,Bear,0.0,1.0,3.1747400591241017e-15,9.839164517521031e-14
2020-04-09,9111.900390625,0.0406704613937413,49.75,5.5,6.701575,1.7175500000000001,5.501594303316093,-22.8660756530008,0.417014178482078,Bear,0.0,1.0,7.112017155476148e-15,2.8606389324829887e-13
2020-04-13,8993.849609375,-0.013040327423561648,51.459999084472656,5.5,6.701575,1.7175500000000001,5.501594303316093,-22.8660756530008,0.417014178482078,Bear,0.0,1.0,1.3230127346921286e-15,7.899611894039998e-14
2020-04-15,8925.2998046875,-0.007651048328648555,49.7400016784668,5.5,6.701575,1.7175500000000001,5.501594303316093,-22.8660756530008,0.417014178482078,Bear,0.0,1.0,3.4786142632161874e-16,2.216898338374438e-14
2020-04-16,8992.7998046875,0.007534316783542481,46.099998474121094,5.5,6.701575,1.7175500000000001,5.501594303316093,-22.8660756530008,0.417014178482078,Bear,0.0,1.0,6.948549795014051e-14,6.818636001786727e-13
2020-04-17,9266.75,0.03000848934711599,42.59000015258789,5.5,6.701575,1.7175500000000001,5.501594303316093,-22.8660756530008,0.417014178482078,Bear,0.0,1.0,6.13102364999599e-14,4.015182868352208e-13
2020-04-20,9261.849609375,-0.0005289542483047096,43.459999084472656,5.5,6.701575,1.7175500000000001,5.501594303316093,-22.8660756530008,0.417014178482078,Bear,0.0,1.0,8.055941242011138e-13,1.7324040268409495e-12
2020-04-21,8981.4501953125,-0.030742409586860843,45.20000076293945,5.5,6.701575,1.7175500000000001,5.501594303316093,-22.8660756530008,0.417014178482078,Bear,0.0,1.0,2.6162608643938934e-13,5.510308504963577e-13
2020-04-22,9187.2998046875,0.022660713376927297,42.81999969482422,5.5,6.701575,1.7175500000000001,5.501594303316093,-22.8660756530008,0.417014178482078,Bear,0.0,1.0,3.725106658167678e-14,1.4316163989686316e-13
2020-04-23,9313.900390625,0.013685875581327233,39.22999954223633,5.5,6.701575,1.7175500000000001,5.501594303316093,-22.8660756530008,0.417014178482078,Bear,0.0,1.0,1.3095177344432974e-13,5.674493992059226e-13
2020-04-24,9154.400390625,-0.017273269224786485,39.119998931884766,5.5,6.701575,1.7175500000000001,5.501594303316093,-22.8660756530008,0.417014178482078,Bear,0.0,1.0,2.9280941369104895e-18,7.684633706836665e-16
2020-04-27,9282.2998046875,0.01387465918374464,38.040000915527344,5.5,6.701575,1.7175500000000001,5.501594303316093,-22.8660756530008,0.417014178482078,Bear,0.0,1.0,1.4591200577346243e-14,1.223866369367561e-13
2020-04-28,9380.900390625,0.010566409007242056,35.349998474121094,5.5,6.701575,1.7175500000000001,5.501594303316093,-22.8660756530008,0.417014178482078,Bear,0.0,1.0,1.8760169735686185e-14,1.3584845029453076e-13
2020-04-29,9553.349609375,0.01821608855026957,33.84000015258789,5.5,6.701575,1.7175500000000001,5.501594303316093,-22.8660756530008,0.417014178482078,Bear,0.0,1.0,4.5869800175178614e-14,2.615165118440608e-13
2020-04-30,9859.900390625,0.03158422875946422,33.9900016784668,5.5,6.701575,1.7175500000000001,5.501594303316093,-22.8660756530008,0.417014178482078,Bear,0.0,1.0,6.827832473416583e-15,5.722592978903637e-14
2020-05-04,9293.5,-0.059160835126554547,43.66999816894531,5.5,6.76515,2.63105,5.448694047827529,-66.7574385347002,-1.5689512799339278,Bear,0.0,1.0,1.0831766694667545e-23,1.2179011580884482e-23
2020-05-05,9205.599609375,-0.009503278972569803,43.61000061035156,5.5,6.76515,2.63105,5.448694047827529,-66.7574385347002,-1.5689512799339278,Bear,0.0,1.0,3.7982545828534555e-23,3.0379799937916365e-23
2020-05-06,9270.900390625,0.0070685522845568985,41.25,5.5,6.76515,2.63105,5.448694047827529,-66.7574385347002,-1.5689512799339278,Bear,0.0,1.0,1.2023927822460897e-23,2.052062386064017e-23
2020-05-07,9199.0498046875,-0.0077803077564110755,39.93000030517578,5.5,6.76515,2.63105,5.448694047827529,-66.7574385347002,-1.5689512799339278,Bear,0.0,1.0,2.1126347757323623e-24,9.995314810214402e-24
2020-05-08,9251.5,0.005685503917787226,38.40999984741211,5.5,6.76515,2.63105,5.448694047827529,-66.7574385347002,-1.5689512799339278,Bear,0.0,1.0,1.008099114659599e-23,4.6169134210776666e-23
2020-05-11,9239.2001953125,-0.001330377581346701,38.040000915527344,5.5,6.76515,2.63105,5.448694047827529,-66.7574385347002,-1.5689512799339278,Bear,0.0,1.0,8.017303725860654e-23,9.701549839511402e-23
2020-05-12,9196.5498046875,-0.004626930470959459,38.209999084472656,5.5,6.76515,2.63105,5.448694047827529,-66.7574385347002,-1.5689512799339278,Bear,0.0,1.0,1.5698872601878438e-22,1.5640968512154631e-22
2020-05-13,9383.5498046875,0.02012974293547344,38.84000015258789,5.5,6.76515,2.63105,5.448694047827529,-66.7574385347002,-1.5689512799339278,Bear,0.0,1.0,1.5595885968931211e-22,1.0738390198474723e-22
2020-05-14,9142.75,-0.025996919937107583,38.18000030517578,5.5,6.76515,2.63105,5.448694047827529,-66.7574385347002,-1.5689512799339278,Bear,0.0,1.0,9.452319482390413e-23,4.8755910159589454e-23
2020-05-15,9136.849609375,-0.0006455711236580218,38.02000045776367,5.5,6.76515,2.63105,5.448694047827529,-66.7574385347002,-1.5689512799339278,Bear,0.0,1.0,1.0185044209094885e-22,6.444202146613512e-23
2020-05-18,8823.25,-0.03492536149006188,40.91999816894531,5.5,6.76515,2.63105,5.448694047827529,-66.7574385347002,-1.5689512799339278,Bear,0.0,1.0,4.0198933726696554e-24,8.6534883530262e-24
2020-05-19,8879.099609375,0.006309873650596998,39.45000076293945,5.5,6.76515,2.63105,5.448694047827529,-66.7574385347002,-1.5689512799339278,Bear,0.0,1.0,8.823820667576535e-24,1.2272355718936157e-23
2020-05-20,9066.5498046875,0.020891638839326522,35.810001373291016,5.5,6.76515,2.63105,5.448694047827529,-66.7574385347002,-1.5689512799339278,Bear,0.0,1.0,1.7573328430792482e-23,1.2451912046948635e-23
2020-05-21,9106.25,0.004369195599480915,32.9900016784668,5.5,6.76515,2.63105,5.448694047827529,-66.7574385347002,-1.5689512799339278,Bear,0.0,1.0,3.49490506307057e-23,2.2159473472050904e-23
2020-05-22,9039.25,-0.00738478460081561,32.380001068115234,5.5,6.76515,2.63105,5.448694047827529,-66.7574385347002,-1.5689512799339278,Bear,0.0,1.0,1.81216547401409e-23,2.2750291825060965e-23
2020-05-26,9029.0498046875,-0.00112907097030296,31.469999313354492,5.5,6.76515,2.63105,5.448694047827529,-66.7574385347002,-1.5689512799339278,Bear,0.0,1.0,8.925760995396452e-24,9.588500304642687e-24
2020-05-27,9314.9501953125,0.0311735219299972,31.270000457763672,5.5,6.76515,2.63105,5.448694047827529,-66.7574385347002,-1.5689512799339278,Bear,0.0,1.0,6.362538522216599e-24,4.967487428223997e-24
2020-05-28,9490.099609375,0.018628451492543274,30.020000457763672,5.5,6.76515,2.63105,5.448694047827529,-66.7574385347002,-1.5689512799339278,Bear,0.0,1.0,3.7478782702216165e-24,1.4914096926227872e-24
2020-05-29,9580.2998046875,0.009459777532853096,30.219999313354492,5.5,6.76515,2.63105,5.448694047827529,-66.7574385347002,-1.5689512799339278,Bear,0.0,1.0,2.794987393980355e-24,7.622230421405987e-25
2020-06-01,9826.150390625,0.025338352659720637,30.739999771118164,5.5,5.91544,2.4922000000000004,5.09554193155215,-37.4430698041286,-3.3717105263157854,Bear,0.0,1.0,1.7166456676895336e-17,1.3956231496933157e-26
2020-06-02,9979.099609375,0.015445627746472025,30.1200008392334,5.5,5.91544,2.4922000000000004,5.09554193155215,-37.4430698041286,-3.3717105263157854,Bear,0.0,1.0,2.529735986224008e-19,1.3642858957814443e-22
2020-06-03,10061.5498046875,0.008228342186278518,30.040000915527344,5.5,5.91544,2.4922000000000004,5.09554193155215,-37.4430698041286,-3.3717105263157854,Bear,0.0,1.0,9.308733403246226e-16,1.3272564031951184e-20
2020-06-04,10029.099609375,-0.003230380747065696,29.690000534057617,5.5,5.91544,2.4922000000000004,5.09554193155215,-37.4430698041286,-3.3717105263157854,Bear,0.0,1.0,7.665031757165549e-15,1.571549073924919e-19
2020-06-05,10142.150390625,0.01120921756965851,28.68000030517578,5.5,5.91544,2.4922000000000004,5.09554193155215,-37.4430698041286,-3.3717105263157854,Bear,0.0,1.0,3.2586551896175674e-15,8.225782080545588e-20
2020-06-08,10167.4501953125,0.0024914146063167966,29.649999618530273,5.5,5.91544,2.4922000000000004,5.09554193155215,-37.4430698041286,-3.3717105263157854,Bear,0.0,1.0,2.030936365723899e-14,2.2378955757660325e-19
2020-06-09,10046.650390625,-0.011952175882067815,30.209999084472656,5.5,5.91544,2.4922000000000004,5.09554193155215,-37.4430698041286,-3.3717105263157854,Bear,0.0,1.0,1.633282773498553e-13,1.4796445707601653e-18
2020-06-10,10116.150390625,0.006893910822071789,29.440000534057617,5.5,5.91544,2.4922000000000004,5.09554193155215,-37.4430698041286,-3.3717105263157854,Bear,0.0,1.0,2.48825056944209e-13,5.857482826451154e-18
2020-06-11,9902.0,-0.021396438367806456,29.65999984741211,5.5,5.91544,2.4922000000000004,5.09554193155215,-37.4430698041286,-3.3717105263157854,Bear,0.0,1.0,4.5375693534157375e-13,7.76012081211585e-18
2020-06-12,9972.900390625,0.007134696525776951,30.81999969482422,5.5,5.91544,2.4922000000000004,5.09554193155215,-37.4430698041286,-3.3717105263157854,Bear,0.0,1.0,4.2044504964218235e-13,1.7371218185937424e-17
2020-06-15,9813.7001953125,-0.016092064938005003,32.58000183105469,5.5,5.91544,2.4922000000000004,5.09554193155215,-37.4430698041286,-3.3717105263157854,Bear,0.0,1.0,2.989887293514908e-13,1.8193989838804636e-17
2020-06-16,9914.0,0.010168511071378764,32.970001220703125,5.5,5.91544,2.4922000000000004,5.09554193155215,-37.4430698041286,-3.3717105263157854,Bear,0.0,1.0,2.317291336890289e-13,1.0138299667561016e-17
2020-06-17,9881.150390625,-0.0033189583187083734,33.349998474121094,5.5,5.91544,2.4922000000000004,5.09554193155215,-37.4430698041286,-3.3717105263157854,Bear,0.0,1.0,2.1776924293187183e-13,1.1199948673074143e-17
2020-06-18,10091.650390625,0.021079446670088396,31.459999084472656,5.5,5.91544,2.4922000000000004,5.09554193155215,-37.4430698041286,-3.3717105263157854,Bear,0.0,1.0,4.286155497900025e-13,1.2921082918209272e-17
2020-06-19,10244.400390625,0.015022865002949488,29.969999313354492,5.5,5.91544,2.4922000000000004,5.09554193155215,-37.4430698041286,-3.3717105263157854,Bear,0.0,1.0,2.120160548721225e-13,8.664779187265205e-18
2020-06-22,10311.2001953125,0.006499449097502718,30.459999084472656,5.5,5.91544,2.4922000000000004,5.09554193155215,-37.4430698041286,-3.3717105263157854,Bear,0.0,1.0,4.742862946626188e-14,3.4225783470802933e-18
2020-06-23,10471.0,0.015378829255110686,29.34000015258789,5.5,5.91544,2.4922000000000004,5.09554193155215,-37.4430698041286,-3.3717105263157854,Bear,0.0,1.0,3.837240686880187e-14,3.70786805330135e-18
2020-06-24,10305.2998046875,-0.015951224257763807,29.579999923706055,5.5,5.91544,2.4922000000000004,5.09554193155215,-37.4430698041286,-3.3717105263157854,Bear,0.0,1.0,3.244935516730059e-13,1.3560332139972866e-17
2020-06-25,10288.900390625,-0.0015926248529521327,29.729999542236328,5.5,5.91544,2.4922000000000004,5.09554193155215,-37.4430698041286,-3.3717105263157854,Bear,0.0,1.0,2.429952502681323e-12,5.620839476103686e-17
2020-06-26,10383.0,0.00910417112670767,28.739999771118164,5.5,5.91544,2.4922000000000004,5.09554193155215,-37.4430698041286,-3.3717105263157854,Bear,0.0,0.999999999992724,4.322327519828103e-12,9.598838404005208e-17
2020-06-29,10312.400390625,-0.006822760798075913,28.90999984741211,5.5,5.91544,2.4922000000000004,5.09554193155215,-37.4430698041286,-3.3717105263157854,Bear,0.0,0.9999999999854481,1.3923297016530876e-11,2.43751893787531e-16
2020-06-30,10302.099609375,-0.0009993724909477652,29.1200008392334,5.5,5.91544,2.4922000000000004,5.09554193155215,-37.4430698041286,-3.3717105263157854,Bear,0.0,0.9999999999854481,1.536419875553929e-11,3.4195834530053884e-16
2020-07-01,10430.0498046875,0.012343324106810436,28.1200008392334,5.5,5.8551,2.5440750000000003,5.063294280764863,-17.3043119831863,-1.8106995884773713,Bear,0.0,0.9999999997962732,2.0348139298854453e-10,1.0478917811013496e-14
2020-07-02,10551.7001953125,0.011595958752537541,26.510000228881836,5.5,5.8551,2.5440750000000003,5.063294280764863,-17.3043119831863,-1.8106995884773713,Bear,0.0,0.9999999999199645,7.93627630386525e-11,6.280937002214151e-15
2020-07-03,10607.349609375,0.005260117338821228,25.770000457763672,5.5,5.8551,2.5440750000000003,5.063294280764863,-17.3043119831863,-1.8106995884773713,Bear,0.0,0.9999999998544808,1.4681170592013848e-10,1.1407066558661765e-14
2020-07-06,10763.650390625,0.014627632603289031,25.200000762939453,5.5,5.8551,2.5440750000000003,5.063294280764863,-17.3043119831863,-1.8106995884773713,Bear,0.0,0.9999999999563443,4.63668313764465e-11,5.42960674918941e-15
2020-07-07,10799.650390625,0.003339009534036716,25.100000381469727,5.5,5.8551,2.5440750000000003,5.063294280764863,-17.3043119831863,-1.8106995884773713,Bear,0.0,0.9999999999708962,2.806371918947927e-11,3.6314424208659374e-15
2020-07-08,10705.75,-0.008732782060989626,26.100000381469727,5.5,5.8551,2.5440750000000003,5.063294280764863,-17.3043119831863,-1.8106995884773713,Bear,0.0,0.999999999832653,1.6865629906194048e-10,1.0895495578327793e-14
2020-07-09,10813.4501953125,0.01000976742529668,24.90999984741211,5.5,5.8551,2.5440750000000003,5.063294280764863,-17.3043119831863,-1.8106995884773713,Bear,0.0,0.9999999999345164,6.559349407315419e-11,6.655663858010058e-15
2020-07-10,10768.0498046875,-0.00420734959083762,24.940000534057617,5.5,5.8551,2.5440750000000003,5.063294280764863,-17.3043119831863,-1.8106995884773713,Bear,0.0,0.9999999998399289,1.617876960063655e-10,1.2482361490086546e-14
2020-07-13,10802.7001953125,0.003212722824094239,25.25,5.5,5.8551,2.5440750000000003,5.063294280764863,-17.3043119831863,-1.8106995884773713,Bear,0.0,0.9999999998472049,1.5156446986201193e-10,1.3320374666846507e-14
2020-07-14,10607.349609375,-0.018249000734889463,26.639999389648438,5.5,5.8551,2.5440750000000003,5.063294280764863,-17.3043119831863,-1.8106995884773713,Bear,0.0,0.9999999997889972,2.1082456125668318e-10,1.8822384984984997e-14
2020-07-15,10618.2001953125,0.001022408086719745,26.290000915527344,5.5,5.8551,2.5440750000000003,5.063294280764863,-17.3043119831863,-1.8106995884773713,Bear,0.0,0.9999999997526174,2.502760164082603e-10,1.8704810285054478e-14
2020-07-16,10739.9501953125,0.011400923444823241,25.360000610351562,5.5,5.8551,2.5440750000000003,5.063294280764863,-17.3043119831863,-1.8106995884773713,Bear,0.0,0.9999999994397513,5.594736749055208e-10,3.4225829827322124e-14
2020-07-17,10901.7001953125,0.014948306530616993,24.15999984741211,5.5,5.8551,2.5440750000000003,5.063294280764863,-17.3043119831863,-1.8106995884773713,Bear,0.0,0.9999999992505764,7.482439555797016e-10,3.6735446829657045e-14
2020-07-20,11022.2001953125,0.010992680250840313,24.709999084472656,5.5,5.8551,2.5440750000000003,5.063294280764863,-17.3043119831863,-1.8106995884773713,Bear,0.0,0.9999999992069206,7.90871515479713e-10,2.864739649803031e-14
2020-07-21,11162.25,0.012626110991777935,24.43000030517578,5.5,5.8551,2.5440750000000003,5.063294280764863,-17.3043119831863,-1.8106995884773713,Bear,0.0,0.9999999997526174,2.475909941698366e-10,1.0808614042031475e-14
2020-07-22,11132.599609375,-0.002659843741967638,24.889999389648438,5.5,5.8551,2.5440750000000003,5.063294280764863,-17.3043119831863,-1.8106995884773713,Bear,0.0,0.999999999825377,1.7702875083554183e-10,8.41425260932706e-15
2020-07-23,11215.4501953125,0.007414603621325298,24.639999389648438,5.5,5.8551,2.5440750000000003,5.063294280764863,-17.3043119831863,-1.8106995884773713,Bear,0.0,0.9999999997889972,2.1036105741252562e-10,8.185793657663736e-15
2020-07-24,11194.150390625,-0.0019009541040186228,24.540000915527344,5.5,5.8551,2.5440750000000003,5.063294280764863,-17.3043119831863,-1.8106995884773713,Bear,0.0,0.9999999992360245,7.650956177702765e-10,2.0987545199509197e-14
2020-07-27,11131.7998046875,-0.0055854955772852745,25.020000457763672,5.5,5.8551,2.5440750000000003,5.063294280764863,-17.3043119831863,-1.8106995884773713,Bear,0.0,0.9999999983483576,1.6507174434132134e-09,4.338021636749205e-14
2020-07-28,11300.5498046875,0.015045520083450243,23.639999389648438,5.5,5.8551,2.5440750000000003,5.063294280764863,-17.3043119831863,-1.8106995884773713,Bear,0.0,0.9999999964275048,3.571202772092745e-09,1.5121597694518883e-13
2020-07-29,11202.849609375,-0.008683204468886633,24.110000610351562,5.5,5.8551,2.5440750000000003,5.063294280764863,-17.3043119831863,-1.8106995884773713,Bear,0.0,0.999999991930963,8.06790970262661e-09,3.2578194796702075e-13
2020-07-30,11102.150390625,-0.009029356907451743,24.729999542236328,5.5,5.8551,2.5440750000000003,5.063294280764863,-17.3043119831863,-1.8106995884773713,Bear,0.0,0.9999999889623724,1.1037434458252836e-08,5.481874584834743e-13
2020-07-31,11073.4501953125,-0.002588449519166038,24.190000534057617,5.5,5.8551,2.5440750000000003,5.063294280764863,-17.3043119831863,-1.8106995884773713,Bear,0.0,0.9999999876963558,1.230066590446323e-08,6.558881584559975e-13
2020-08-03,10891.599609375,-0.016558554850121334,25.190000534057617,5.5,5.81452,2.59712,5.329130998447873,-11.562867492053,-0.2473206924979321,Bear,0.0,0.9999999766587282,2.3059880630551434e-08,2.7978037130520165e-10
2020-08-04,11095.25,0.01852527473195631,23.81999969482422,5.5,5.81452,2.59712,5.329130998447873,-11.562867492053,-0.2473206924979321,Bear,0.0,0.9999999705833038,2.9203369472870405e-08,2.106297171349952e-10
2020-08-05,11101.650390625,0.0005766923029565639,23.56999969482422,5.5,5.81452,2.59712,5.329130998447873,-11.562867492053,-0.2473206924979321,Bear,0.0,0.9999999667415983,3.305689762246331e-08,2.0504624934157002e-10
2020-08-06,11200.150390625,0.00883342483924069,23.149999618530273,5.5,5.81452,2.59712,5.329130998447873,-11.562867492053,-0.2473206924979321,Bear,0.0,0.9999999443534777,5.5399789178688187e-08,2.447101646518459e-10
2020-08-07,11214.0498046875,0.0012402330418245548,22.579999923706055,5.5,5.81452,2.59712,5.329130998447873,-11.562867492053,-0.2473206924979321,Bear,0.0,0.9999999445644805,5.513135519139937e-08,3.0661918623207256e-10
2020-08-10,11270.150390625,0.004990233307851035,22.510000228881836,5.5,5.81452,2.59712,5.329130998447873,-11.562867492053,-0.2473206924979321,Bear,0.0,0.9999999828796718,1.7009456156560537e-08,1.1079513574919009e-10
2020-08-11,11322.5,0.004634224153283686,21.360000610351562,5.5,5.81452,2.59712,5.329130998447873,-11.562867492053,-0.2473206924979321,Bear,0.0,0.9999999685023799,3.124965781861364e-08,2.5006558383548223e-10
2020-08-12,11308.400390625,-0.0012460495124746427,20.850000381469727,5.5,5.81452,2.59712,5.329130998447873,-11.562867492053,-0.2473206924979321,Bear,0.0,0.9999999668798415,3.2831144716867936e-08,2.8625835539907904e-10
2020-08-13,11300.4501953125,-0.0007032817179241128,20.56999969482422,5.5,5.81452,2.59712,5.329130998447873,-11.562867492053,-0.2473206924979321,Bear,0.0,0.9999999637875596,3.325299737177846e-08,2.9611610440509647e-09
2020-08-14,11178.400390625,-0.010859185489107238,21.670000076293945,5.5,5.81452,2.59712,5.329130998447873,-11.562867492053,-0.2473206924979321,Bear,0.0,0.9999999267456614,6.73242014847149e-08,5.9314315089760434e-09
2020-08-17,11247.099609375,0.006126903182347498,21.309999465942383,5.5,5.81452,2.59712,5.329130998447873,-11.562867492053,-0.2473206924979321,Bear,0.0,0.9999999006322517,9.256184695900515e-08,6.80552320478117e-09
2020-08-18,11385.349609375,0.012217124027310865,20.43000030517578,5.5,5.81452,2.59712,5.329130998447873,-11.562867492053,-0.2473206924979321,Bear,0.0,0.9999998924831801,1.022767390367306e-07,5.237287261725246e-09
2020-08-19,11408.400390625,0.002022553472584474,19.959999084472656,5.5,5.81452,2.59712,5.329130998447873,-11.562867492053,-0.2473206924979321,Bear,0.0,0.9999998784551355,1.1537033261524007e-07,6.175745357464823e-09
2020-08-20,11312.2001953125,-0.0084681538079335,20.6200008392334,5.5,5.81452,2.59712,5.329130998447873,-11.562867492053,-0.2473206924979321,Bear,0.0,0.9999997980121611,1.9054911210880679e-07,1.1436471912689858e-08
2020-08-21,11371.599609375,0.005237178104313519,19.940000534057617,5.5,5.81452,2.59712,5.329130998447873,-11.562867492053,-0.2473206924979321,Bear,0.0,0.9999998813218623,1.1251622871253893e-07,6.163546485187536e-09
2020-08-24,11466.4501953125,0.008306412509926262,19.229999542236328,5.5,5.81452,2.59712,5.329130998447873,-11.562867492053,-0.2473206924979321,Bear,0.0,0.9999999074934792,8.817878110773624e-08,4.324195222504447e-09
2020-08-25,11472.25,0.000505678592222556,19.31999969482422,5.5,5.81452,2.59712,5.329130998447873,-11.562867492053,-0.2473206924979321,Bear,0.0,0.9999997731065635,2.1817607166987288e-07,8.719750413197871e-09
2020-08-26,11549.599609375,0.006719694702452173,19.299999237060547,5.5,5.81452,2.59712,5.329130998447873,-11.562867492053,-0.2473206924979321,Bear,0.0,0.9999998155399396,1.7949124517927915e-07,4.9684642771066195e-09
2020-08-27,11559.25,0.0008352117348219679,18.899999618530273,5.5,5.81452,2.59712,5.329130998447873,-11.562867492053,-0.2473206924979321,Bear,0.0,0.9999999139545289,8.33544228565241e-08,2.6913698202000747e-09
2020-08-28,11647.599609375,0.007614134421611744,18.350000381469727,5.5,5.81452,2.59712,5.329130998447873,-11.562867492053,-0.2473206924979321,Bear,0.0,0.999999951949577,4.663224474611424e-08,1.4205770621980464e-09
2020-08-31,11387.5,-0.0225838540823065,22.84000015258789,5.5,5.81452,2.59712,5.329130998447873,-11.562867492053,-0.2473206924979321,Bear,0.0,0.9999998320636364,1.6072204270891845e-07,7.215749971518895e-09
2020-09-01,11470.25,0.007240464307211334,21.799999237060547,5.5,6.0105,2.7764500000000005,5.625035229993669,-7.30642569886566,0.4115226337448652,Bear,0.0,0.9999997649065612,1.933262112030913e-07,4.176586421595637e-08
2020-09-02,11535.0,0.005629164732428894,21.110000610351562,5.5,6.0105,2.7764500000000005,5.625035229993669,-7.30642569886566,0.4115226337448652,Bear,0.0,0.9999997805789703,1.8754640828687646e-07,3.187254615568777e-08
2020-09-03,11527.4501953125,-0.0006547270470620276,20.5,5.5,6.0105,2.7764500000000005,5.625035229993669,-7.30642569886566,0.4115226337448652,Bear,0.0,0.9999996794504628,2.734103970381602e-07,4.71364144238386e-08
2020-09-04,11333.849609375,-0.01693737589976223,22.149999618530273,5.5,6.0105,2.7764500000000005,5.625035229993669,-7.30642569886566,0.4115226337448652,Bear,0.0,0.9999998089115434,1.1615185200857985e-07,7.493914673931108e-08
2020-09-07,11355.0498046875,0.001868773014980915,22.010000228881836,5.5,6.0105,2.7764500000000005,5.625035229993669,-7.30642569886566,0.4115226337448652,Bear,0.0,0.9999996212064424,2.791956132657162e-07,9.96009259411002e-08
2020-09-08,11317.349609375,-0.003325649779789579,22.719999313354492,5.5,6.0105,2.7764500000000005,5.625035229993669,-7.30642569886566,0.4115226337448652,Bear,0.0,0.9999996601036978,2.1455138558648262e-07,1.2534468049531098e-07
2020-09-09,11278.0,-0.003482986529093653,22.229999542236328,5.5,6.0105,2.7764500000000005,5.625035229993669,-7.30642569886566,0.4115226337448652,Bear,0.0,0.9999997290579271,1.5445802908405179e-07,1.1648345843798147e-07
2020-09-10,11449.25,0.01507030028649042,21.260000228881836,5.5,6.0105,2.7764500000000005,5.625035229993669,-7.30642569886566,0.4115226337448652,Bear,0.0,0.9999995472318121,3.9306972017832394e-07,5.970129788863275e-08
2020-09-11,11464.4501953125,0.0013267344350831917,20.709999084472656,5.5,6.0105,2.7764500000000005,5.625035229993669,-7.30642569886566,0.4115226337448652,Bear,0.0,0.9999996549741494,3.078813754450936e-07,3.7142842585830664e-08
2020-09-14,11440.0498046875,-0.002130620607789219,21.190000534057617,5.5,6.0105,2.7764500000000005,5.625035229993669,-7.30642569886566,0.4115226337448652,Bear,0.0,0.9999995611507128,3.8767509592921275e-07,5.1172282864328156e-08
2020-09-15,11521.7998046875,0.007120536611649034,20.600000381469727,5.5,6.0105,2.7764500000000005,5.625035229993669,-7.30642569886566,0.4115226337448652,Bear,0.0,0.9999996199185984,3.452632191749922e-07,3.481860440051289e-08
2020-09-16,11604.5498046875,0.007156369643982706,19.65999984741211,5.5,6.0105,2.7764500000000005,5.625035229993669,-7.30642569886566,0.4115226337448652,Bear,0.0,0.9999998134299123,1.705642359873882e-07,1.600623146351522e-08
2020-09-17,11516.099609375,-0.007651223391398827,20.100000381469727,5.5,6.0105,2.7764500000000005,5.625035229993669,-7.30642569886566,0.4115226337448652,Bear,0.0,0.9999994454266644,5.052854412747843e-07,4.928560431471922e-08
2020-09-18,11504.9501953125,-0.0009686278452831663,20.049999237060547,5.5,6.0105,2.7764500000000005,5.625035229993669,-7.30642569886566,0.4115226337448652,Bear,0.0,0.9999993668681967,5.733393358380192e-07,5.979037616142168e-08
2020-09-21,11250.5498046875,-0.022360395533691877,22.190000534057617,5.5,6.0105,2.7764500000000005,5.625035229993669,-7.30642569886566,0.4115226337448652,Bear,0.0,0.9999996954721164,1.985029026688066e-07,1.0602708679046573e-07
2020-09-22,11153.650390625,-0.008650165364363744,21.40999984741211,5.5,6.0105,2.7764500000000005,5.625035229993669,-7.30642569886566,0.4115226337448652,Bear,0.0,0.9999998595958558,6.322945314325521e-08,7.717391700937295e-08
2020-09-23,11131.849609375,-0.0019564998051874198,20.989999771118164,5.5,6.0105,2.7764500000000005,5.625035229993669,-7.30642569886566,0.4115226337448652,Bear,0.0,0.9999999022547902,3.397763675263183e-08,6.376773875020783e-08
2020-09-24,10805.5498046875,-0.02975046086629724,23.510000228881836,5.5,6.0105,2.7764500000000005,5.625035229993669,-7.30642569886566,0.4115226337448652,Bear,0.0,0.9999999793726604,1.4371011164344489e-09,1.919378417099438e-08
2020-09-25,11050.25,0.02239317919403798,20.68000030517578,5.5,6.0105,2.7764500000000005,5.625035229993669,-7.30642569886566,0.4115226337448652,Bear,0.0,0.9999999542342276,1.133157306234383e-08,3.443391070760954e-08
2020-09-28,11227.5498046875,0.015917509782938703,19.56999969482422,5.5,6.0105,2.7764500000000005,5.625035229993669,-7.30642569886566,0.4115226337448652,Bear,0.0,0.9999998254716199,1.2060382636217712e-07,5.3925371863221035e-08
2020-09-29,11222.400390625,-0.00045874615382283734,19.770000457763672,5.5,6.0105,2.7764500000000005,5.625035229993669,-7.30642569886566,0.4115226337448652,Bear,0.0,0.9999998352650572,1.1463631461549536e-07,5.009549183141287e-08
2020-09-30,11247.5498046875,0.0022384940193966077,19.530000686645508,5.5,6.0105,2.7764500000000005,5.625035229993669,-7.30642569886566,0.4115226337448652,Bear,0.0,0.9999998504281505,1.0408306123860557e-07,4.5489180472697545e-08
2020-10-01,11416.9501953125,0.014948800566928164,18.350000381469727,5.5,6.024675,2.749525,5.636614572762322,0.489287954044215,1.3190436933223415,Bear,0.0,0.9999997309132957,1.1430819636883907e-07,1.547802088973293e-07
2020-10-05,11503.349609375,0.007539152980994381,19.700000762939453,5.5,6.024675,2.749525,5.636614572762322,0.489287954044215,1.3190436933223415,Bear,0.0,0.9999994293831869,4.04327573660607e-07,1.6628979102098492e-07
2020-10-06,11662.400390625,0.013731761801546099,19.639999389648438,5.5,6.024675,2.749525,5.636614572762322,0.489287954044215,1.3190436933223415,Bear,0.0,0.9999995351173482,3.810333136191689e-07,8.384612206391303e-08
2020-10-07,11738.849609375,0.006533795478530655,20.059999465942383,5.5,6.024675,2.749525,5.636614572762322,0.489287954044215,1.3190436933223415,Bear,0.0,0.9999996519255243,2.9670863314837966e-07,5.1368064916882217e-08
2020-10-08,11834.599609375,0.008123590712403974,20.3799991607666,5.5,6.024675,2.749525,5.636614572762322,0.489287954044215,1.3190436933223415,Bear,0.0,0.9999997792183666,2.0979630631770745e-07,1.0983865328899864e-08
2020-10-09,11914.2001953125,0.00670357110102055,20.3799991607666,5.5,6.024675,2.749525,5.636614572762322,0.489287954044215,1.3190436933223415,Bear,0.0,0.9999995749531985,4.1267512733764254e-07,1.2371216196415226e-08
2020-10-12,11930.9501953125,0.0014048980594053501,21.1299991607666,5.5,6.024675,2.749525,5.636614572762322,0.489287954044215,1.3190436933223415,Bear,0.0,0.9999993864332345,5.983161106038596e-07,1.5248698244339633e-08
2020-10-13,11934.5,0.0002974848313881938,20.719999313354492,5.5,6.024675,2.749525,5.636614572762322,0.489287954044215,1.3190436933223415,Bear,0.0,0.9999986076664443,1.3664623409746803e-06,2.5868024838621333e-08
2020-10-14,11971.0498046875,0.0030578533826602027,20.209999084472656,5.5,6.024675,2.749525,5.636614572762322,0.489287954044215,1.3190436933223415,Bear,0.0,0.999997789290034,2.181836340320792e-06,2.8870688770660325e-08
2020-10-15,11680.349609375,-0.024583309443990238,22.059999465942383,5.5,6.024675,2.749525,5.636614572762322,0.489287954044215,1.3190436933223415,Bear,0.0,0.9999948457394613,4.8511317585729714e-06,3.031312723852638e-07
2020-10-16,11762.4501953125,0.007004361448563385,21.649999618530273,5.5,6.024675,2.749525,5.636614572762322,0.489287954044215,1.3190436933223415,Bear,0.0,0.9999955296398061,4.307902322741038e-06,1.6245900895911633e-07
2020-10-19,11873.0498046875,0.009358838750109354,21.81999969482422,5.5,6.024675,2.749525,5.636614572762322,0.489287954044215,1.3190436933223415,Bear,0.0,0.9999962657381423,3.65558718385325e-06,7.867430370923619e-08
2020-10-20,11896.7998046875,0.0019983305148122575,22.690000534057617,5.5,6.024675,2.749525,5.636614572762322,0.489287954044215,1.3190436933223415,Bear,0.0,0.9999984386389226,1.5213799162039244e-06,3.99841498493809e-08
2020-10-21,11937.650390625,0.003427863919924764,22.920000076293945,5.5,6.024675,2.749525,5.636614572762322,0.489287954044215,1.3190436933223415,Bear,0.0,0.9999991125154638,8.640554953126608e-07,2.34319588933878e-08
2020-10-22,11896.4501953125,-0.0034572511936285335,22.639999389648438,5.5,6.024675,2.749525,5.636614572762322,0.489287954044215,1.3190436933223415,Bear,0.0,0.9999993604144264,6.206598254937173e-07,1.8923710253598235e-08
2020-10-23,11930.349609375,0.002845488039808009,21.829999923706055,5.5,6.024675,2.749525,5.636614572762322,0.489287954044215,1.3190436933223415,Bear,0.0,0.9999998058192621,1.8717140668422283e-07,7.010535958733859e-09
2020-10-26,11767.75,-0.01372280171939824,22.829999923706055,5.5,6.024675,2.749525,5.636614572762322,0.489287954044215,1.3190436933223415,Bear,0.0,0.9999988646602184,1.0734386878933095e-06,6.190108227717529e-08
2020-10-27,11889.400390625,0.010284540688903391,22.200000762939453,5.5,6.024675,2.749525,5.636614572762322,0.489287954044215,1.3190436933223415,Bear,0.0,0.999998228102164,1.728517053207442e-06,4.338355754062524e-08
2020-10-28,11729.599609375,-0.013531751526031222,23.280000686645508,5.5,6.024675,2.749525,5.636614572762322,0.489287954044215,1.3190436933223415,Bear,0.0,0.999997824338245,2.044180664699054e-06,1.314789918960017e-07
2020-10-29,11670.7998046875,-0.0050255491286022155,24.020000457763672,5.5,6.024675,2.749525,5.636614572762322,0.489287954044215,1.3190436933223415,Bear,0.0,0.9999973685951833,2.434535511725253e-06,1.96871541766153e-07
2020-10-30,11642.400390625,-0.0024363388871728973,24.75,5.5,6.024675,2.749525,5.636614572762322,0.489287954044215,1.3190436933223415,Bear,0.0,0.9999952782202463,4.425144166283505e-06,2.9663241573490315e-07
2020-11-02,11669.150390625,0.00229500061940095,25.209999084472656,5.5,5.94484,2.69142,5.902144903661943,4.99067271289788,1.3114754098360715,Bear,0.0,0.9999737861669742,2.4907035483218727e-05,1.3067970240826227e-06
2020-11-03,11813.5,0.01229430453308261,24.239999771118164,5.5,5.94484,2.69142,5.902144903661943,4.99067271289788,1.3114754098360715,Bear,0.0,0.999963173913398,3.614130078771478e-05,6.847864499679526e-07
2020-11-04,11908.5,0.008009485529747545,23.200000762939453,5.5,5.94484,2.69142,5.902144903661943,4.99067271289788,1.3114754098360715,Bear,0.0,0.9999647119881011,3.5153497128309865e-05,1.3451330082410518e-07
2020-11-05,12120.2998046875,0.017629285844443805,20.969999313354492,5.5,5.94484,2.69142,5.902144903661943,4.99067271289788,1.3114754098360715,Bear,0.0,0.999980545530045,1.9445514872850153e-05,8.952465542513053e-09
2020-11-06,12263.5498046875,0.011749715515175936,20.5,5.5,5.94484,2.69142,5.902144903661943,4.99067271289788,1.3114754098360715,Bear,0.0,0.9998326618406397,0.0001671387511855083,1.9940850409974206e-07
2020-11-09,12461.0498046875,0.015976331587139476,20.110000610351562,5.5,5.94484,2.69142,5.902144903661943,4.99067271289788,1.3114754098360715,Bull,0.9999999860010577,1.4001963264805e-08,1.62807746354867e-17,1.9040846979451955e-23
2020-11-10,12631.099609375,0.013554232066476922,21.579999923706055,5.5,5.94484,2.69142,5.902144903661943,4.99067271289788,1.3114754098360715,Bull,0.9999999998835847,1.19894527665203e-10,6.919797481558223e-17,1.5758111905649262e-23
2020-11-11,12749.150390625,0.009302637490367565,22.030000686645508,5.5,5.94484,2.69142,5.902144903661943,4.99067271289788,1.3114754098360715,Bull,0.9999999848732842,1.512734260007081e-08,3.08725759052397e-17,1.627855906197099e-23
2020-11-12,12690.7998046875,-0.004587327240413277,20.6200008392334,5.5,5.94484,2.69142,5.902144903661943,4.99067271289788,1.3114754098360715,Bull,0.0,0.9997460106888568,0.0002539538891559006,3.5421805237577513e-08
2020-11-13,12719.9501953125,0.0022943363271255195,19.700000762939453,5.5,5.94484,2.69142,5.902144903661943,4.99067271289788,1.3114754098360715,Bull,0.0,0.9997516705440744,0.0002482919476113558,3.7510045928899774e-08
2020-11-17,12874.2001953125,0.012053681426341886,19.799999237060547,5.5,5.94484,2.69142,5.902144903661943,4.99067271289788,1.3114754098360715,Bull,0.9999999969222699,3.0762717107747143e-09,1.0835662024752818e-17,5.430698929032452e-24
2020-11-18,12938.25,0.004962716492027381,19.1200008392334,5.5,5.94484,2.69142,5.902144903661943,4.99067271289788,1.3114754098360715,Bull,0.9999999982101144,1.787314546603097e-09,1.5915043559004163e-17,5.639902006308647e-24
2020-11-19,12771.7001953125,-0.012956239372488106,19.56999969482422,5.5,5.94484,2.69142,5.902144903661943,4.99067271289788,1.3114754098360715,Bear,0.0,0.9977650042294129,0.0022345561720456897,4.395989276297382e-07
2020-11-20,12859.0498046875,0.006816027431926412,19.6200008392334,5.5,5.94484,2.69142,5.902144903661943,4.99067271289788,1.3114754098360715,Bear,0.0,0.9988718657711129,0.0011281323527220527,1.8778592211645448e-09
2020-11-23,12926.4501953125,0.0052277864790618534,20.799999237060547,5.5,5.94484,2.69142,5.902144903661943,4.99067271289788,1.3114754098360715,Bear,0.0,0.9984585089031698,0.0015414125368655568,7.85565259578103e-08
2020-11-24,13055.150390625,0.009907106958531581,21.059999465942383,5.5,5.94484,2.69142,5.902144903661943,4.99067271289788,1.3114754098360715,Bear,0.9999987072668943,1.2927318849088847e-06,6.849311076252883e-17,2.9927580781396735e-23
2020-11-25,12858.400390625,-0.015185397205090293,23.1299991607666,5.5,5.94484,2.69142,5.902144903661943,4.99067271289788,1.3114754098360715,Bear,0.0,0.9967662212505245,0.0032330828131055625,6.959335678406833e-07
2020-11-26,12987.0,0.009951532476185488,20.020000457763672,5.5,5.94484,2.69142,5.902144903661943,4.99067271289788,1.3114754098360715,Bear,0.0,0.998837442342402,0.0011625564961759089,1.1608142919021985e-09
2020-11-27,12968.9501953125,-0.0013908030691388337,19.81999969482422,5.5,5.94484,2.69142,5.902144903661943,4.99067271289788,1.3114754098360715,Bear,0.0,0.9985111784716013,0.0014887048340289286,1.1669097122014078e-07
2020-12-01,13109.0498046875,0.01074476242399418,20.18000030517578,5.5,5.8952,2.839625,5.28476084361067,-1.74253468142016,2.289452166802941,Bull,0.9999999269348363,7.30639812528243e-08,2.0255624613963955e-17,7.211827932028275e-24
2020-12-02,13113.75,0.0003584815807498976,19.90999984741211,5.5,5.8952,2.839625,5.28476084361067,-1.74253468142016,2.289452166802941,Bull,0.9999999990832293,9.149344149484463e-10,1.6866660532580092e-16,2.1961917195527337e-23
2020-12-03,13133.900390625,0.0015354055912646832,19.0,5.5,5.8952,2.839625,5.28476084361067,-1.74253468142016,2.289452166802941,Bull,0.9999999999490683,5.141181728295911e-11,6.785206802319622e-18,9.193743654894884e-25
2020-12-04,13258.5498046875,0.009445908959648398,18.030000686645508,5.5,5.8952,2.839625,5.28476084361067,-1.74253468142016,2.289452166802941,Bull,0.9999999999854481,1.5150221575548095e-11,2.393680615852439e-18,1.5900229028284817e-25
2020-12-07,13355.75,0.007304391112653887,18.020000457763672,5.5,5.8952,2.839625,5.28476084361067,-1.74253468142016,2.289452166802941,Bull,0.999999999992724,8.347665612187707e-12,1.0206424620590064e-18,6.682964503446335e-26
2020-12-08,13392.9501953125,0.002781459960611745,18.6200008392334,5.5,5.8952,2.839625,5.28476084361067,-1.74253468142016,2.289452166802941,Bull,0.999999999992724,6.693706356036048e-12,2.3992019195018014e-18,1.0569725007406533e-25
2020-12-09,13529.099609375,0.010114428562528128,18.920000076293945,5.5,5.8952,2.839625,5.28476084361067,-1.74253468142016,2.289452166802941,Bull,0.9999999978026608,2.1961314749073558e-09,1.2185521948743503e-18,1.4183876437257223e-25
2020-12-10,13478.2998046875,-0.0037619219695161584,18.709999084472656,5.5,5.8952,2.839625,5.28476084361067,-1.74253468142016,2.289452166802941,Bear,0.0,0.9999478687005723,5.2128422323389624e-05,2.874119718637682e-09
2020-12-11,13513.849609375,0.0026340862816878062,18.790000915527344,5.5,5.8952,2.839625,5.28476084361067,-1.74253468142016,2.289452166802941,Bear,0.0,0.9999477953918479,5.220245816071676e-05,2.1520725782725523e-09
2020-12-14,13558.150390625,0.0032728147749187795,19.399999618530273,5.5,5.8952,2.839625,5.28476084361067,-1.74253468142016,2.289452166802941,Bear,0.9999999983847374,1.6183106047343558e-09,1.995102803561832e-18,1.839404516114445e-25
2020-12-15,13567.849609375,0.0007151234360649028,19.350000381469727,5.5,5.8952,2.839625,5.28476084361067,-1.74253468142016,2.289452166802941,Bear,0.9999999999854481,1.464668763881685e-11,9.28810811396704e-18,2.727111378777448e-25
2020-12-16,13682.7001953125,0.008429280641864136,19.200000762939453,5.5,5.8952,2.839625,5.28476084361067,-1.74253468142016,2.289452166802941,Bear,0.9999999999781721,2.147123627050069e-11,1.2089155757580248e-17,3.068616601858103e-25
2020-12-17,13740.7001953125,0.004229970438016461,19.15999984741211,5.5,5.8952,2.839625,5.28476084361067,-1.74253468142016,2.289452166802941,Bull,0.9999999999854481,1.1437822268164668e-11,4.9454158875379685e-18,1.2164770088549212e-25
2020-12-18,13760.5498046875,0.0014435425896574643,18.6200008392334,5.5,5.8952,2.839625,5.28476084361067,-1.74253468142016,2.289452166802941,Bull,0.9999999990759534,9.238235125873572e-10,1.1883325679694079e-18,7.379239617561393e-26
2020-12-21,13328.400390625,-0.03190866215630266,23.190000534057617,5.5,5.8952,2.839625,5.28476084361067,-1.74253468142016,2.289452166802941,Bull,0.0,0.9999589407878703,4.103110423882694e-05,2.8104442932692344e-08
2020-12-22,13466.2998046875,0.010293127415086657,21.989999771118164,5.5,5.8952,2.839625,5.28476084361067,-1.74253468142016,2.289452166802941,Bull,0.0,0.99999949173811,5.080503405769451e-07,2.0938835547313997e-10
2020-12-23,13601.099609375,0.009960389402299756,20.5,5.5,5.8952,2.839625,5.28476084361067,-1.74253468142016,2.289452166802941,Bull,0.0,0.999999169486163,8.303857800209088e-07,1.303689827012293e-10
2020-12-24,13749.25,0.01083363406633502,19.969999313354492,5.5,5.8952,2.839625,5.28476084361067,-1.74253468142016,2.289452166802941,Bear,0.0,0.9999435101512004,5.6486964249744884e-05,2.8838987496748216e-09
2020-12-28,13873.2001953125,0.008974658395164679,20.43000030517578,5.5,5.8952,2.839625,5.28476084361067,-1.74253468142016,2.289452166802941,Bear,0.9999999972787919,2.721726527879609e-09,4.5160887019995225e-18,2.9090609742930686e-25
2020-12-29,13932.599609375,0.004272454296258275,20.790000915527344,5.5,5.8952,2.839625,5.28476084361067,-1.74253468142016,2.289452166802941,Bear,0.9999999999781721,1.941318357980605e-11,1.749432660039946e-18,5.168736016587986e-26
2020-12-30,13981.9501953125,0.003535836164182277,21.110000610351562,5.5,5.8952,2.839625,5.28476084361067,-1.74253468142016,2.289452166802941,Bear,0.999999996907718,3.091487146671976e-09,1.8401499668258715e-18,8.276126961366626e-26
2020-12-31,13981.75,-1.4318227638304822e-05,21.100000381469727,5.5,5.8952,2.839625,5.28476084361067,-1.74253468142016,2.289452166802941,Bear,0.0,0.9932709321730228,0.006728970844972495,9.697961392582511e-08
2021-01-01,14018.5,0.002624978069994666,21.100000381469727,5.5,5.8929,2.7946,3.686607470335179,2.11481694400146,1.9512195121951237,Bull,0.9999999999781721,2.5055382820200606e-11,1.4605421038414498e-17,1.649548289881663e-26
2021-01-04,14132.900390625,0.008127554493474463,20.030000686645508,5.5,5.8929,2.7946,3.686607470335179,2.11481694400146,1.9512195121951237,Bull,1.0,2.10662772978115e-13,1.8155104373358934e-17,5.674874915941081e-27
2021-01-05,14199.5,0.00470131235786493,20.459999084472656,5.5,5.8929,2.7946,3.686607470335179,2.11481694400146,1.9512195121951237,Bull,1.0,7.224178042220287e-14,1.5701316859532928e-16,1.033685040070797e-28
2021-01-06,14146.25,-0.0037571814216639365,21.0,5.5,5.8929,2.7946,3.686607470335179,2.11481694400146,1.9512195121951237,Bull,0.0,0.017012617496535716,0.9829873813971693,1.1055887017688983e-09
2021-01-07,14137.349609375,-0.0006293676223474675,20.6200008392334,5.5,5.8929,2.7946,3.686607470335179,2.11481694400146,1.9512195121951237,Bull,0.0,0.01706833661101784,0.9829316615576991,1.829310281852342e-09
2021-01-08,14347.25,0.014738082534464191,20.639999389648438,5.5,5.8929,2.7946,3.686607470335179,2.11481694400146,1.9512195121951237,Bull,1.0,7.698512208064842e-14,6.229920671666981e-17,3.1310832902613745e-29
2021-01-11,14484.75,0.00953808562855032,22.3799991607666,5.5,5.8929,2.7946,3.686607470335179,2.11481694400146,1.9512195121951237,Bull,1.0,7.785563934434363e-14,1.1649679553232074e-18,1.2526845310016699e-29
2021-01-12,14563.4501953125,0.0054186068221036155,22.850000381469727,5.5,5.8929,2.7946,3.686607470335179,2.11481694400146,1.9512195121951237,Bull,0.9999999998108251,1.9100118726649374e-10,1.0470753160280007e-19,3.966442856896769e-34
2021-01-13,14564.849609375,9.608621670051523e-05,23.290000915527344,5.5,5.8929,2.7946,3.686607470335179,2.11481694400146,1.9512195121951237,Bull,1.0,7.084555315299305e-14,1.2715386590427954e-18,1.7241660192582973e-29
2021-01-14,14595.599609375,0.002109021789565324,23.030000686645508,5.5,5.8929,2.7946,3.686607470335179,2.11481694400146,1.9512195121951237,Bull,1.0,9.607228235950906e-14,4.6581250179863793e-17,1.0708014306333231e-29
2021-01-15,14433.7001953125,-0.01115432296065278,24.010000228881836,5.5,5.8929,2.7946,3.686607470335179,2.11481694400146,1.9512195121951237,HighVol,0.0,0.007572736655447691,0.9924272616706391,1.6706520577011887e-09
2021-01-18,14281.2998046875,-0.010614788200058034,24.399999618530273,5.5,5.8929,2.7946,3.686607470335179,2.11481694400146,1.9512195121951237,HighVol,0.0,0.007286170570096719,0.9927138292510825,1.787599761211181e-10
2021-01-19,14521.150390625,0.01665525875641371,22.899999618530273,5.5,5.8929,2.7946,3.686607470335179,2.11481694400146,1.9512195121951237,HighVol,0.0,0.008621972120675423,0.9913780268986294,9.82034724737931e-10
2021-01-20,14644.7001953125,0.008472274336760961,21.549999237060547,5.5,5.8929,2.7946,3.686607470335179,2.11481694400146,1.9512195121951237,HighVol,1.0,4.998501660259046e-14,1.3199243341670161e-14,1.0924890230231608e-28
2021-01-21,14590.349609375,-0.003718184091801354,22.18000030517578,5.5,5.8929,2.7946,3.686607470335179,2.11481694400146,1.9512195121951237,HighVol,0.0,0.0011732107161484472,0.9988267884929372,7.91296673119837e-10
2021-01-22,14371.900390625,-0.015085386074712022,22.18000030517578,5.5,5.8929,2.7946,3.686607470335179,2.11481694400146,1.9512195121951237,HighVol,0.0,0.0006524965853868252,0.9993475033274551,8.657857788719965e-11
2021-01-25,14238.900390625,-0.009297255190251277,23.25,5.5,5.8929,2.7946,3.686607470335179,2.11481694400146,1.9512195121951237,HighVol,0.0,0.0007659586343659956,0.9992340411687519,1.998826599210742e-10
2021-01-27,13967.5,-0.019244480891583437,24.389999389648438,5.5,5.8929,2.7946,3.686607470335179,2.11481694400146,1.9512195121951237,HighVol,0.0,0.002184581953346708,0.9978154165189375,1.5262233683029123e-09
2021-01-28,13817.5498046875,-0.010793693167934581,24.290000915527344,5.5,5.8929,2.7946,3.686607470335179,2.11481694400146,1.9512195121951237,HighVol,0.0,0.0037724232774262057,0.9962275735394842,3.1857906996474306e-09
2021-01-29,13634.599609375,-0.013328858232496075,25.34000015258789,5.5,5.8929,2.7946,3.686607470335179,2.11481694400146,1.9512195121951237,HighVol,0.0,0.00413394159018096,0.9958660514402152,6.96784239828046e-09
2021-02-01,14281.2001953125,0.04633334971971787,23.31999969482422,5.5,5.94162,2.7280800000000003,3.162902928103306,-0.824632910249901,2.5121555915721183,HighVol,0.0,0.0025069293058038286,0.9974930705221517,1.7084355929954288e-10
2021-02-02,14647.849609375,0.025349539675742865,23.350000381469727,5.5,5.94162,2.7280800000000003,3.162902928103306,-0.824632910249901,2.5121555915721183,Bull,1.0,2.3825933714662718e-20,2.351577370287409e-21,8.564673051876472e-35
2021-02-03,14789.9501953125,0.009654368913945022,23.75,5.5,5.94162,2.7280800000000003,3.162902928103306,-0.824632910249901,2.5121555915721183,Bull,1.0,1.7616954529447491e-19,6.388273161646262e-23,1.7927518025750771e-34
2021-02-04,14895.650390625,0.007121340982025425,23.1200008392334,5.5,5.94162,2.7280800000000003,3.162902928103306,-0.824632910249901,2.5121555915721183,Bull,1.0,3.943486814261494e-19,4.5903766862066533e-23,9.927844510127003e-35
2021-02-05,14924.25,0.0019181565175802602,23.420000076293945,5.5,5.94162,2.7280800000000003,3.162902928103306,-0.824632910249901,2.5121555915721183,Bull,1.0,1.3185226582435837e-18,7.652771100677524e-23,2.4331862617716886e-34
2021-02-08,15115.7998046875,0.012753134705385865,23.959999084472656,5.5,5.94162,2.7280800000000003,3.162902928103306,-0.824632910249901,2.5121555915721183,Bull,0.9999999990031938,9.97237759832297e-10,1.6041509502993237e-18,1.2991936424500016e-26
2021-02-09,15109.2998046875,-0.00043010611605642915,24.270000457763672,5.5,5.94162,2.7280800000000003,3.162902928103306,-0.824632910249901,2.5121555915721183,Bear,0.0,0.9960549575634888,0.003945040645343892,1.7893961295260656e-09
2021-02-10,15106.5,-0.00018532057490518592,23.950000762939453,5.5,5.94162,2.7280800000000003,3.162902928103306,-0.824632910249901,2.5121555915721183,Bear,0.0,0.9958046682435142,0.004195326496011338,5.261976744597783e-09
2021-02-11,15173.2998046875,0.004412176664707947,23.049999237060547,5.5,5.94162,2.7280800000000003,3.162902928103306,-0.824632910249901,2.5121555915721183,Bear,0.9999999863139238,1.3686565330413615e-08,2.143959075978535e-17,2.740413195037986e-26
2021-02-12,15163.2998046875,-0.0006592696934370658,22.040000915527344,5.5,5.94162,2.7280800000000003,3.162902928103306,-0.824632910249901,2.5121555915721183,Bear,0.0,0.7936291045676721,0.20637010155769536,7.938765571621865e-07
2021-02-15,15314.7001953125,0.009935142462115996,22.040000915527344,5.5,5.94162,2.7280800000000003,3.162902928103306,-0.824632910249901,2.5121555915721183,Bear,0.9999999832725736,1.6726694968462545e-08,1.1674934100269364e-17,6.679995054332601e-27
2021-02-16,15313.4501953125,-8.162425642763527e-05,21.780000686645508,5.5,5.94162,2.7280800000000003,3.162902928103306,-0.824632910249901,2.5121555915721183,Bear,0.0,0.9995561659595412,0.00044383246189318257,1.5798684073755133e-09
2021-02-17,15208.900390625,-0.006850731452785171,21.780000686645508,5.5,5.94162,2.7280800000000003,3.162902928103306,-0.824632910249901,2.5121555915721183,Bear,0.0,0.9999097538363314,9.024571477323995e-05,4.501934025056147e-10
2021-02-18,15118.9501953125,-0.005931871684390037,21.540000915527344,5.5,5.94162,2.7280800000000003,3.162902928103306,-0.824632910249901,2.5121555915721183,Bear,0.0,0.9999692647755544,3.073377234558379e-05,1.4499547900647846e-09
2021-02-19,14981.75,-0.009116143118184506,22.25,5.5,5.94162,2.7280800000000003,3.162902928103306,-0.824632910249901,2.5121555915721183,Bear,0.0,0.9999841656625356,1.5831227147967033e-05,3.110648248479245e-09
2021-02-22,14675.7001953125,-0.02063971564030592,25.469999313354492,5.5,5.94162,2.7280800000000003,3.162902928103306,-0.824632910249901,2.5121555915721183,Bear,0.0,0.9999958686252134,4.126230081946746e-06,5.143272921936554e-09
2021-02-23,14707.7998046875,0.002184873969705697,25.229999542236328,5.5,5.94162,2.7280800000000003,3.162902928103306,-0.824632910249901,2.5121555915721183,Bear,0.0,0.9999950633186,4.931385515677897e-06,5.298931051623855e-09
2021-02-24,14982.0,0.01847152850052029,24.170000076293945,5.5,5.94162,2.7280800000000003,3.162902928103306,-0.824632910249901,2.5121555915721183,Bear,0.0,0.9999910064111346,8.991430684896777e-06,2.155747636205116e-09
2021-02-25,15097.349609375,0.007669725331353619,22.889999389648438,5.5,5.94162,2.7280800000000003,3.162902928103306,-0.824632910249901,2.5121555915721183,Bear,0.0,0.9999936823714435,6.3166620261496226e-06,9.64712298385056e-10
2021-02-26,14529.150390625,-0.03836220275630364,28.139999389648438,5.5,5.94162,2.7280800000000003,3.162902928103306,-0.824632910249901,2.5121555915721183,Bear,0.0,0.9999979958904152,2.0013744929547377e-06,2.7382235881833477e-09
2021-03-01,14761.5498046875,0.01586881087701919,25.6299991607666,5.5,6.1935,2.928875,4.494453663100861,0.324893301215901,4.828150572831413,Bear,0.0,0.9999999228457485,7.712782096282568e-08,2.779300398115136e-11
2021-03-02,14919.099609375,0.010616431079728933,23.610000610351562,5.5,6.1935,2.928875,4.494453663100861,0.324893301215901,4.828150572831413,Bear,0.0,0.9999999537103588,4.627618843913513e-08,1.392848893601716e-11
2021-03-03,15245.599609375,0.02164866615239294,22.09000015258789,5.5,6.1935,2.928875,4.494453663100861,0.324893301215901,4.828150572831413,Bear,0.0,0.999999972933438,2.7064416171461846e-08,2.2795235370675622e-12
2021-03-04,15080.75,-0.010871815118793142,24.149999618530273,5.5,6.1935,2.928875,4.494453663100861,0.324893301215901,4.828150572831413,Bear,0.0,0.9999999451320052,5.48589610278673e-08,8.807348280414218e-12
2021-03-05,14938.099609375,-0.009504125991607463,25.559999465942383,5.5,6.1935,2.928875,4.494453663100861,0.324893301215901,4.828150572831413,Bear,0.0,0.999999986801413,1.3188548132555651e-08,7.710670242313341e-12
2021-03-08,14956.2001953125,0.001210972544447202,24.68000030517578,5.5,6.1935,2.928875,4.494453663100861,0.324893301215901,4.828150572831413,Bear,0.0,0.9999999629799283,3.7006696986082734e-08,1.586858950846533e-11
2021-03-09,15098.400390625,0.009462861169810146,22.5,5.5,6.1935,2.928875,4.494453663100861,0.324893301215901,4.828150572831413,Bear,0.0,0.9999999645951909,3.5391989381894396e-08,9.262668891475792e-12
2021-03-10,15174.7998046875,0.005047340602462587,20.75,5.5,6.1935,2.928875,4.494453663100861,0.324893301215901,4.828150572831413,Bear,0.0,0.999999974483217,2.5512212382472928e-08,8.079381194754561e-12
2021-03-12,15030.9501953125,-0.009524722735275023,21.709999084472656,5.5,6.1935,2.928875,4.494453663100861,0.324893301215901,4.828150572831413,Bear,0.0,0.9999999603387558,3.9639824394423426e-08,1.8151689009393944e-11
2021-03-15,14929.5,-0.006772300308835674,21.229999542236328,5.5,6.1935,2.928875,4.494453663100861,0.324893301215901,4.828150572831413,Bear,0.0,0.9999999680221668,3.195838023582957e-08,2.2443463206051445e-11
2021-03-16,14910.4501953125,-0.0012767988653300596,20.190000534057617,5.5,6.1935,2.928875,4.494453663100861,0.324893301215901,4.828150572831413,Bear,0.0,0.9999999788997231,2.107797322505289e-08,2.3568295854567325e-11
2021-03-17,14721.2998046875,-0.01276691115553913,20.15999984741211,5.5,6.1935,2.928875,4.494453663100861,0.324893301215901,4.828150572831413,Bear,0.0,0.9999999911451596,8.82905055864458e-09,2.6842767600712525e-11
2021-03-18,14557.849609375,-0.011165071153974405,20.079999923706055,5.5,6.1935,2.928875,4.494453663100861,0.324893301215901,4.828150572831413,Bear,0.0,0.9999999942956492,5.652418368539405e-09,4.924960532822883e-11
2021-03-19,14744.0,0.012705880170274957,19.989999771118164,5.5,6.1935,2.928875,4.494453663100861,0.324893301215901,4.828150572831413,Bear,0.0,0.9999999782594389,2.1680944698668753e-08,5.619722504679004e-11
2021-03-22,14736.400390625,-0.0005155703072306843,20.489999771118164,5.5,6.1935,2.928875,4.494453663100861,0.324893301215901,4.828150572831413,Bear,0.0,0.9999999593856054,4.0542971430025024e-08,6.816786112105743e-11
2021-03-23,14814.75,0.005302656033791128,20.670000076293945,5.5,6.1935,2.928875,4.494453663100861,0.324893301215901,4.828150572831413,Bear,0.0,0.999999942265278,5.76869774035166e-08,4.86786063348918e-11
2021-03-24,14549.400390625,-0.018073523592070435,22.459999084472656,5.5,6.1935,2.928875,4.494453663100861,0.324893301215901,4.828150572831413,Bear,0.0,0.9999999241626967,7.571574259231646e-08,1.2041645315023905e-10
2021-03-25,14324.900390625,-0.015550473459416195,22.700000762939453,5.5,6.1935,2.928875,4.494453663100861,0.324893301215901,4.828150572831413,Bear,0.0,0.9999999653591664,3.445521660212943e-08,1.8234890424286636e-10
2021-03-26,14507.2998046875,0.012652648509180619,20.649999618530273,5.5,6.1935,2.928875,4.494453663100861,0.324893301215901,4.828150572831413,Bear,0.0,0.9999999721258068,2.7762741851791656e-08,1.1014785544970712e-10
2021-03-30,14845.099609375,0.023017860602701366,20.489999771118164,5.5,6.1935,2.928875,4.494453663100861,0.324893301215901,4.828150572831413,Bear,0.0,0.9999999614301495,3.855009582833862e-08,2.0002897946548146e-11
2021-03-31,14690.7001953125,-0.010455164345430578,20.649999618530273,5.5,6.1935,2.928875,4.494453663100861,0.324893301215901,4.828150572831413,Bear,0.0,0.9999999432984639,5.6647393997910566e-08,5.57632786974816e-11
2021-04-01,14867.349609375,0.011952853344086897,19.989999771118164,5.5,6.350775,3.0794249999999996,5.66568648756145,28.549012660449,7.890365448504988,Bear,0.0,0.9999999999636202,3.36354835865834e-11,5.907419483257095e-16
2021-04-05,14637.7998046875,-0.015560296479187625,21.219999313354492,5.5,6.350775,3.0794249999999996,5.66568648756145,28.549012660449,7.890365448504988,Bear,0.0,0.9999999999708962,2.8968560199150276e-11,1.579338936667249e-15
2021-04-06,14683.5,0.0031172037135109875,20.84000015258789,5.5,6.350775,3.0794249999999996,5.66568648756145,28.549012660449,7.890365448504988,Bear,0.0,0.9999999999345164,6.333507423715108e-11,2.278257985124393e-15
2021-04-07,14819.0498046875,0.0091890876818974,20.25,5.5,6.350775,3.0794249999999996,5.66568648756145,28.549012660449,7.890365448504988,Bear,0.0,0.9999999999199645,7.914576688447457e-11,1.4434703859712352e-15
2021-04-08,14873.7998046875,0.003687760707936765,20.309999465942383,5.5,6.350775,3.0794249999999996,5.66568648756145,28.549012660449,7.890365448504988,Bear,0.0,0.9999999999563443,4.1861054022128677e-11,3.395828477268028e-15
2021-04-09,14834.849609375,-0.0026221466406612408,19.790000915527344,5.5,6.350775,3.0794249999999996,5.66568648756145,28.549012660449,7.890365448504988,Bear,0.0,0.9999999999490683,4.8572547485420806e-11,6.254656770343056e-15
2021-04-12,14310.7998046875,-0.03596463281723922,23.0,5.5,6.350775,3.0794249999999996,5.66568648756145,28.549012660449,7.890365448504988,Bear,0.0,0.9999999999854481,1.153876676464073e-11,2.289313190805788e-14
2021-04-13,14504.7998046875,0.013465132344700306,20.459999084472656,5.5,6.350775,3.0794249999999996,5.66568648756145,28.549012660449,7.890365448504988,Bear,0.0,0.9999999999708962,2.618346798238766e-11,1.1641132089387558e-14
2021-04-15,14581.4501953125,0.005270570669209097,20.889999389648438,5.5,6.350775,3.0794249999999996,5.66568648756145,28.549012660449,7.890365448504988,Bear,0.0,0.9999999999708962,3.042767002802205e-11,9.123507331647487e-15
2021-04-16,14617.849609375,0.0024931716281266104,20.399999618530273,5.5,6.350775,3.0794249999999996,5.66568648756145,28.549012660449,7.890365448504988,Bear,0.0,0.9999999999708962,3.127186691291611e-11,8.852681106593992e-15
2021-04-19,14359.4501953125,-0.01783508230882999,22.489999771118164,5.5,6.350775,3.0794249999999996,5.66568648756145,28.549012660449,7.890365448504988,Bear,0.0,0.9999999999854481,1.7763800084508324e-11,2.1951258362690484e-14
2021-04-20,14296.400390625,-0.0044004910090830246,22.43000030517578,5.5,6.350775,3.0794249999999996,5.66568648756145,28.549012660449,7.890365448504988,Bear,0.0,0.9999999999417923,5.692138475377515e-11,4.310197387320217e-14
2021-04-22,14406.150390625,0.007647441212800463,23.030000686645508,5.5,6.350775,3.0794249999999996,5.66568648756145,28.549012660449,7.890365448504988,Bear,0.0,0.9999999999490683,4.9311363113636884e-11,3.4323226729404735e-14
2021-04-23,14341.349609375,-0.004508280094204329,22.690000534057617,5.5,6.350775,3.0794249999999996,5.66568648756145,28.549012660449,7.890365448504988,Bear,0.0,0.9999999999636202,3.9291357067022214e-11,4.4378559487767064e-14
2021-04-26,14485.0,0.009966685459202936,23.5,5.5,6.350775,3.0794249999999996,5.66568648756145,28.549012660449,7.890365448504988,Bear,0.0,0.9999999999490683,4.989221672414397e-11,3.3513263927966517e-14
2021-04-27,14653.0498046875,0.011534860370141113,23.079999923706055,5.5,6.350775,3.0794249999999996,5.66568648756145,28.549012660449,7.890365448504988,Bear,0.0,0.9999999999636202,3.305916490112989e-11,7.263563099305237e-15
2021-04-28,14864.5498046875,0.014330678808834763,22.579999923706055,5.5,6.350775,3.0794249999999996,5.66568648756145,28.549012660449,7.890365448504988,Bear,0.0,0.999999999992724,5.6959398927714334e-12,9.355050247359738e-16
2021-04-29,14894.900390625,0.002039728305535653,23.309999465942383,5.5,6.350775,3.0794249999999996,5.66568648756145,28.549012660449,7.890365448504988,Bear,0.0,0.999999999992724,9.914548525023546e-12,1.4838315839258572e-15
2021-04-30,14631.099609375,-0.017869525228607498,23.030000686645508,5.5,6.350775,3.0794249999999996,5.66568648756145,28.549012660449,7.890365448504988,Bear,0.0,0.9999999999563443,4.148837887422181e-11,1.535405671004304e-14
2021-05-03,14634.150390625,0.0002084917272909865,23.690000534057617,5.5,6.2801,2.94522,5.139897674026872,194.567644022898,10.738255033557053,Bear,0.0,1.0,1.8463974015098225e-18,1.2683955645029012e-17
2021-05-04,14496.5,-0.009450624224999165,23.010000228881836,5.5,6.2801,2.94522,5.139897674026872,194.567644022898,10.738255033557053,Bear,0.0,1.0,2.2119740093445045e-18,4.542079030012714e-17
2021-05-05,14617.849609375,0.008336116981918119,23.010000228881836,5.5,6.2801,2.94522,5.139897674026872,194.567644022898,10.738255033557053,Bear,0.0,1.0,2.3339426149881423e-18,2.6581473276341157e-17
2021-05-06,14724.7998046875,0.007289775876840782,22.040000915527344,5.5,6.2801,2.94522,5.139897674026872,194.567644022898,10.738255033557053,Bear,0.0,1.0,2.4087832214596637e-18,1.7543746623837764e-17
2021-05-07,14823.150390625,0.006657040403640492,20.81999969482422,5.5,6.2801,2.94522,5.139897674026872,194.567644022898,10.738255033557053,Bear,0.0,1.0,1.7942630325652503e-18,9.049040435997388e-18
2021-05-10,14942.349609375,0.008009262800994111,20.229999542236328,5.5,6.2801,2.94522,5.139897674026872,194.567644022898,10.738255033557053,Bear,0.0,1.0,9.343281040489643e-19,3.8311183780213685e-18
2021-05-11,14850.75,-0.006149068019026527,20.229999542236328,5.5,6.2801,2.94522,5.139897674026872,194.567644022898,10.738255033557053,Bear,0.0,1.0,8.27110561985058e-19,5.6296069682168035e-18
2021-05-12,14696.5,-0.0104409988264523,20.079999923706055,5.5,6.2801,2.94522,5.139897674026872,194.567644022898,10.738255033557053,Bear,0.0,1.0,1.4868181521660129e-18,1.532973877558236e-17
2021-05-14,14677.7998046875,-0.001273235308628596,20.270000457763672,5.5,6.2801,2.94522,5.139897674026872,194.567644022898,10.738255033557053,Bear,0.0,1.0,2.1916187217327287e-18,2.61665187656374e-17
2021-05-17,14923.150390625,0.016577589783995917,19.610000610351562,5.5,6.2801,2.94522,5.139897674026872,194.567644022898,10.738255033557053,Bear,0.0,1.0,1.0562951571323092e-18,5.603757468246566e-18
2021-05-18,15108.099609375,0.012317273309973075,19.239999771118164,5.5,6.2801,2.94522,5.139897674026872,194.567644022898,10.738255033557053,Bear,0.0,1.0,5.297233174134719e-19,1.5698970541287876e-18
2021-05-19,15030.150390625,-0.005172788238334181,19.31999969482422,5.5,6.2801,2.94522,5.139897674026872,194.567644022898,10.738255033557053,Bear,0.0,1.0,4.351628476148238e-19,1.850693575150586e-18
2021-05-20,14906.0498046875,-0.008291052039504188,19.31999969482422,5.5,6.2801,2.94522,5.139897674026872,194.567644022898,10.738255033557053,Bear,0.0,1.0,5.539873259606175e-19,3.703514231682388e-18
2021-05-21,15175.2998046875,0.01790193553229923,19.079999923706055,5.5,6.2801,2.94522,5.139897674026872,194.567644022898,10.738255033557053,Bear,0.0,1.0,6.554992543341126e-20,2.034030894121994e-19
2021-05-24,15197.7001953125,0.0014750202275935762,19.1299991607666,5.5,6.2801,2.94522,5.139897674026872,194.567644022898,10.738255033557053,Bear,0.0,1.0,1.6569192924694462e-19,3.939364695402872e-19
2021-05-25,15208.4501953125,0.0007070938155468382,19.1299991607666,5.5,6.2801,2.94522,5.139897674026872,194.567644022898,10.738255033557053,Bear,0.0,1.0,5.057424975140316e-19,1.0908667432790345e-18
2021-05-26,15301.4501953125,0.0060964006336564555,20.8700008392334,5.5,6.2801,2.94522,5.139897674026872,194.567644022898,10.738255033557053,Bear,0.0,1.0,1.441297242081777e-16,5.106163707729395e-17
2021-05-27,15337.849609375,0.0023759962804964516,19.90999984741211,5.5,6.2801,2.94522,5.139897674026872,194.567644022898,10.738255033557053,Bull,0.9999991729640678,8.270333344087008e-07,3.0942037923481104e-27,2.0355697328543113e-30
2021-05-28,15435.650390625,0.006356190262519319,17.399999618530273,5.5,6.2801,2.94522,5.139897674026872,194.567644022898,10.738255033557053,Bull,0.9999999953361112,4.666287448621105e-09,7.04688454636425e-27,2.3637748503108946e-30
2021-05-31,15582.7998046875,0.00948793489109113,17.399999618530273,5.5,6.2801,2.94522,5.139897674026872,194.567644022898,10.738255033557053,Bull,0.9999984457839018,1.5542169671807686e-06,4.619406603390864e-27,4.506306361653971e-30
2021-06-01,15574.849609375,-0.000510320620107419,17.389999389648438,5.5,6.225375,2.8548249999999995,5.257641879886221,32.4422854748413,13.106382978723419,Bull,0.0,0.9999999834763004,1.5661438243965243e-08,8.608495051206364e-10
2021-06-02,15576.2001953125,8.67120656808025e-05,17.209999084472656,5.5,6.225375,2.8548249999999995,5.257641879886221,32.4422854748413,13.106382978723419,Bull,0.0,0.9999999871652109,1.201218899953774e-08,8.244557395494463e-10
2021-06-03,15690.349609375,0.007301728008600275,15.75,5.5,6.225375,2.8548249999999995,5.257641879886221,32.4422854748413,13.106382978723419,Bull,0.9999967558522129,3.2441455603210082e-06,2.1098112024472267e-21,1.4628422483496606e-24
2021-06-04,15670.25,-0.0012818385093088212,15.9399995803833,5.5,6.225375,2.8548249999999995,5.257641879886221,32.4422854748413,13.106382978723419,Bear,0.0,0.9999920916037658,7.5660731600763e-06,3.423263455899686e-07
2021-06-07,15751.650390625,0.0051811361952536165,15.569999694824219,5.5,6.225375,2.8548249999999995,5.257641879886221,32.4422854748413,13.106382978723419,Bear,0.9999983392422257,1.6607590776565506e-06,3.69152289909657e-21,1.820924174244311e-24
2021-06-08,15740.099609375,-0.0007335750962069031,15.229999542236328,5.5,6.225375,2.8548249999999995,5.257641879886221,32.4422854748413,13.106382978723419,Bear,0.0,0.9999999607243816,3.529022100755094e-08,3.983135287047871e-09
2021-06-09,15635.349609375,-0.0066772200430738555,14.75,5.5,6.225375,2.8548249999999995,5.257641879886221,32.4422854748413,13.106382978723419,Bear,0.0,0.9999999997889972,1.1644038506190152e-10,9.638687882460386e-11
2021-06-10,15737.75,0.006527933518834105,15.0,5.5,6.225375,2.8548249999999995,5.257641879886221,32.4422854748413,13.106382978723419,Bear,0.0,0.999999973442755,2.2816904738214288e-08,3.738215705061499e-09
2021-06-11,15799.349609375,0.003906490354253145,14.100000381469727,5.5,6.225375,2.8548249999999995,5.257641879886221,32.4422854748413,13.106382978723419,Bull,0.9999999671053962,3.2891217839290186e-08,1.6816124056411323e-20,4.8857383555956544e-24
2021-06-14,15811.849609375,0.0007908589968395644,14.720000267028809,5.5,6.225375,2.8548249999999995,5.257641879886221,32.4422854748413,13.106382978723419,Bull,0.9999999998690328,1.2916558443850161e-10,8.145075171135669e-20,5.1543358927323685e-24
2021-06-15,15869.25,0.003623640223476974,14.609999656677246,5.5,6.225375,2.8548249999999995,5.257641879886221,32.4422854748413,13.106382978723419,Bull,0.9999999920546543,7.947792991792757e-09,1.934351402833171e-20,2.742047710537042e-24
2021-06-16,15767.5498046875,-0.006429256198967984,14.869999885559082,5.5,6.225375,2.8548249999999995,5.257641879886221,32.4422854748413,13.106382978723419,Bull,0.0,0.9999998507410166,1.3104443650104337e-07,1.821605886822348e-08
2021-06-17,15691.400390625,-0.004841201776747716,15.289999961853027,5.5,6.225375,2.8548249999999995,5.257641879886221,32.4422854748413,13.106382978723419,Bull,0.0,0.9999999992796802,4.812788776676504e-10,2.418015722803504e-10
2021-06-18,15683.349609375,-0.0005132013116724437,14.800000190734863,5.5,6.225375,2.8548249999999995,5.257641879886221,32.4422854748413,13.106382978723419,Bear,0.0,0.9999999990832293,5.259384774617102e-10,3.896311581891585e-10
2021-06-21,15746.5,0.0040185031994205474,15.0600004196167,5.5,6.225375,2.8548249999999995,5.257641879886221,32.4422854748413,13.106382978723419,Bear,0.0,0.9999999990541255,6.448269896921159e-10,2.9935636234893295e-10
2021-06-22,15772.75,0.0016656491552922152,14.739999771118164,5.5,6.225375,2.8548249999999995,5.257641879886221,32.4422854748413,13.106382978723419,Bear,0.0,0.9999999991559889,5.83574275863346e-10,2.595138061807525e-10
2021-06-23,15686.9501953125,-0.005454598542621072,15.369999885559082,5.5,6.225375,2.8548249999999995,5.257641879886221,32.4422854748413,13.106382978723419,Bear,0.0,0.9999999983338057,1.0036786007971258e-09,6.615747647078983e-10
2021-06-24,15790.4501953125,0.006576170313444658,15.100000381469727,5.5,6.225375,2.8548249999999995,5.257641879886221,32.4422854748413,13.106382978723419,Bear,0.0,0.9999999987485353,9.22325149226959e-10,3.2577831799874993e-10
2021-06-25,15860.349609375,0.004416920149496724,13.369999885559082,5.5,6.225375,2.8548249999999995,5.257641879886221,32.4422854748413,13.106382978723419,Bear,0.0,0.9999999994979589,3.6409920919775626e-10,1.3992332639114917e-10
2021-06-28,15814.7001953125,-0.0028823598351750412,13.399999618530273,5.5,6.225375,2.8548249999999995,5.257641879886221,32.4422854748413,13.106382978723419,Bear,0.0,0.9999999989013304,7.249927614055516e-10,3.7561601491295927e-10
2021-06-29,15748.4501953125,-0.004197939462444536,13.0,5.5,6.225375,2.8548249999999995,5.257641879886221,32.4422854748413,13.106382978723419,Bear,0.0,0.9999999983701855,8.278213725345477e-10,8.041680613000177e-10
2021-06-30,15721.5,-0.0017127578361914226,13.050000190734863,5.5,6.225375,2.8548249999999995,5.257641879886221,32.4422854748413,13.106382978723419,Bear,0.0,0.9999999976935214,1.1430624020485235e-09,1.1646409799246267e-09
2021-07-01,15680.0,-0.0026431873739428875,12.84000015258789,5.5,6.267675,2.8293999999999997,5.577860839698823,13.0141673923977,12.070410729253966,Bear,0.0,0.9999999678111641,7.558126197914214e-09,2.463402750752801e-08
2021-07-02,15722.2001953125,0.0026877238189711517,12.09000015258789,5.5,6.267675,2.8293999999999997,5.577860839698823,13.0141673923977,12.070410729253966,Bear,0.0,0.9999999758874768,4.750338111085445e-09,1.9364846881993447e-08
2021-07-05,15834.349609375,0.007107867426692256,12.09000015258789,5.5,6.267675,2.8293999999999997,5.577860839698823,13.0141673923977,12.070410729253966,Bear,0.0,0.9999999863284758,4.980063949700501e-09,8.693036204041466e-09
2021-07-06,15818.25,-0.0010172694162285671,12.279999732971191,5.5,6.267675,2.8293999999999997,5.577860839698823,13.0141673923977,12.070410729253966,Bear,0.0,0.9999967839445946,1.9745547168785834e-06,1.2415022870973453e-06
2021-07-07,15879.650390625,0.003874103121228537,12.210000038146973,5.5,6.267675,2.8293999999999997,5.577860839698823,13.0141673923977,12.070410729253966,Bull,0.9999995879407774,4.1206121264269255e-07,7.304013324859344e-20,1.2353769330851735e-22
2021-07-08,15727.900390625,-0.009602209739377547,13.5600004196167,5.5,6.267675,2.8293999999999997,5.577860839698823,13.0141673923977,12.070410729253966,Bull,0.0,0.9999747242902447,1.720944913016053e-05,8.06625895847159e-06
2021-07-09,15689.7998046875,-0.0024254228908178565,12.9399995803833,5.5,6.267675,2.8293999999999997,5.577860839698823,13.0141673923977,12.070410729253966,Bull,0.0,0.9999998307539643,5.941168670613439e-08,1.0983431931129191e-07
2021-07-12,15692.599609375,0.00017843152513541638,12.989999771118164,5.5,6.267675,2.8293999999999997,5.577860839698823,13.0141673923977,12.070410729253966,Bull,0.0,0.9999998654821046,3.7732967928482885e-08,9.678194104699721e-08
2021-07-13,15812.349609375,0.0076020168050800795,12.619999885559082,5.5,6.267675,2.8293999999999997,5.577860839698823,13.0141673923977,12.070410729253966,Bull,0.0,0.9999999110368702,4.4733031689579304e-08,4.4233309705308214e-08
2021-07-14,15853.9501953125,0.00262743737830436,12.59000015258789,5.5,6.267675,2.8293999999999997,5.577860839698823,13.0141673923977,12.070410729253966,Bear,0.0,0.999984252099547,1.2473476639202087e-05,3.2744204642408268e-06
2021-07-15,15924.2001953125,0.0044212840314639245,12.270000457763672,5.5,6.267675,2.8293999999999997,5.577860839698823,13.0141673923977,12.070410729253966,Bear,0.9999998920830024,1.0791900436154147e-07,1.0473846757605998e-19,9.440345308748025e-23
2021-07-16,15923.400390625,-5.022699813825734e-05,11.710000038146973,5.5,6.267675,2.8293999999999997,5.577860839698823,13.0141673923977,12.070410729253966,Bear,0.0,0.9999896981701974,8.505975842605522e-06,1.7958545201818152e-06
2021-07-19,15752.400390625,-0.010796990571541962,12.680000305175781,5.5,6.267675,2.8293999999999997,5.577860839698823,13.0141673923977,12.070410729253966,Bear,0.0,0.9999997893610493,8.591765477225819e-08,1.2472088541304283e-07
2021-07-20,15632.099609375,-0.007666291987629491,13.210000038146973,5.5,6.267675,2.8293999999999997,5.577860839698823,13.0141673923977,12.070410729253966,Bear,0.0,0.9999996369661608,6.807831833537911e-08,2.949522705997921e-07
2021-07-22,15824.0498046875,0.012204454864528006,11.890000343322754,5.5,6.267675,2.8293999999999997,5.577860839698823,13.0141673923977,12.070410729253966,Bear,0.0,0.9999998688508726,5.088572009872691e-08,8.02612240810574e-08
2021-07-23,15856.0498046875,0.0020201963552988087,11.760000228881836,5.5,6.267675,2.8293999999999997,5.577860839698823,13.0141673923977,12.070410729253966,Bear,0.0,0.9999998606581454,6.132002717167636e-08,7.802258432653125e-08
2021-07-26,15824.4501953125,-0.001994894010794567,12.449999809265137,5.5,6.267675,2.8293999999999997,5.577860839698823,13.0141673923977,12.070410729253966,Bear,0.0,0.9999997920822569,7.984566723790545e-08,1.2806976131828622e-07
2021-07-27,15746.4501953125,-0.004941269190283573,13.229999542236328,5.5,6.267675,2.8293999999999997,5.577860839698823,13.0141673923977,12.070410729253966,Bear,0.0,0.9999996094412235,1.3664274147428292e-07,2.539149139563146e-07
2021-07-28,15709.400390625,-0.0023556712745251398,13.6899995803833,5.5,6.267675,2.8293999999999997,5.577860839698823,13.0141673923977,12.070410729253966,Bear,0.0,0.9999995517865595,1.3015067695424458e-07,3.1806472664739816e-07
2021-07-29,15778.4501953125,0.0043858132000563635,12.949999809265137,5.5,6.267675,2.8293999999999997,5.577860839698823,13.0141673923977,12.070410729253966,Bear,0.0,0.9999996007391816,1.715687402979906e-07,2.2769318841805583e-07
2021-07-30,15763.0498046875,-0.000976516135808173,12.800000190734863,5.5,6.267675,2.8293999999999997,5.577860839698823,13.0141673923977,12.070410729253966,Bear,0.0,0.9999965986192914,2.4218481799968144e-06,9.795294019309844e-07
2021-08-02,15885.150390625,0.007716153904229494,12.8100004196167,5.5,6.20842,2.78256,5.263890877177713,10.4058012952557,11.570247933884303,Bear,0.0,0.9995211187072314,0.0004024265565035336,7.645473824915354e-05
2021-08-03,16130.75,0.015342653128218075,13.75,5.5,6.20842,2.78256,5.263890877177713,10.4058012952557,11.570247933884303,Bull,0.9999999995925464,4.1087292024266794e-10,1.5146512855080351e-18,3.573509321344436e-22
2021-08-04,16258.7998046875,0.007906900379200192,13.210000038146973,5.5,6.20842,2.78256,5.263890877177713,10.4058012952557,11.570247933884303,Bull,1.0,3.4501766664688047e-12,2.4730349148499195e-18,1.5943998639090429e-22
2021-08-05,16294.599609375,0.002199451962862978,12.869999885559082,5.5,6.20842,2.78256,5.263890877177713,10.4058012952557,11.570247933884303,Bull,0.9999999994979589,5.002466464274881e-10,1.4667733421076935e-18,2.230748067688868e-22
2021-08-06,16238.2001953125,-0.0034672374282357825,12.609999656677246,5.5,6.20842,2.78256,5.263890877177713,10.4058012952557,11.570247933884303,Bull,0.0,0.9998433102690201,0.00014675551224935555,9.934221422458155e-06
2021-08-09,16258.25,0.0012339690711517842,12.609999656677246,5.5,6.20842,2.78256,5.263890877177713,10.4058012952557,11.570247933884303,Bull,0.0,0.9999946907842027,5.1879980306694355e-06,1.212203166810464e-07
2021-08-10,16280.099609375,0.0013430068163520583,12.710000038146973,5.5,6.20842,2.78256,5.263890877177713,10.4058012952557,11.570247933884303,Bear,0.0,0.9999726865591024,2.7077377316356492e-05,2.3605998738010978e-07
2021-08-11,16282.25,0.00013207834532344713,12.710000038146973,5.5,6.20842,2.78256,5.263890877177713,10.4058012952557,11.570247933884303,Bear,0.0,0.9993866613568597,0.0005933173773534843,2.002126507451588e-05
2021-08-12,16364.400390625,0.005032710127087298,12.369999885559082,5.5,6.20842,2.78256,5.263890877177713,10.4058012952557,11.570247933884303,Bear,0.9999999993815436,6.210029246123468e-10,1.2569937324221701e-17,5.21244724776048e-22
2021-08-13,16529.099609375,0.010014172717061967,12.989999771118164,5.5,6.20842,2.78256,5.263890877177713,10.4058012952557,11.570247933884303,Bear,1.0,1.3536891494346842e-12,6.896927583856268e-18,6.873112292111525e-23
2021-08-16,16563.05078125,0.0020519176533692787,13.460000038146973,5.5,6.20842,2.78256,5.263890877177713,10.4058012952557,11.570247933884303,Bear,1.0,6.653272301094445e-13,5.8297478961921506e-18,2.444913685121855e-23
2021-08-17,16614.599609375,0.0031074454639570138,13.40999984741211,5.5,6.20842,2.78256,5.263890877177713,10.4058012952557,11.570247933884303,Bull,0.9999999999417923,5.807684137273921e-11,1.6732791307201592e-18,1.3722845312589272e-23
2021-08-18,16568.849609375,-0.002757400455017452,12.90999984741211,5.5,6.20842,2.78256,5.263890877177713,10.4058012952557,11.570247933884303,Bull,0.0,0.9963594417164917,0.0036327539232445544,7.80435908529253e-06
2021-08-20,16450.5,-0.007168531033199722,14.020000457763672,5.5,6.20842,2.78256,5.263890877177713,10.4058012952557,11.570247933884303,Bull,0.0,0.9969812820433082,0.0030176549192546774,1.063036193169959e-06
2021-08-23,16496.44921875,0.002789286998064274,13.6899995803833,5.5,6.20842,2.78256,5.263890877177713,10.4058012952557,11.570247933884303,Bull,0.0,0.9960213083504662,0.00394673877484184,3.195287289533612e-05
2021-08-24,16624.599609375,0.007738343720985011,13.1899995803833,5.5,6.20842,2.78256,5.263890877177713,10.4058012952557,11.570247933884303,Bull,0.9999999996289262,3.694999779365137e-10,1.3857968808772492e-17,2.12753718070491e-22
2021-08-25,16634.650390625,0.0006043901504665573,13.5,5.5,6.20842,2.78256,5.263890877177713,10.4058012952557,11.570247933884303,Bull,1.0,2.788302959507329e-12,3.828114097476059e-17,2.142723600690801e-22
2021-08-26,16636.900390625,0.00013525068417903375,13.539999961853027,5.5,6.20842,2.78256,5.263890877177713,10.4058012952557,11.570247933884303,Bull,1.0,1.923534687139017e-12,2.5999009115377316e-17,1.4758325794544395e-22
2021-08-27,16705.19921875,0.004096857993577663,13.40999984741211,5.5,6.20842,2.78256,5.263890877177713,10.4058012952557,11.570247933884303,Bull,1.0,5.747741359245236e-13,5.496922467342651e-18,3.0071343675125225e-23
2021-08-30,16931.05078125,0.013429259014094868,13.319999694824219,5.5,6.20842,2.78256,5.263890877177713,10.4058012952557,11.570247933884303,Bull,1.0,5.657748899426526e-13,1.5818575459747949e-18,8.80070381380302e-24
2021-08-31,17132.19921875,0.011810427696351353,14.520000457763672,5.5,6.20842,2.78256,5.263890877177713,10.4058012952557,11.570247933884303,Bull,0.999999999825377,1.7582983689939913e-10,2.692414777330951e-18,1.9641555002992352e-23
2021-09-01,17076.25,-0.0032710789243950112,14.1899995803833,5.5,6.280325,2.9317,4.811459022162423,11.0723148356468,11.63934426229507,Bear,0.0,0.9740606228351223,0.025935459938529245,3.917226776861481e-06
2021-09-02,17234.150390625,0.009204293951085803,14.239999771118164,5.5,6.280325,2.9317,4.811459022162423,11.0723148356468,11.63934426229507,Bear,0.9999999997671694,2.3196589168025856e-10,8.486043445245464e-19,1.445288903568036e-25
2021-09-03,17323.599609375,0.005176808010644206,14.539999961853027,5.5,6.280325,2.9317,4.811459022162423,11.0723148356468,11.63934426229507,Bear,1.0,1.6144659613062303e-12,5.852173245157334e-19,9.414612219677529e-26
2021-09-06,17377.80078125,0.003123863322045117,15.109999656677246,5.5,6.280325,2.9317,4.811459022162423,11.0723148356468,11.63934426229507,Bear,0.9999999998835847,1.1679698049373688e-10,2.3601873591078244e-19,7.949126866387811e-26
2021-09-07,17362.099609375,-0.0009039273439216094,14.899999618530273,5.5,6.280325,2.9317,4.811459022162423,11.0723148356468,11.63934426229507,Bear,0.0,0.9998320998089294,0.00016787822357199308,2.196570222447158e-08
2021-09-08,17353.5,-0.0004954320044973781,14.40999984741211,5.5,6.280325,2.9317,4.811459022162423,11.0723148356468,11.63934426229507,Bear,0.0,0.9999971105613348,2.8892551174903674e-06,1.81460301397433e-10
2021-09-09,17369.25,0.0009071862729865194,13.9399995803833,5.5,6.280325,2.9317,4.811459022162423,11.0723148356468,11.63934426229507,Bear,0.0,0.9999954630141622,4.536781268214576e-06,2.0641541312125026e-10
2021-09-13,17355.30078125,-0.0008034211637875494,14.029999732971191,5.5,6.280325,2.9317,4.811459022162423,11.0723148356468,11.63934426229507,Bear,0.0,0.9997841107931796,0.00021585711499898176,3.209290873116999e-08
2021-09-14,17380.0,0.0014221395731308123,13.579999923706055,5.5,6.280325,2.9317,4.811459022162423,11.0723148356468,11.63934426229507,Bull,0.9999999993815436,6.216365874575099e-10,4.818388923148682e-18,9.718856321535624e-25
2021-09-15,17519.44921875,0.007991527890878581,13.729999542236328,5.5,6.280325,2.9317,4.811459022162423,11.0723148356468,11.63934426229507,Bull,1.0,1.3769039171141802e-12,3.2762761185057623e-18,1.626675324919325e-25
2021-09-16,17629.5,0.006261987530756848,14.40999984741211,5.5,6.280325,2.9317,4.811459022162423,11.0723148356468,11.63934426229507,Bull,0.9999999998763087,1.2156862437937342e-10,6.939959805220805e-19,8.581998024025164e-26
2021-09-17,17585.150390625,-0.002518817158814708,15.229999542236328,5.5,6.280325,2.9317,4.811459022162423,11.0723148356468,11.63934426229507,Bull,0.0,0.9998133194032378,0.0001866585353356036,2.2062905130590874e-08
2021-09-20,17396.900390625,-0.01076276621795277,17.489999771118164,5.5,6.280325,2.9317,4.811459022162423,11.0723148356468,11.63934426229507,Bull,0.0,0.9999967580058894,3.2411028972308372e-06,8.883656850142396e-10
2021-09-21,17562.0,0.009445425055689747,16.520000457763672,5.5,6.280325,2.9317,4.811459022162423,11.0723148356468,11.63934426229507,Bear,0.0,0.9999980034864997,1.9962144329660363e-06,2.98282968978833e-10
2021-09-22,17546.650390625,-0.0008744061752431491,16.489999771118164,5.5,6.280325,2.9317,4.811459022162423,11.0723148356468,11.63934426229507,Bear,0.0,0.9998667715253188,0.0001331740240514138,5.4451512894626286e-08
2021-09-23,17822.94921875,0.01562383807742847,16.600000381469727,5.5,6.280325,2.9317,4.811459022162423,11.0723148356468,11.63934426229507,Bear,0.9999999995998223,4.030097977619924e-10,8.235198686568104e-19,2.9919336326564064e-25
2021-09-24,17853.19921875,0.0016958112674268218,16.920000076293945,5.5,6.280325,2.9317,4.811459022162423,11.0723148356468,11.63934426229507,Bear,1.0,1.9499158470450732e-12,1.5291019206302135e-18,1.7523888095304596e-25
2021-09-27,17855.099609375,0.00010643971788971012,18.049999237060547,5.5,6.280325,2.9317,4.811459022162423,11.0723148356468,11.63934426229507,Bear,0.9999999997453415,2.5237690839661274e-10,2.944998184960516e-19,1.2943960644328536e-25
2021-09-28,17748.599609375,-0.005982542262753364,18.540000915527344,5.5,6.280325,2.9317,4.811459022162423,11.0723148356468,11.63934426229507,Bear,0.0,0.9999108408105415,8.911672347836084e-05,4.246895786012258e-08
2021-09-29,17711.30078125,-0.002103719495544819,18.84000015258789,5.5,6.280325,2.9317,4.811459022162423,11.0723148356468,11.63934426229507,Bear,0.0,0.9999990546862058,9.448065436427156e-07,5.106405648553137e-10
2021-09-30,17618.150390625,-0.005273255224157625,18.399999618530273,5.5,6.280325,2.9317,4.811459022162423,11.0723148356468,11.63934426229507,Bear,0.0,0.9999996786719355,3.2035941905401323e-07,9.668359633603746e-10
2021-10-01,17532.05078125,-0.004898963801205104,17.209999084472656,5.5,6.1883,2.8826,4.403006811514798,4.41904877327806,11.79820992676972,Bear,0.0,0.9999961365685573,3.835163445300196e-06,2.827076225403026e-08
2021-10-04,17691.25,0.009039488024266832,16.739999771118164,5.5,6.1883,2.8826,4.403006811514798,4.41904877327806,11.79820992676972,Bear,0.0,0.9999920349463335,7.94824985504969e-06,1.680291698312791e-08
2021-10-05,17822.30078125,0.007380358946066971,16.399999618530273,5.5,6.1883,2.8826,4.403006811514798,4.41904877327806,11.79820992676972,Bear,0.0,0.9999719113927757,2.8082029904598867e-05,6.577012754857112e-09
2021-10-06,17646.0,-0.009941397212065623,17.329999923706055,5.5,6.1883,2.8826,4.403006811514798,4.41904877327806,11.79820992676972,Bear,0.0,0.9998255271938721,0.00017444665991783834,2.6144254430544535e-08
2021-10-07,17790.349609375,0.00814702470131476,16.15999984741211,5.5,6.1883,2.8826,4.403006811514798,4.41904877327806,11.79820992676972,Bear,0.0,0.9988235323737011,0.0011755299968837466,9.376329119085186e-07
2021-10-08,17895.19921875,0.005876323303578524,15.649999618530273,5.5,6.1883,2.8826,4.403006811514798,4.41904877327806,11.79820992676972,Bull,0.9999999999199645,8.005947883487286e-11,1.5360729572239066e-18,1.3808882597506866e-24
2021-10-11,17945.94921875,0.0028319423974920437,16.09000015258789,5.5,6.1883,2.8826,4.403006811514798,4.41904877327806,11.79820992676972,Bull,1.0,7.065001563105238e-13,7.556422455624673e-18,2.006727056305716e-24
2021-10-12,17991.94921875,0.002559973015762186,15.850000381469727,5.5,6.1883,2.8826,4.403006811514798,4.41904877327806,11.79820992676972,Bull,1.0,1.2380088591682385e-12,1.4002386489668628e-17,3.662655246566924e-24
2021-10-13,18161.75,0.00939334195098345,16.100000381469727,5.5,6.1883,2.8826,4.403006811514798,4.41904877327806,11.79820992676972,Bull,1.0,7.493983284361611e-13,2.4065622178377753e-18,6.8527573737533095e-25
2021-10-14,18338.55078125,0.009687709975996201,15.770000457763672,5.5,6.1883,2.8826,4.403006811514798,4.41904877327806,11.79820992676972,Bull,1.0,6.749420777701922e-13,1.9211016936335025e-18,4.896468104274751e-25
2021-10-18,18477.05078125,0.007524019573498294,17.18000030517578,5.5,6.1883,2.8826,4.403006811514798,4.41904877327806,11.79820992676972,Bull,0.9999999999126885,8.996866178979343e-11,9.466881886467598e-19,4.523013127906478e-25
2021-10-19,18418.75,-0.0031602962146704853,17.3799991607666,5.5,6.1883,2.8826,4.403006811514798,4.41904877327806,11.79820992676972,Bear,0.0,0.9994664636958249,0.0005333763795674964,1.599255709964777e-07
2021-10-20,18266.599609375,-0.008294933244362599,18.309999465942383,5.5,6.1883,2.8826,4.403006811514798,4.41904877327806,11.79820992676972,Bear,0.0,0.9999547852602879,4.5209111050388185e-05,5.625453490638896e-09
2021-10-21,18178.099609375,-0.004856682911584848,18.040000915527344,5.5,6.1883,2.8826,4.403006811514798,4.41904877327806,11.79820992676972,Bear,0.0,0.9999913944854709,8.595192618381164e-06,1.0324043672596533e-08
2021-10-22,18114.900390625,-0.0034827257394313984,17.549999237060547,5.5,6.1883,2.8826,4.403006811514798,4.41904877327806,11.79820992676972,Bear,0.0,0.9999957027922863,4.2797348835468134e-06,1.74735441013287e-08
2021-10-25,18125.400390625,0.0005794654054989729,17.610000610351562,5.5,6.1883,2.8826,4.403006811514798,4.41904877327806,11.79820992676972,Bear,0.0,0.9999965609954432,3.4214414808612357e-06,1.7565156047196638e-08
2021-10-26,18268.400390625,0.00785852166355233,16.75,5.5,6.1883,2.8826,4.403006811514798,4.41904877327806,11.79820992676972,Bear,0.0,0.9999962812868057,3.710573680257622e-06,8.138186421084718e-09
2021-10-27,18210.94921875,-0.0031497940609639214,16.829999923706055,5.5,6.1883,2.8826,4.403006811514798,4.41904877327806,11.79820992676972,Bear,0.0,0.9999955788250608,4.408381847195595e-06,1.2794502698971042e-08
2021-10-28,17857.25,-0.019613430387588483,17.90999984741211,5.5,6.1883,2.8826,4.403006811514798,4.41904877327806,11.79820992676972,Bear,0.0,0.9999978230212996,2.1311348853884616e-06,4.5844159868017233e-08
2021-10-29,17671.650390625,-0.010447905544470225,17.43000030517578,5.5,6.1883,2.8826,4.403006811514798,4.41904877327806,11.79820992676972,Bear,0.0,0.9999982024617351,1.7124262757570607e-06,8.510957107591539e-08
2021-11-01,17929.650390625,0.014494106171593095,17.239999771118164,5.5,6.35978,2.89362,4.518826100198758,3.88720486665219,13.834951456310684,Bear,0.0,0.9999997126288194,2.8288358863081005e-07,4.488007955733198e-09
2021-11-02,17888.94921875,-0.002272628736845954,17.059999465942383,5.5,6.35978,2.89362,4.518826100198758,3.88720486665219,13.834951456310684,Bear,0.0,0.999999812476762,1.8228567715371794e-07,5.2347268133520186e-09
2021-11-03,17829.19921875,-0.003345641269055336,16.1299991607666,5.5,6.35978,2.89362,4.518826100198758,3.88720486665219,13.834951456310684,Bear,0.0,0.9999998559287736,1.3731370303367307e-07,6.7585110447139875e-09
2021-11-04,17916.80078125,0.0049013449265533065,15.75,5.5,6.35978,2.89362,4.518826100198758,3.88720486665219,13.834951456310684,Bear,0.0,0.999999757841608,2.3715920758173373e-07,4.999773372839373e-09
2021-11-08,18068.55078125,0.008434037348294714,16.34000015258789,5.5,6.35978,2.89362,4.518826100198758,3.88720486665219,13.834951456310684,Bear,0.0,0.9999998841740374,1.1428009357316406e-07,1.5490809072562983e-09
2021-11-09,18044.25,-0.0013458266538282125,16.0,5.5,6.35978,2.89362,4.518826100198758,3.88720486665219,13.834951456310684,Bear,0.0,0.9999997993000053,1.9756362888837706e-07,3.138656149198118e-09
2021-11-10,18017.19921875,-0.0015002606334366785,16.309999465942383,5.5,6.35978,2.89362,4.518826100198758,3.88720486665219,13.834951456310684,Bear,0.0,0.9999997364284702,2.608499385688613e-07,2.725182024282055e-09
2021-11-11,17873.599609375,-0.00800207185820445,16.350000381469727,5.5,6.35978,2.89362,4.518826100198758,3.88720486665219,13.834951456310684,Bear,0.0,0.9999997237464795,2.706730721341661e-07,5.58235148357994e-09
2021-11-12,18102.75,0.012739118453093435,15.220000267028809,5.5,6.35978,2.89362,4.518826100198758,3.88720486665219,13.834951456310684,Bear,0.0,0.9999998502462516,1.4803515902880882e-07,1.7190957100736967e-09
2021-11-15,18109.44921875,0.00036999789965571825,15.470000267028809,5.5,6.35978,2.89362,4.518826100198758,3.88720486665219,13.834951456310684,Bear,0.0,0.9999998028579479,1.949879443301807e-07,2.1546479066107463e-09
2021-11-16,17999.19921875,-0.006106589273008452,15.199999809265137,5.5,6.35978,2.89362,4.518826100198758,3.88720486665219,13.834951456310684,Bear,0.0,0.9999998167186445,1.7945995122240814e-07,3.8220563467600154e-09
2021-11-17,17898.650390625,-0.005601956226916921,14.979999542236328,5.5,6.35978,2.89362,4.518826100198758,3.88720486665219,13.834951456310684,Bear,0.0,0.9999998154308002,1.7846110311229502e-07,6.107942768402565e-09
2021-11-18,17764.80078125,-0.007506297537132803,14.859999656677246,5.5,6.35978,2.89362,4.518826100198758,3.88720486665219,13.834951456310684,Bear,0.0,0.9999997984487184,1.909599740174864e-07,1.0587898339603233e-08
2021-11-22,17416.55078125,-0.01979806684873854,17.520000457763672,5.5,6.35978,2.89362,4.518826100198758,3.88720486665219,13.834951456310684,Bear,0.0,0.9999999263964154,5.244787433949968e-08,2.1154519325282898e-08
2021-11-23,17503.349609375,0.004971320417088634,18.020000457763672,5.5,6.35978,2.89362,4.518826100198758,3.88720486665219,13.834951456310684,Bear,0.0,0.9999999023930334,7.684884267692562e-08,2.0755403646236884e-08
2021-11-24,17415.05078125,-0.005057449101021469,17.100000381469727,5.5,6.35978,2.89362,4.518826100198758,3.88720486665219,13.834951456310684,Bear,0.0,0.9999999017090935,7.33922325784261e-08,2.4897409388374207e-08
2021-11-25,17536.25,0.006935347288237329,16.65999984741211,5.5,6.35978,2.89362,4.518826100198758,3.88720486665219,13.834951456310684,Bear,0.0,0.9999998540079211,1.2333274571524906e-07,2.266294008676744e-08
2021-11-26,17026.44921875,-0.029502195657113865,20.799999237060547,5.5,6.35978,2.89362,4.518826100198758,3.88720486665219,13.834951456310684,Bear,0.0,0.9999999639840105,7.023002611324748e-09,2.8993511798215094e-08
2021-11-29,17053.94921875,0.0016138312478338214,20.829999923706055,5.5,6.35978,2.89362,4.518826100198758,3.88720486665219,13.834951456310684,Bear,0.0,0.9999999141000481,3.4933752405947965e-08,5.0967149960089896e-08
2021-11-30,16983.19921875,-0.0041572285072535705,21.170000076293945,5.5,6.35978,2.89362,4.518826100198758,3.88720486665219,13.834951456310684,Bear,0.0,0.9999999277133638,2.3451807586747255e-08,4.88333844238438e-08
2021-12-01,17166.900390625,0.010758559762450211,19.450000762939453,5.5,6.354375,2.794375,4.837359293268029,-0.044185002545871,14.868105515587526,Bear,0.0,0.9999999354186023,3.470668302991414e-09,6.110803405028367e-08
2021-12-02,17401.650390625,0.013581917861660867,18.09000015258789,5.5,6.354375,2.794375,4.837359293268029,-0.044185002545871,14.868105515587526,Bear,0.0,0.9999999539504654,7.335539038718835e-09,3.87169094768953e-08
2021-12-03,17196.69921875,-0.011847592241934006,18.450000762939453,5.5,6.354375,2.794375,4.837359293268029,-0.044185002545871,14.868105515587526,Bear,0.0,0.9999999525171017,4.59092525094156e-09,4.2889397763629476e-08
2021-12-06,16912.25,-0.016679248094838027,20.079999923706055,5.5,6.354375,2.794375,4.837359293268029,-0.044185002545871,14.868105515587526,Bear,0.0,0.9999999332067113,1.4685742467736378e-09,6.532381271321702e-08
2021-12-07,17176.69921875,0.015515557382479443,18.459999084472656,5.5,6.354375,2.794375,4.837359293268029,-0.044185002545871,14.868105515587526,Bear,0.0,0.999999965242751,2.48275926053621e-09,3.227461698153774e-08
2021-12-08,17469.75,0.016917044993306308,17.270000457763672,5.5,6.354375,2.794375,4.837359293268029,-0.044185002545871,14.868105515587526,Bear,0.0,0.9999999761785151,2.1696676478917413e-09,2.165257063078263e-08
2021-12-09,17516.849609375,0.002692438725331353,16.600000381469727,5.5,6.354375,2.794375,4.837359293268029,-0.044185002545871,14.868105515587526,Bear,0.0,0.9999999694700823,3.041481640954779e-09,2.7491942431238096e-08
2021-12-10,17511.30078125,-0.00031682107730694167,16.059999465942383,5.5,6.354375,2.794375,4.837359293268029,-0.044185002545871,14.868105515587526,Bear,0.0,0.9999999794745238,1.8667531564874466e-09,1.8662033937681476e-08
2021-12-13,17368.25,-0.0082026046847206,16.56999969482422,5.5,6.354375,2.794375,4.837359293268029,-0.044185002545871,14.868105515587526,Bear,0.0,0.9999999831416063,7.538112705729011e-10,1.6106412557057883e-08
2021-12-14,17324.900390625,-0.0024990311601760175,16.950000762939453,5.5,6.354375,2.794375,4.837359293268029,-0.044185002545871,14.868105515587526,Bear,0.0,0.9999999578649303,2.0589808808948014e-09,4.00724873911852e-08
2021-12-15,17221.400390625,-0.005991976410169169,17.219999313354492,5.5,6.354375,2.794375,4.837359293268029,-0.044185002545871,14.868105515587526,Bear,0.0,0.9999999401115947,1.7053320390736062e-09,5.8185456141914866e-08
2021-12-16,17248.400390625,0.0015665890089298405,15.899999618530273,5.5,6.354375,2.794375,4.837359293268029,-0.044185002545871,14.868105515587526,Bear,0.0,0.9999999430583574,1.2797311821058068e-09,5.565955367389851e-08
2021-12-17,16985.19921875,-0.015377077556357827,16.34000015258789,5.5,6.354375,2.794375,4.837359293268029,-0.044185002545871,14.868105515587526,Bear,0.0,0.9999999415595101,4.794413083348165e-10,5.7958020293643646e-08
2021-12-20,16614.19921875,-0.022084626281366433,18.969999313354492,5.5,6.354375,2.794375,4.837359293268029,-0.044185002545871,14.868105515587526,Bear,0.0,0.9999999579667938,1.369541903370276e-10,4.189909841969886e-08
2021-12-21,16770.849609375,0.009384532645495392,17.540000915527344,5.5,6.354375,2.794375,4.837359293268029,-0.044185002545871,14.868105515587526,Bear,0.0,0.999999940919226,3.7061193611459094e-10,5.870745869708537e-08
2021-12-22,16955.44921875,0.010947032985081793,16.579999923706055,5.5,6.354375,2.794375,4.837359293268029,-0.044185002545871,14.868105515587526,Bear,0.0,0.9999999296487683,1.0970424742954238e-09,6.925264397646304e-08
2021-12-23,17072.599609375,0.006885546336514033,15.829999923706055,5.5,6.354375,2.794375,4.837359293268029,-0.044185002545871,14.868105515587526,Bear,0.0,0.999999937346731,1.0552283374971741e-09,6.160070175679421e-08
2021-12-24,17003.75,-0.0040409083631890875,16.149999618530273,5.5,6.354375,2.794375,4.837359293268029,-0.044185002545871,14.868105515587526,Bear,0.0,0.9999999397696246,1.782908194944129e-09,5.844891789047693e-08
2021-12-27,17086.25,0.004840138519222991,17.1200008392334,5.5,6.354375,2.794375,4.837359293268029,-0.044185002545871,14.868105515587526,Bear,0.0,0.9999999778447093,8.737598831729611e-10,2.1279249015556943e-08
2021-12-28,17233.25,0.008566610759914585,16.479999542236328,5.5,6.354375,2.794375,4.837359293268029,-0.044185002545871,14.868105515587526,Bear,0.0,0.9999999844658306,8.754285764664451e-10,1.4662043537104639e-08
2021-12-29,17213.599609375,-0.00114091088034896,16.239999771118164,5.5,6.354375,2.794375,4.837359293268029,-0.044185002545871,14.868105515587526,Bear,0.0,0.9999999634965213,2.1020564382847115e-09,3.4403867966723615e-08
2021-12-30,17203.94921875,-0.0005607831589689821,16.56999969482422,5.5,6.354375,2.794375,4.837359293268029,-0.044185002545871,14.868105515587526,Bear,0.0,0.9999999429783218,2.9160878138037722e-09,5.410857209542004e-08
2021-12-31,17354.05078125,0.008686990360265219,16.219999313354492,5.5,6.354375,2.794375,4.837359293268029,-0.044185002545871,14.868105515587526,Bear,0.0,0.9999999766587282,1.8343270888954189e-09,2.1506758130294546e-08
2022-01-03,17625.69921875,0.015532066331647875,16.450000762939453,5.5,6.44032,2.85878,5.5555428221295555,0.329167854821999,14.274322169059017,Bear,0.0,0.9999999967985786,2.9901607835065876e-10,2.905831471051389e-09
2022-01-04,17805.25,0.01013533773365083,16.1200008392334,5.5,6.44032,2.85878,5.5555428221295555,0.329167854821999,14.274322169059017,Bear,0.0,0.9999999976644176,3.1426028569958794e-10,2.019018873201295e-09
2022-01-05,17925.25,0.006716975758933995,17.229999542236328,5.5,6.44032,2.85878,5.5555428221295555,0.329167854821999,14.274322169059017,Bear,0.0,0.9999999982101144,3.0044726118666424e-10,1.4914290574581356e-09
2022-01-06,17745.900390625,-0.01005580805311726,17.979999542236328,5.5,6.44032,2.85878,5.5555428221295555,0.329167854821999,14.274322169059017,Bear,0.0,0.9999999950669007,5.559815271882069e-10,4.375545095552223e-09
2022-01-07,17812.69921875,0.0037571168401497185,17.600000381469727,5.5,6.44032,2.85878,5.5555428221295555,0.329167854821999,14.274322169059017,Bear,0.0,0.9999999794745238,4.634140104873966e-10,2.0062461873349347e-08
2022-01-10,18003.30078125,0.010643475643964555,17.68000030517578,5.5,6.44032,2.85878,5.5555428221295555,0.329167854821999,14.274322169059017,Bear,0.0,0.9999999886276784,4.48508093129023e-10,1.0925265639038723e-08
2022-01-11,18055.75,0.0029090757855369247,17.760000228881836,5.5,6.44032,2.85878,5.5555428221295555,0.329167854821999,14.274322169059017,Bear,0.0,0.999999987485353,5.702115629270174e-10,1.194332638027623e-08
2022-01-12,18212.349609375,0.008635720331115329,17.18000030517578,5.5,6.44032,2.85878,5.5555428221295555,0.329167854821999,14.274322169059017,Bear,0.0,0.9999999958527042,2.7372251189214967e-10,3.87036162598e-09
2022-01-13,18257.80078125,0.002492514833041471,16.700000762939453,5.5,6.44032,2.85878,5.5555428221295555,0.329167854821999,14.274322169059017,Bear,0.0,0.9999999982028385,1.0895735744345419e-10,1.684901095542661e-09
2022-01-14,18255.75,-0.00011232987251458901,16.559999465942383,5.5,6.44032,2.85878,5.5555428221295555,0.329167854821999,14.274322169059017,Bear,0.0,0.9999999985229806,7.483898740095322e-11,1.4041421312531472e-09
2022-01-17,18308.099609375,0.0028634646353713476,16.770000457763672,5.5,6.44032,2.85878,5.5555428221295555,0.329167854821999,14.274322169059017,Bear,0.0,0.9999999992214725,3.494855664682404e-11,7.467660664432766e-10
2022-01-18,18113.05078125,-0.010710847446216868,17.780000686645508,5.5,6.44032,2.85878,5.5555428221295555,0.329167854821999,14.274322169059017,Bear,0.0,0.9999999937135726,1.8809249413286751e-10,6.096594646637816e-09
2022-01-19,17938.400390625,-0.009689027834056424,17.81999969482422,5.5,6.44032,2.85878,5.5555428221295555,0.329167854821999,14.274322169059017,Bear,0.0,0.9999999793872123,3.5420870547757095e-10,2.026101041783437e-08
2022-01-20,17757.0,-0.010163883876396832,17.790000915527344,5.5,6.44032,2.85878,5.5555428221295555,0.329167854821999,14.274322169059017,Bear,0.0,0.9999999551582742,4.088533834883019e-10,4.4435725054934656e-08
2022-01-21,17617.150390625,-0.00790692279190989,18.889999389648438,5.5,6.44032,2.85878,5.5555428221295555,0.329167854821999,14.274322169059017,Bear,0.0,0.999999940046111,2.675020038532092e-10,5.968501106169335e-08
2022-01-24,17149.099609375,-0.02692721026213864,22.829999923706055,5.5,6.44032,2.85878,5.5555428221295555,0.329167854821999,14.274322169059017,Bear,0.0,0.9999999027641072,3.736356864017054e-11,9.719526633223834e-08
2022-01-25,17277.94921875,0.0074854055398087425,21.360000610351562,5.5,6.44032,2.85878,5.5555428221295555,0.329167854821999,14.274322169059017,Bear,0.0,0.9999998678031349,1.2599383162016568e-10,1.3206951592343254e-07
2022-01-27,17110.150390625,-0.009759199363728934,21.06999969482422,5.5,6.44032,2.85878,5.5555428221295555,0.329167854821999,14.274322169059017,Bear,0.0,0.9999998363564507,1.0769479456921787e-10,1.635343136565926e-07
2022-01-28,17101.94921875,-0.0004794310858279706,20.700000762939453,5.5,6.44032,2.85878,5.5555428221295555,0.329167854821999,14.274322169059017,Bear,0.0,0.9999998014609643,1.8144730873473832e-10,1.9835521742850454e-07
2022-01-31,17339.849609375,0.01381485185545943,21.950000762939453,5.5,6.44032,2.85878,5.5555428221295555,0.329167854821999,14.274322169059017,Bear,0.0,0.9999997739505744,5.171418137920833e-10,2.255325210126105e-07
2022-02-01,17576.849609375,0.013575374822651254,19.979999542236328,5.5,6.643025,3.013,5.837607887704643,1.76903018454966,13.675889328063251,Bear,0.0,0.9999999983701855,3.1631111470929877e-10,1.3136219972982452e-09
2022-02-02,17780.0,0.01149155699474709,18.649999618530273,5.5,6.643025,3.013,5.837607887704643,1.76903018454966,13.675889328063251,Bear,0.0,0.9999999990905053,2.695743116903748e-10,6.400747217467148e-10
2022-02-03,17560.19921875,-0.01243929691182117,19.15999984741211,5.5,6.643025,3.013,5.837607887704643,1.76903018454966,13.675889328063251,Bear,0.0,0.9999999986030161,2.254499671036499e-10,1.1703606059136561e-09
2022-02-04,17516.30078125,-0.002503012582150695,18.899999618530273,5.5,6.643025,3.013,5.837607887704643,1.76903018454966,13.675889328063251,Bear,0.0,0.9999999983410817,2.700697508525286e-10,1.3871404305107465e-09
2022-02-07,17213.599609375,-0.017432174227495423,20.440000534057617,5.5,6.643025,3.013,5.837607887704643,1.76903018454966,13.675889328063251,Bear,0.0,0.9999999947831384,2.3296541607147535e-10,4.980638451355239e-09
2022-02-08,17266.75,0.003082940476216172,19.68000030517578,5.5,6.643025,3.013,5.837607887704643,1.76903018454966,13.675889328063251,Bear,0.0,0.9999999952560756,1.7474645178257962e-10,4.569924083979395e-09
2022-02-09,17463.80078125,0.0113475249468573,18.559999465942383,5.5,6.643025,3.013,5.837607887704643,1.76903018454966,13.675889328063251,Bear,0.0,0.9999999959327397,2.5526754312450094e-10,3.810329158259376e-09
2022-02-10,17605.849609375,0.00810099920504003,17.709999084472656,5.5,6.643025,3.013,5.837607887704643,1.76903018454966,13.675889328063251,Bear,0.0,0.9999999967767508,3.1901903134673733e-10,2.9041180290606336e-09
2022-02-11,17374.75,-0.013213208134273142,18.68000030517578,5.5,6.643025,3.013,5.837607887704643,1.76903018454966,13.675889328063251,Bear,0.0,0.9999999959982233,1.841796416662351e-10,3.814504361621014e-09
2022-02-14,16842.80078125,-0.031094690696753635,22.979999542236328,5.5,6.643025,3.013,5.837607887704643,1.76903018454966,13.675889328063251,Bear,0.0,0.9999999979045242,1.3445673334655707e-11,2.0828815077485025e-09
2022-02-15,17352.44921875,0.02981034961442144,20.610000610351562,5.5,6.643025,3.013,5.837607887704643,1.76903018454966,13.675889328063251,Bear,0.0,0.9999999981882866,1.004385646145222e-10,1.712274465670628e-09
2022-02-16,17322.19921875,-0.001744791023833279,20.59000015258789,5.5,6.643025,3.013,5.837607887704643,1.76903018454966,13.675889328063251,Bear,0.0,0.9999999978317646,1.1245526323600426e-10,2.058635138172987e-09
2022-02-17,17304.599609375,-0.001016531212017758,22.010000228881836,5.5,6.643025,3.013,5.837607887704643,1.76903018454966,13.675889328063251,Bear,0.0,0.9999999977080734,9.574338844158671e-11,2.1977327478048976e-09
2022-02-18,17276.30078125,-0.0016366742405402451,22.170000076293945,5.5,6.643025,3.013,5.837607887704643,1.76903018454966,13.675889328063251,Bear,0.0,0.9999999973879312,1.475876220417419e-10,2.4649866782073564e-09
2022-02-21,17206.650390625,-0.004039705592356217,22.899999618530273,5.5,6.643025,3.013,5.837607887704643,1.76903018454966,13.675889328063251,Bear,0.0,0.9999999977444531,1.0233469855955208e-10,2.1526072197506184e-09
2022-02-22,17092.19921875,-0.00667378632095619,26.65999984741211,5.5,6.643025,3.013,5.837607887704643,1.76903018454966,13.675889328063251,Bear,0.0,0.999999996056431,9.629447313693567e-11,3.850259998814381e-09
2022-02-23,17063.25,-0.0016951453630000418,24.540000915527344,5.5,6.643025,3.013,5.837607887704643,1.76903018454966,13.675889328063251,Bear,0.0,0.9999999959909474,1.1327160907369421e-10,3.893617681681671e-09
2022-02-24,16247.9501953125,-0.04896026903082192,31.979999542236328,5.5,6.643025,3.013,5.837607887704643,1.76903018454966,13.675889328063251,Bear,0.0,0.9999999998763087,1.6743854112090074e-13,1.270704182189201e-10
2022-02-25,16658.400390625,0.024947858168202962,26.739999771118164,5.5,6.643025,3.013,5.837607887704643,1.76903018454966,13.675889328063251,Bear,0.0,0.9999999996289262,3.912907943565118e-12,3.6354606129225255e-10
2022-02-28,16793.900390625,0.008101131335537446,28.56999969482422,5.5,6.643025,3.013,5.837607887704643,1.76903018454966,13.675889328063251,Bear,0.0,0.9999999994179234,7.739913341145911e-12,5.712933999232205e-10
2022-03-02,16605.94921875,-0.011254730666993663,29.229999542236328,5.5,6.750475,2.96425,5.042048853857928,0.437764275851782,13.427010148321639,Bear,0.0,0.9999999989086064,7.378709749208388e-12,1.0804887549301332e-09
2022-03-03,16498.05078125,-0.006518778370608893,28.15999984741211,5.5,6.750475,2.96425,5.042048853857928,0.437764275851782,13.427010148321639,Bear,0.0,0.9999999992360245,3.4604259818609047e-12,7.614331244831221e-10
2022-03-04,16245.349609375,-0.015435549523985674,27.959999084472656,5.5,6.750475,2.96425,5.042048853857928,0.437764275851782,13.427010148321639,Bear,0.0,0.99999999931606,4.768542456722159e-12,6.796428307713335e-10
2022-03-07,15863.150390625,-0.023807855961420165,29.329999923706055,5.5,6.750475,2.96425,5.042048853857928,0.437764275851782,13.427010148321639,Bear,0.0,0.9999999999054126,1.1483560024350372e-13,9.124829804953145e-11
2022-03-08,16013.4501953125,0.009430172336242727,28.59000015258789,5.5,6.750475,2.96425,5.042048853857928,0.437764275851782,13.427010148321639,Bear,0.0,0.9999999999563443,6.331143252608749e-13,4.626422590346287e-11
2022-03-09,16345.349609375,0.020514423015661167,27.469999313354492,5.5,6.750475,2.96425,5.042048853857928,0.437764275851782,13.427010148321639,Bear,0.0,0.9999999998108251,1.2297375374173459e-11,1.747862073509498e-10
2022-03-10,16594.900390625,0.015152013456311012,25.579999923706055,5.5,6.750475,2.96425,5.042048853857928,0.437764275851782,13.427010148321639,Bear,0.0,0.9999999997453415,3.7524352523869756e-11,2.173658108060955e-10
2022-03-11,16630.44921875,0.0021398626113986923,25.350000381469727,5.5,6.750475,2.96425,5.042048853857928,0.437764275851782,13.427010148321639,Bear,0.0,0.9999999998690328,1.6253201269732497e-11,1.1469996629284027e-10
2022-03-14,16871.30078125,0.014378694372337426,25.68000030517578,5.5,6.750475,2.96425,5.042048853857928,0.437764275851782,13.427010148321639,Bear,0.0,0.9999999999563443,6.035063655585995e-12,3.6328696566609274e-11
2022-03-15,16663.0,-0.012423307208470636,26.729999542236328,5.5,6.750475,2.96425,5.042048853857928,0.437764275851782,13.427010148321639,Bear,0.0,0.9999999999199645,1.5316124184756322e-11,6.301849093552429e-11
2022-03-16,16975.349609375,0.018571576221107083,24.1200008392334,5.5,6.750475,2.96425,5.042048853857928,0.437764275851782,13.427010148321639,Bear,0.0,0.9999999998763087,2.4842008814145242e-11,9.642987716092004e-11
2022-03-17,17287.05078125,0.01819544269851146,22.610000610351562,5.5,6.750475,2.96425,5.042048853857928,0.437764275851782,13.427010148321639,Bear,0.0,0.9999999998981366,2.5759904398847033e-11,7.924722402791423e-11
2022-03-21,17117.599609375,-0.009850560325581039,24.6200008392334,5.5,6.750475,2.96425,5.042048853857928,0.437764275851782,13.427010148321639,Bear,0.0,0.9999999997889972,6.752281251196921e-11,1.3985816902314068e-10
2022-03-22,17315.5,0.011494902983443505,24.06999969482422,5.5,6.750475,2.96425,5.042048853857928,0.437764275851782,13.427010148321639,Bear,0.0,0.9999999997744453,9.450557546310976e-11,1.3289146192057745e-10
2022-03-23,17245.650390625,-0.004042093720190609,24.75,5.5,6.750475,2.96425,5.042048853857928,0.437764275851782,13.427010148321639,Bear,0.0,0.9999999998544808,5.6929913238515196e-11,9.108133415335293e-11
2022-03-24,17222.75,-0.0013287761390126268,23.93000030517578,5.5,6.750475,2.96425,5.042048853857928,0.437764275851782,13.427010148321639,Bear,0.0,0.9999999996289262,1.5420482177301874e-10,2.1396436450167027e-10
2022-03-25,17153.0,-0.004058098847076208,23.43000030517578,5.5,6.750475,2.96425,5.042048853857928,0.437764275851782,13.427010148321639,Bear,0.0,0.9999999995197868,1.566636741155797e-10,3.266651847415183e-10
2022-03-28,17222.0,0.004014550846285441,22.610000610351562,5.5,6.750475,2.96425,5.042048853857928,0.437764275851782,13.427010148321639,Bear,0.0,0.9999999998617568,4.240052756728038e-11,9.279360242825999e-11
2022-03-29,17325.30078125,0.00598026976240216,21.299999237060547,5.5,6.750475,2.96425,5.042048853857928,0.437764275851782,13.427010148321639,Bear,0.0,0.9999999997744453,6.630912466514729e-11,1.5842095869636986e-10
2022-03-30,17498.25,0.009932969892759297,20.610000610351562,5.5,6.750475,2.96425,5.042048853857928,0.437764275851782,13.427010148321639,Bear,0.0,0.9999999998472049,5.0793272617452466e-11,1.0181201098064755e-10
2022-03-31,17464.75,-0.001916312115762529,20.559999465942383,5.5,6.750475,2.96425,5.042048853857928,0.437764275851782,13.427010148321639,Bear,0.0,0.9999999998617568,4.285715076381543e-11,9.449600902570788e-11
2022-04-01,17670.44921875,0.01170914487476482,18.43000030517578,5.5,6.819825,3.040075,5.351197726349977,1.74789523610563,14.626635873749038,Bear,0.0,1.0,3.9896317432703825e-13,1.8594380063411682e-13
2022-04-04,18053.400390625,0.0214403456403388,17.90999984741211,5.5,6.819825,3.040075,5.351197726349977,1.74789523610563,14.626635873749038,Bear,0.0,1.0,2.324353777509949e-14,1.0521273241023867e-14
2022-04-05,17957.400390625,-0.005331746328175393,18.489999771118164,5.5,6.819825,3.040075,5.351197726349977,1.74789523610563,14.626635873749038,Bear,0.0,1.0,2.6014667811363002e-14,1.475527208693955e-14
2022-04-06,17807.650390625,-0.008374145812508964,19.020000457763672,5.5,6.819825,3.040075,5.351197726349977,1.74789523610563,14.626635873749038,Bear,0.0,1.0,1.8048685089942906e-13,7.003542975538956e-14
2022-04-07,17639.55078125,-0.009484577848941177,19.0,5.5,6.819825,3.040075,5.351197726349977,1.74789523610563,14.626635873749038,Bear,0.0,1.0,1.8888640201513556e-12,1.1391105085091363e-13
2022-04-08,17784.349609375,0.008175250776633796,17.690000534057617,5.5,6.819825,3.040075,5.351197726349977,1.74789523610563,14.626635873749038,Bear,0.0,1.0,2.2367703881564952e-12,1.2092463749270235e-13
2022-04-11,17674.94921875,-0.006170496392137639,18.270000457763672,5.5,6.819825,3.040075,5.351197726349977,1.74789523610563,14.626635873749038,Bear,0.0,1.0,2.557076064089134e-12,1.95217090860932e-13
2022-04-12,17530.30078125,-0.008217481851263662,18.15999984741211,5.5,6.819825,3.040075,5.351197726349977,1.74789523610563,14.626635873749038,Bear,0.0,0.999999999992724,4.6755816005982825e-12,3.6757375051399775e-13
2022-04-13,17475.650390625,-0.0031223510971550208,17.790000915527344,5.5,6.819825,3.040075,5.351197726349977,1.74789523610563,14.626635873749038,Bear,0.0,0.999999999992724,3.721232700585768e-12,3.0801485578135e-13
2022-04-18,17173.650390625,-0.017432250630348714,19.34000015258789,5.5,6.819825,3.040075,5.351197726349977,1.74789523610563,14.626635873749038,Bear,0.0,0.999999999992724,7.306553581963767e-12,5.02471370486447e-13
2022-04-19,16958.650390625,-0.012598203971631295,19.770000457763672,5.5,6.819825,3.040075,5.351197726349977,1.74789523610563,14.626635873749038,Bear,0.0,1.0,1.8226460181174423e-12,3.782424234127076e-13
2022-04-20,17136.55078125,0.010435603778864927,18.670000076293945,5.5,6.819825,3.040075,5.351197726349977,1.74789523610563,14.626635873749038,Bear,0.0,0.999999999992724,5.226274294054855e-12,4.823407056786389e-13
2022-04-21,17392.599609375,0.014831150992767859,17.850000381469727,5.5,6.819825,3.040075,5.351197726349977,1.74789523610563,14.626635873749038,Bear,0.0,0.9999999999854481,1.403945569069427e-11,5.592041017272913e-13
2022-04-22,17171.94921875,-0.012767612798961313,18.350000381469727,5.5,6.819825,3.040075,5.351197726349977,1.74789523610563,14.626635873749038,Bear,0.0,0.999999999992724,9.461567385887748e-12,5.538871953356775e-13
2022-04-25,16953.94921875,-0.012776394201003337,21.260000228881836,5.5,6.819825,3.040075,5.351197726349977,1.74789523610563,14.626635873749038,Bear,0.0,0.999999999992724,8.412758147528983e-12,8.778987723209104e-13
2022-04-26,17200.80078125,0.014455140840464372,19.190000534057617,5.5,6.819825,3.040075,5.351197726349977,1.74789523610563,14.626635873749038,Bear,0.0,0.9999999999854481,1.5061978419361244e-11,5.568887482133015e-13
2022-04-27,17038.400390625,-0.00948629657994312,20.610000610351562,5.5,6.819825,3.040075,5.351197726349977,1.74789523610563,14.626635873749038,Bear,0.0,0.9999999999854481,1.2613465531870377e-11,8.852465601173007e-13
2022-04-28,17245.05078125,0.012055547873445796,19.3799991607666,5.5,6.819825,3.040075,5.351197726349977,1.74789523610563,14.626635873749038,Bear,0.0,0.9999999999781721,1.8941335999544902e-11,8.190119837208712e-13
2022-04-29,17102.55078125,-0.008297570200330234,19.420000076293945,5.5,6.819825,3.040075,5.351197726349977,1.74789523610563,14.626635873749038,Bear,0.0,0.9999999999854481,1.307047394034832e-11,8.760223101163419e-13
2022-05-02,17069.099609375,-0.0019578324241160947,20.280000686645508,5.5,7.1058,3.1803000000000003,6.328001366370062,5.35514875697845,15.37878787878788,Bear,0.0,1.0,5.628690608353619e-18,2.3033114175826736e-44
2022-05-04,16677.599609375,-0.023203310190181764,21.8799991607666,5.5,7.1058,3.1803000000000003,6.328001366370062,5.35514875697845,15.37878787878788,Bear,0.0,1.0,2.7745379325402484e-19,8.358070564298247e-45
2022-05-05,16682.650390625,0.00030280236440618743,20.290000915527344,5.5,7.1058,3.1803000000000003,6.328001366370062,5.35514875697845,15.37878787878788,Bear,0.0,1.0,3.5495729297778717e-19,9.100055774991929e-45
2022-05-06,16411.25,-0.016402205362178027,21.25,5.5,7.1058,3.1803000000000003,6.328001366370062,5.35514875697845,15.37878787878788,Bear,0.0,1.0,2.4996031305033357e-20,2.3096298316097465e-45
2022-05-09,16301.849609375,-0.0066885009232451696,22.030000686645508,5.5,7.1058,3.1803000000000003,6.328001366370062,5.35514875697845,15.37878787878788,Bear,0.0,1.0,1.8980690004273597e-20,3.579204027033609e-45
2022-05-10,16240.0498046875,-0.003798172823006312,22.299999237060547,5.5,7.1058,3.1803000000000003,6.328001366370062,5.35514875697845,15.37878787878788,Bear,0.0,1.0,1.581813530313765e-20,3.0601043950905227e-45
2022-05-11,16167.099609375,-0.004502112641840228,22.799999237060547,5.5,7.1058,3.1803000000000003,6.328001366370062,5.35514875697845,15.37878787878788,Bear,0.0,1.0,2.279996631568337e-20,3.7521211892829666e-45
2022-05-12,15808.0,-0.022462147872579268,24.270000457763672,5.5,7.1058,3.1803000000000003,6.328001366370062,5.35514875697845,15.37878787878788,Bear,0.0,1.0,1.31832159328097e-21,6.212638820330375e-46
2022-05-13,15782.150390625,-0.0016365617019766783,23.489999771118164,5.5,7.1058,3.1803000000000003,6.328001366370062,5.35514875697845,15.37878787878788,Bear,0.0,1.0,3.0600681310353307e-21,8.372405079834709e-46
2022-05-16,15842.2998046875,0.003803986233609079,24.530000686645508,5.5,7.1058,3.1803000000000003,6.328001366370062,5.35514875697845,15.37878787878788,Bear,0.0,1.0,8.863371134274056e-21,2.2808786651347347e-45
2022-05-17,16259.2998046875,0.025981475212963467,22.739999771118164,5.5,7.1058,3.1803000000000003,6.328001366370062,5.35514875697845,15.37878787878788,Bear,0.0,1.0,2.8829092253142324e-19,1.1341860954367398e-44
2022-05-18,16240.2998046875,-0.0011692453072036017,22.299999237060547,5.5,7.1058,3.1803000000000003,6.328001366370062,5.35514875697845,15.37878787878788,Bear,0.0,1.0,3.452710287953435e-19,1.0389215121230394e-44
2022-05-19,15809.400390625,-0.026891070897403772,24.559999465942383,5.5,7.1058,3.1803000000000003,6.328001366370062,5.35514875697845,15.37878787878788,Bear,0.0,1.0,2.2262506930312268e-20,2.0620122171533593e-45
2022-05-20,16266.150390625,0.02848156086057151,23.100000381469727,5.5,7.1058,3.1803000000000003,6.328001366370062,5.35514875697845,15.37878787878788,Bear,0.0,1.0,3.639887426730112e-20,1.4620796399163978e-45
2022-05-23,16214.7001953125,-0.0031680351601504043,23.399999618530273,5.5,7.1058,3.1803000000000003,6.328001366370062,5.35514875697845,15.37878787878788,Bear,0.0,1.0,5.999428990432512e-20,1.870565534300878e-45
2022-05-24,16125.150390625,-0.005538061057189644,25.639999389648438,5.5,7.1058,3.1803000000000003,6.328001366370062,5.35514875697845,15.37878787878788,Bear,0.0,1.0,8.472083674751239e-20,3.5350076496271417e-45
2022-05-25,16025.7998046875,-0.006180277818558741,25.280000686645508,5.5,7.1058,3.1803000000000003,6.328001366370062,5.35514875697845,15.37878787878788,Bear,0.0,1.0,3.589171404278721e-20,2.2221106814597632e-45
2022-05-26,16170.150390625,0.008967062770830264,22.719999313354492,5.5,7.1058,3.1803000000000003,6.328001366370062,5.35514875697845,15.37878787878788,Bear,0.0,1.0,1.175410359290593e-19,4.787650096950469e-45
2022-05-27,16352.4501953125,0.011210771015034579,21.479999542236328,5.5,7.1058,3.1803000000000003,6.328001366370062,5.35514875697845,15.37878787878788,Bear,0.0,1.0,4.837619719625574e-19,2.0084313361366516e-44
2022-05-30,16661.400390625,0.018716945110386057,19.979999542236328,5.5,7.1058,3.1803000000000003,6.328001366370062,5.35514875697845,15.37878787878788,Bear,0.0,1.0,3.7268021383125044e-19,1.1595445584339497e-44
2022-05-31,16584.55078125,-0.004623104079880039,20.479999542236328,5.5,7.1058,3.1803000000000003,6.328001366370062,5.35514875697845,15.37878787878788,Bear,0.0,1.0,3.3234064140872674e-19,1.0886666604546091e-44
2022-06-01,16522.75,-0.003733367056413342,20.850000381469727,5.5,7.38565,2.6900500000000003,6.965108604276438,20.5662074440862,16.62904439428141,Bear,0.0,1.0,9.942923363000093e-27,9.348327007464215e-29
2022-06-02,16628.0,0.006349802260260305,20.31999969482422,5.5,7.38565,2.6900500000000003,6.965108604276438,20.5662074440862,16.62904439428141,Bear,0.0,1.0,1.6331644834329327e-26,1.5221819405718426e-28
2022-06-03,16584.30078125,-0.0026315095876877827,19.979999542236328,5.5,7.38565,2.6900500000000003,6.965108604276438,20.5662074440862,16.62904439428141,Bear,0.0,1.0,3.376127963111102e-26,2.952312076474667e-28
2022-06-06,16569.55078125,-0.0008897910968418909,20.200000762939453,5.5,7.38565,2.6900500000000003,6.965108604276438,20.5662074440862,16.62904439428141,Bear,0.0,1.0,4.70450496157067e-26,2.995928576766686e-28
2022-06-07,16416.349609375,-0.009288955076891798,20.43000030517578,5.5,7.38565,2.6900500000000003,6.965108604276438,20.5662074440862,16.62904439428141,Bear,0.0,1.0,3.698755108501478e-26,2.93192120072225e-28
2022-06-08,16356.25,-0.003667678332650513,19.84000015258789,5.5,7.38565,2.6900500000000003,6.965108604276438,20.5662074440862,16.62904439428141,Bear,0.0,1.0,2.9830850175865955e-26,3.0035029874980083e-28
2022-06-09,16478.099609375,0.007422115570615706,19.139999389648438,5.5,7.38565,2.6900500000000003,6.965108604276438,20.5662074440862,16.62904439428141,Bear,0.0,1.0,1.9338725153756318e-26,2.0937789770409273e-28
2022-06-10,16201.7998046875,-0.01690986774485526,19.579999923706055,5.5,7.38565,2.6900500000000003,6.965108604276438,20.5662074440862,16.62904439428141,Bear,0.0,1.0,9.3890926992248e-27,1.3066475808072168e-28
2022-06-13,15774.400390625,-0.026733937520215956,22.3700008392334,5.5,7.38565,2.6900500000000003,6.965108604276438,20.5662074440862,16.62904439428141,Bear,0.0,1.0,1.0785508055799033e-27,3.044141852640378e-29
2022-06-14,15732.099609375,-0.0026852114114221596,21.889999389648438,5.5,7.38565,2.6900500000000003,6.965108604276438,20.5662074440862,16.62904439428141,Bear,0.0,1.0,1.1265039174603646e-27,4.130995958403006e-29
2022-06-15,15692.150390625,-0.0025425739848417965,22.149999618530273,5.5,7.38565,2.6900500000000003,6.965108604276438,20.5662074440862,16.62904439428141,Bear,0.0,1.0,1.3408225624137495e-27,5.303137036100647e-29
2022-06-16,15360.599609375,-0.021354848179315097,22.8700008392334,5.5,7.38565,2.6900500000000003,6.965108604276438,20.5662074440862,16.62904439428141,Bear,0.0,1.0,1.8952115215905597e-28,1.398321484530626e-29
2022-06-17,15293.5,-0.004377862497838008,22.760000228881836,5.5,7.38565,2.6900500000000003,6.965108604276438,20.5662074440862,16.62904439428141,Bear,0.0,1.0,1.6142277777207528e-28,1.6407944170549865e-29
2022-06-20,15350.150390625,0.0036973698916184226,22.40999984741211,5.5,7.38565,2.6900500000000003,6.965108604276438,20.5662074440862,16.62904439428141,Bear,0.0,1.0,7.562708487267683e-28,3.099864512942253e-29
2022-06-21,15638.7998046875,0.018629721921802747,21.139999389648438,5.5,7.38565,2.6900500000000003,6.965108604276438,20.5662074440862,16.62904439428141,Bear,0.0,1.0,3.341625331502636e-27,4.8039166730965044e-29
2022-06-22,15413.2998046875,-0.01452423294963793,21.299999237060547,5.5,7.38565,2.6900500000000003,6.965108604276438,20.5662074440862,16.62904439428141,Bear,0.0,1.0,1.3689729162298633e-27,2.9855793971192717e-29
2022-06-23,15556.650390625,0.009257464658604653,20.8799991607666,5.5,7.38565,2.6900500000000003,6.965108604276438,20.5662074440862,16.62904439428141,Bear,0.0,1.0,1.8431663915391388e-27,2.68073761680397e-29
2022-06-24,15699.25,0.009124715461734611,20.549999237060547,5.5,7.38565,2.6900500000000003,6.965108604276438,20.5662074440862,16.62904439428141,Bear,0.0,1.0,1.0552666409380743e-27,1.8326695707327437e-29
2022-06-27,15832.0498046875,0.008423413606869335,21.010000228881836,5.5,7.38565,2.6900500000000003,6.965108604276438,20.5662074440862,16.62904439428141,Bear,0.0,1.0,1.1458985480407643e-27,2.345783218515065e-29
2022-06-28,15850.2001953125,0.0011457767431705531,21.450000762939453,5.5,7.38565,2.6900500000000003,6.965108604276438,20.5662074440862,16.62904439428141,Bear,0.0,1.0,4.297783217096037e-27,6.06947638264712e-29
2022-06-29,15799.099609375,-0.003229179201912245,21.899999618530273,5.5,7.38565,2.6900500000000003,6.965108604276438,20.5662074440862,16.62904439428141,Bear,0.0,1.0,1.9033295892090794e-27,3.3237362436504486e-29
2022-06-30,15780.25,-0.0011937935294284723,21.84000015258789,5.5,7.38565,2.6900500000000003,6.965108604276438,20.5662074440862,16.62904439428141,Bear,0.0,1.0,3.6098265074392655e-27,6.936455971581641e-29
2022-07-01,15752.0498046875,-0.0017886549985601772,21.25,5.5,7.529625,2.505375,6.162694784322076,12.8417997649181,16.23036649214662,Bear,0.0,0.999999998806743,1.1511264189188286e-13,1.1964847952819496e-09
2022-07-04,15835.349609375,0.005274254882250374,20.969999313354492,5.5,7.529625,2.505375,6.162694784322076,12.8417997649181,16.23036649214662,Bear,0.0,0.9999999983338057,1.8323044707241084e-13,1.6687272595699497e-09
2022-07-05,15810.849609375,-0.0015483695040555473,20.790000915527344,5.5,7.529625,2.505375,6.162694784322076,12.8417997649181,16.23036649214662,Bear,0.0,0.9999999983192538,1.9784628228302477e-13,1.679185250757335e-09
2022-07-06,15989.7998046875,0.01125461822453212,20.270000457763672,5.5,7.529625,2.505375,6.162694784322076,12.8417997649181,16.23036649214662,Bear,0.0,0.999999998457497,3.7532060356152917e-13,1.542697032464072e-09
2022-07-07,16132.900390625,0.00890968266712923,19.200000762939453,5.5,7.529625,2.505375,6.162694784322076,12.8417997649181,16.23036649214662,Bear,0.0,0.9999999986903276,2.569203945676644e-13,1.312010418408078e-09
2022-07-08,16220.599609375,0.005421325887187373,18.399999618530273,5.5,7.529625,2.505375,6.162694784322076,12.8417997649181,16.23036649214662,Bear,0.0,0.9999999990614015,1.7083553612402787e-13,9.367757418416579e-10
2022-07-11,16216.0,-0.00028360614005298526,18.3700008392334,5.5,7.529625,2.505375,6.162694784322076,12.8417997649181,16.23036649214662,Bear,0.0,0.999999999148713,1.9983518363566447e-13,8.527260670629609e-10
2022-07-12,16058.2998046875,-0.009772571447684876,18.549999237060547,5.5,7.529625,2.505375,6.162694784322076,12.8417997649181,16.23036649214662,Bear,0.0,0.9999999989158823,2.7211891457491025e-13,1.0847511338826769e-09
2022-07-13,15966.650390625,-0.0057236413300785416,18.520000457763672,5.5,7.529625,2.505375,6.162694784322076,12.8417997649181,16.23036649214662,Bear,0.0,0.9999999984793249,3.5074330861243264e-13,1.521460891034006e-09
2022-07-14,15938.650390625,-0.0017551946856914542,18.34000015258789,5.5,7.529625,2.505375,6.162694784322076,12.8417997649181,16.23036649214662,Bear,0.0,0.9999999988649506,2.0519035155493457e-13,1.1346098970597992e-09
2022-07-15,16049.2001953125,0.006912014580365188,17.600000381469727,5.5,7.529625,2.505375,6.162694784322076,12.8417997649181,16.23036649214662,Bear,0.0,0.9999999987194315,1.9442343463595093e-13,1.2817814023744672e-09
2022-07-18,16278.5,0.014186202470718856,17.15999984741211,5.5,7.529625,2.505375,6.162694784322076,12.8417997649181,16.23036649214662,Bear,0.0,0.9999999983920134,3.020946829616791e-13,1.6056212241485835e-09
2022-07-19,16340.5498046875,0.003804517906147779,17.200000762939453,5.5,7.529625,2.505375,6.162694784322076,12.8417997649181,16.23036649214662,Bear,0.0,0.9999999981446308,4.546564938273643e-13,1.8540561937485928e-09
2022-07-20,16520.849609375,0.010973459265845803,16.81999969482422,5.5,7.529625,2.505375,6.162694784322076,12.8417997649181,16.23036649214662,Bear,0.0,0.9999999993742676,9.679263987397541e-14,6.273308506962685e-10
2022-07-21,16605.25,0.005095714512164849,16.860000610351562,5.5,7.529625,2.505375,6.162694784322076,12.8417997649181,16.23036649214662,Bear,0.0,0.9999999993233359,1.2313652463740621e-13,6.775968642551307e-10
2022-07-22,16719.44921875,0.006853755230166662,16.649999618530273,5.5,7.529625,2.505375,6.162694784322076,12.8417997649181,16.23036649214662,Bear,0.0,0.9999999990468496,2.0039983453621595e-13,9.523833463343557e-10
2022-07-25,16631.0,-0.005304241963650273,17.68000030517578,5.5,7.529625,2.505375,6.162694784322076,12.8417997649181,16.23036649214662,Bear,0.0,0.9999999970095814,1.4045554557558943e-12,2.991217094422027e-09
2022-07-26,16483.849609375,-0.008887333683346772,18.170000076293945,5.5,7.529625,2.505375,6.162694784322076,12.8417997649181,16.23036649214662,Bear,0.0,0.9999999952924554,2.4534740813719443e-12,4.706186681606951e-09
2022-07-27,16641.80078125,0.00953655956008488,18.1299991607666,5.5,7.529625,2.505375,6.162694784322076,12.8417997649181,16.23036649214662,Bear,0.0,0.9999999941792339,3.3299947168705945e-12,5.81751097637648e-09
2022-07-28,16929.599609375,0.017145896529526243,17.010000228881836,5.5,7.529625,2.505375,6.162694784322076,12.8417997649181,16.23036649214662,Bear,0.0,0.9999999970095814,1.7348103337484887e-12,2.9873082679242987e-09
2022-07-29,17158.25,0.013415561413115864,16.549999237060547,5.5,7.529625,2.505375,6.162694784322076,12.8417997649181,16.23036649214662,Bear,0.0,0.9999999983920134,8.561309916250201e-13,1.6049177329772587e-09
2022-08-01,17340.05078125,0.010539792401854702,17.489999771118164,5.5,7.40206,2.0900399999999992,5.7817631106883205,2.91968745876983,14.074074074074083,Bear,0.0,0.9999998440107569,1.3847228738025048e-10,1.5585078583027768e-07
2022-08-02,17345.44921875,0.0003112792114048116,18.530000686645508,5.5,7.40206,2.0900399999999992,5.7817631106883205,2.91968745876983,14.074074074074083,Bear,0.0,0.9999998861749255,8.337248213197388e-11,1.1374375832455628e-07
2022-08-03,17388.150390625,0.002458783072766921,18.450000762939453,5.5,7.40206,2.0900399999999992,5.7817631106883205,2.91968745876983,14.074074074074083,Bear,0.0,0.9999998029816392,1.961257970506071e-10,1.968228789866128e-07
2022-08-04,17382.0,-0.00035377417814128954,19.260000228881836,5.5,7.40206,2.0900399999999992,5.7817631106883205,2.91968745876983,14.074074074074083,Bear,0.0,0.9999991286680755,7.373004056682322e-10,8.705927605541275e-07
2022-08-05,17397.5,0.0008913297215996853,18.920000076293945,5.5,7.40206,2.0900399999999992,5.7817631106883205,2.91968745876983,14.074074074074083,Bear,0.0,0.9999981291638725,2.204287402475901e-09,1.8686350782892467e-06
2022-08-08,17525.099609375,0.007307599012140524,19.299999237060547,5.5,7.40206,2.0900399999999992,5.7817631106883205,2.91968745876983,14.074074074074083,Bear,0.0,0.999998354448952,2.061839186921368e-09,1.6434918351515466e-06
2022-08-10,17534.75,0.0005505095416120064,19.59000015258789,5.5,7.40206,2.0900399999999992,5.7817631106883205,2.91968745876983,14.074074074074083,Bear,0.0,0.9999982868626952,1.8587944672350247e-09,1.7112769069349612e-06
2022-08-11,17659.0,0.007060942140366637,18.360000610351562,5.5,7.40206,2.0900399999999992,5.7817631106883205,2.91968745876983,14.074074074074083,Bear,0.0,0.9999992621235827,9.068106369980876e-10,7.369697325751902e-07
2022-08-12,17698.150390625,0.0022145679837284517,17.610000610351562,5.5,7.40206,2.0900399999999992,5.7817631106883205,2.91968745876983,14.074074074074083,Bear,0.0,0.9999993365784048,8.278102992630126e-10,6.625967992076997e-07
2022-08-16,17825.25,0.007155855032733008,17.68000030517578,5.5,7.40206,2.0900399999999992,5.7817631106883205,2.91968745876983,14.074074074074083,Bear,0.0,0.9999994523388204,8.80681322916114e-10,5.46777083318154e-07
2022-08-17,17944.25,0.006653737907021656,17.68000030517578,5.5,7.40206,2.0900399999999992,5.7817631106883205,2.91968745876983,14.074074074074083,Bear,0.0,0.9999993489184208,1.7741555266707496e-09,6.493110366177151e-07
2022-08-18,17956.5,0.0006824370229270742,17.350000381469727,5.5,7.40206,2.0900399999999992,5.7817631106883205,2.91968745876983,14.074074074074083,Bear,0.0,0.9999987495256024,1.931832682850487e-09,1.2485390338353005e-06
2022-08-19,17758.44921875,-0.011090751389954998,18.290000915527344,5.5,7.40206,2.0900399999999992,5.7817631106883205,2.91968745876983,14.074074074074083,Bear,0.0,0.9999742803008042,1.0007627394468628e-08,2.5709693263595115e-05
2022-08-22,17490.69921875,-0.015192148554208883,19.040000915527344,5.5,7.40206,2.0900399999999992,5.7817631106883205,2.91968745876983,14.074074074074083,Bear,0.0,0.9998059453509514,1.3613561246647803e-08,0.00019404103604343993
2022-08-23,17577.5,0.004950408657946044,19.049999237060547,5.5,7.40206,2.0900399999999992,5.7817631106883205,2.91968745876983,14.074074074074083,Bear,0.0,0.9992890575012352,1.9957879049019038e-08,0.0007109225405180946
2022-08-24,17604.94921875,0.001560393032835227,18.43000030517578,5.5,7.40206,2.0900399999999992,5.7817631106883205,2.91968745876983,14.074074074074083,Bear,0.0,0.9976680882288171,2.6222298532416866e-08,0.0023318855483597757
2022-08-25,17522.44921875,-0.004697196795508722,19.56999969482422,5.5,7.40206,2.0900399999999992,5.7817631106883205,2.91968745876983,14.074074074074083,Bear,0.0,0.9918254430929818,4.006660930812432e-08,0.0081745168439554
2022-08-26,17558.900390625,0.002078094793881999,18.219999313354492,5.5,7.40206,2.0900399999999992,5.7817631106883205,2.91968745876983,14.074074074074083,Bear,0.0,0.9691705806528012,2.3373466964540418e-07,0.030829185611725186
2022-08-29,17312.900390625,-0.014109055185943692,19.81999969482422,5.5,7.40206,2.0900399999999992,5.7817631106883205,2.91968745876983,14.074074074074083,Bear,0.0,0.9005747502688615,4.6585140259353384e-07,0.09942478387848996
2022-08-30,17759.30078125,0.025457455427431688,18.700000762939453,5.5,7.40206,2.0900399999999992,5.7817631106883205,2.91968745876983,14.074074074074083,Bear,0.0,0.805341258149959,2.1255026054804615e-06,0.19465661634419407
2022-09-01,17542.80078125,-0.012265712506503565,19.8700008392334,5.5,7.27475,1.6964750000000004,5.8536783343725585,-0.453853314109776,12.481644640234958,Sideways,0.0,0.39794484262751495,1.7463043991471363e-06,0.6020534110708264
2022-09-02,17539.44921875,-0.00019106884593758132,19.549999237060547,5.5,7.27475,1.6964750000000004,5.8536783343725585,-0.453853314109776,12.481644640234958,Sideways,0.0,0.21451354478263165,8.714646465027034e-07,0.7854855837560537
2022-09-05,17665.80078125,0.00717802628935595,19.65999984741211,5.5,7.27475,1.6964750000000004,5.8536783343725585,-0.453853314109776,12.481644640234958,Sideways,0.0,0.130800353192844,5.638632753413367e-07,0.8691990829459191
2022-09-06,17655.599609375,-0.000577619915734608,19.520000457763672,5.5,7.27475,1.6964750000000004,5.8536783343725585,-0.453853314109776,12.481644640234958,Sideways,0.0,0.07998549269749192,3.2678229127161855e-07,0.9200141805231632
2022-09-07,17624.400390625,-0.0017686636555011566,19.3700008392334,5.5,7.27475,1.6964750000000004,5.8536783343725585,-0.453853314109776,12.481644640234958,Sideways,0.0,0.03246166282754282,1.7939654406912929e-07,0.967538157777204
2022-09-08,17798.75,0.009843902383512463,18.309999465942383,5.5,7.27475,1.6964750000000004,5.8536783343725585,-0.453853314109776,12.481644640234958,Sideways,0.0,0.01756136628344426,1.302611138049089e-07,0.9824385034532049
2022-09-09,17833.349609375,0.0019420477956010656,17.719999313354492,5.5,7.27475,1.6964750000000004,5.8536783343725585,-0.453853314109776,12.481644640234958,Sideways,0.0,0.010792673080122675,7.817560505466018e-08,0.989207248742481
2022-09-12,17936.349609375,0.005759080279283832,17.940000534057617,5.5,7.27475,1.6964750000000004,5.8536783343725585,-0.453853314109776,12.481644640234958,Sideways,0.0,0.00703720988334247,8.045427780836023e-08,0.992962709664462
2022-09-13,18070.05078125,0.007426556664034913,17.469999313354492,5.5,7.27475,1.6964750000000004,5.8536783343725585,-0.453853314109776,12.481644640234958,Sideways,0.0,0.004736123984467795,8.765593692499649e-08,0.9952637883566905
2022-09-14,18003.75,-0.003675845320864187,18.280000686645508,5.5,7.27475,1.6964750000000004,5.8536783343725585,-0.453853314109776,12.481644640234958,Sideways,0.0,0.002143048897427421,8.598270318289103e-08,0.9978568651211731
2022-09-15,17877.400390625,-0.0070427023794097186,18.389999389648438,5.5,7.27475,1.6964750000000004,5.8536783343725585,-0.453853314109776,12.481644640234958,Sideways,0.0,0.0004569281339939604,4.83978161108664e-08,0.9995430234695474
2022-09-16,17530.849609375,-0.019575203370476822,19.81999969482422,5.5,7.27475,1.6964750000000004,5.8536783343725585,-0.453853314109776,12.481644640234958,Sideways,0.0,6.421641904044122e-05,8.372265209774301e-09,0.9999357752055795
2022-09-19,17622.25,0.005200144374609497,19.940000534057617,5.5,7.27475,1.6964750000000004,5.8536783343725585,-0.453853314109776,12.481644640234958,Sideways,0.0,1.4111171256466274e-05,1.2245130346934006e-08,0.9999858765856163
2022-09-20,17816.25,0.010948654031257964,18.799999237060547,5.5,7.27475,1.6964750000000004,5.8536783343725585,-0.453853314109776,12.481644640234958,Sideways,0.0,1.2285752992574658e-05,2.7358427806821e-08,0.999987686885425
2022-09-21,17718.349609375,-0.005510158516157929,19.329999923706055,5.5,7.27475,1.6964750000000004,5.8536783343725585,-0.453853314109776,12.481644640234958,Sideways,0.0,8.25125750129597e-06,1.9892933396748568e-08,0.9999917288492817
2022-09-22,17629.80078125,-0.005010107310831895,18.81999969482422,5.5,7.27475,1.6964750000000004,5.8536783343725585,-0.453853314109776,12.481644640234958,Sideways,0.0,6.104811437990684e-06,1.555011014426417e-08,0.9999938796359795
2022-09-23,17327.349609375,-0.01730454089090743,20.59000015258789,5.5,7.27475,1.6964750000000004,5.8536783343725585,-0.453853314109776,12.481644640234958,Sideways,0.0,5.245071854726618e-06,6.378098433179108e-09,0.9999947485477252
2022-09-26,17016.30078125,-0.018114401349380974,21.889999389648438,5.5,7.27475,1.6964750000000004,5.8536783343725585,-0.453853314109776,12.481644640234958,Sideways,0.0,9.053611793771074e-06,1.3807461534197423e-09,0.9999909450098824
2022-09-27,17007.400390625,-0.0005231876910193474,21.56999969482422,5.5,7.27475,1.6964750000000004,5.8536783343725585,-0.453853314109776,12.481644640234958,Sideways,0.0,1.3618648261268058e-05,1.3865939801030558e-09,0.999986379965761
2022-09-28,16858.599609375,-0.008787677246935572,22.100000381469727,5.5,7.27475,1.6964750000000004,5.8536783343725585,-0.453853314109776,12.481644640234958,Sideways,0.0,1.9570912677717216e-05,4.923127135594221e-10,0.9999804285931361
2022-09-29,16818.099609375,-0.0024052250050792126,21.299999237060547,5.5,7.27475,1.6964750000000004,5.8536783343725585,-0.453853314109776,12.481644640234958,Sideways,0.0,1.752792919934857e-05,7.118822889490382e-10,0.9999824713603778
2022-09-30,17094.349609375,0.016292312526781774,19.969999313354492,5.5,7.27475,1.6964750000000004,5.8536783343725585,-0.453853314109776,12.481644640234958,Sideways,0.0,7.879726217453222e-06,3.800513451725007e-09,0.9999921164727925
2022-10-03,16887.349609375,-0.012183178897324074,21.3700008392334,5.5,7.280374,1.4732339999999997,6.488255169418533,1.98171298477856,10.55312954876273,Sideways,0.0,3.9287658142883313e-07,1.108327933335583e-09,0.9999996060142488
2022-10-04,17274.30078125,0.022655095268550494,19.56999969482422,5.5,7.280374,1.4732339999999997,6.488255169418533,1.98171298477856,10.55312954876273,Sideways,0.0,4.78568441563005e-07,3.8511107952880994e-09,0.9999995175822987
2022-10-06,17331.80078125,0.0033231164632058175,19.31999969482422,5.5,7.280374,1.4732339999999997,6.488255169418533,1.98171298477856,10.55312954876273,Sideways,0.0,8.732753578939543e-07,3.801598595100407e-09,0.999999122920074
2022-10-07,17314.650390625,-0.0009900230150986376,18.809999465942383,5.5,7.280374,1.4732339999999997,6.488255169418533,1.98171298477856,10.55312954876273,Sideways,0.0,5.098037139940033e-07,1.2679363497526095e-09,0.9999994889295918
2022-10-10,17241.0,-0.004262718329192525,19.6200008392334,5.5,7.280374,1.4732339999999997,6.488255169418533,1.98171298477856,10.55312954876273,Sideways,0.0,1.9824779440630824e-07,1.3672109785791795e-09,0.9999998003841227
2022-10-11,16983.55078125,-0.015044993668578569,20.489999771118164,5.5,7.280374,1.4732339999999997,6.488255169418533,1.98171298477856,10.55312954876273,Sideways,0.0,2.394211660433881e-07,6.288949314431751e-10,0.9999997599516353
2022-10-12,17123.599609375,0.008212331644389038,20.18000030517578,5.5,7.280374,1.4732339999999997,6.488255169418533,1.98171298477856,10.55312954876273,Sideways,0.0,1.9935612047108422e-07,6.697380070508518e-10,0.9999997999766692
2022-10-13,17014.349609375,-0.0064005234917517235,20.290000915527344,5.5,7.280374,1.4732339999999997,6.488255169418533,1.98171298477856,10.55312954876273,Sideways,0.0,2.3286258596008642e-07,4.3127532057422906e-10,0.9999997667037223
2022-10-14,17185.69921875,0.010020514532698735,18.260000228881836,5.5,7.280374,1.4732339999999997,6.488255169418533,1.98171298477856,10.55312954876273,Sideways,0.0,2.0101216238266003e-07,7.153354812144198e-10,0.9999997982740955
2022-10-17,17311.80078125,0.007310797834822186,18.420000076293945,5.5,7.280374,1.4732339999999997,6.488255169418533,1.98171298477856,10.55312954876273,Sideways,0.0,2.1661995016140241e-07,1.667443833324902e-09,0.9999997817140195
2022-10-18,17486.94921875,0.010066448739082915,17.450000762939453,5.5,7.280374,1.4732339999999997,6.488255169418533,1.98171298477856,10.55312954876273,Sideways,0.0,6.513774723628426e-07,1.4126432912000626e-09,0.9999993472085719
2022-10-19,17512.25,0.0014457922593648584,17.489999771118164,5.5,7.280374,1.4732339999999997,6.488255169418533,1.98171298477856,10.55312954876273,Sideways,0.0,4.4139386060734294e-07,1.5478221440214957e-09,0.9999995570616265
2022-10-20,17563.94921875,0.0029478254394111857,17.229999542236328,5.5,7.280374,1.4732339999999997,6.488255169418533,1.98171298477856,10.55312954876273,Sideways,0.0,7.590451195696182e-07,1.5262464146807821e-09,0.9999992394298879
2022-10-21,17576.30078125,0.0007029866326317706,17.280000686645508,5.5,7.280374,1.4732339999999997,6.488255169418533,1.98171298477856,10.55312954876273,Sideways,0.0,4.87785115195319e-07,2.1006212522282704e-09,0.9999995101171698
2022-10-24,17730.75,0.008748972260095097,17.420000076293945,5.5,7.280374,1.4732339999999997,6.488255169418533,1.98171298477856,10.55312954876273,Sideways,0.0,9.087875491659787e-07,3.859921602991087e-09,0.999999087355225
2022-10-25,17656.349609375,-0.004204950452158822,16.8799991607666,5.5,7.280374,1.4732339999999997,6.488255169418533,1.98171298477856,10.55312954876273,Sideways,0.0,6.116503721838889e-07,3.0175669872589046e-09,0.9999993853345657
2022-10-27,17736.94921875,0.0045545202832827395,16.600000381469727,5.5,7.280374,1.4732339999999997,6.488255169418533,1.98171298477856,10.55312954876273,Sideways,0.0,7.894526202303452e-07,3.5434972693699453e-09,0.99999920700097
2022-10-28,17786.80078125,0.0028066628790527496,15.920000076293945,5.5,7.280374,1.4732339999999997,6.488255169418533,1.98171298477856,10.55312954876273,Sideways,0.0,1.4079590453042158e-06,2.9054927324775722e-09,0.9999985891346063
2022-10-31,18012.19921875,0.012592609626880552,15.800000190734863,5.5,7.280374,1.4732339999999997,6.488255169418533,1.98171298477856,10.55312954876273,Sideways,0.0,1.0879350523268553e-05,4.038253478740157e-09,0.9999891166090656
2022-11-01,18145.400390625,0.007367843877008389,16.1299991607666,5.5,7.464925,1.1778000000000004,6.084886396172373,-5.39365940847741,8.67093105899077,Sideways,0.0,4.526812101101608e-05,1.5284973873917623e-08,0.9999547165929071
2022-11-02,18082.849609375,-0.0034531529072475455,16.65999984741211,5.5,7.464925,1.1778000000000004,6.084886396172373,-5.39365940847741,8.67093105899077,Sideways,0.0,5.2708178207084625e-05,1.4726290674634145e-08,0.9999472770943726
2022-11-03,18052.69921875,-0.001668738878993079,15.9399995803833,5.5,7.464925,1.1778000000000004,6.084886396172373,-5.39365940847741,8.67093105899077,Sideways,0.0,2.9175321994969287e-05,1.6012498308080542e-08,0.9999708086656708
2022-11-04,18117.150390625,0.0035638102334325083,15.65999984741211,5.5,7.464925,1.1778000000000004,6.084886396172373,-5.39365940847741,8.67093105899077,Sideways,0.0,3.451133954193907e-05,1.827752818481406e-08,0.9999654703856193
2022-11-07,18202.80078125,0.0047164462855731094,15.59000015258789,5.5,7.464925,1.1778000000000004,6.084886396172373,-5.39365940847741,8.67093105899077,Sideways,0.0,5.7823706153927784e-05,2.6061008143127452e-08,0.9999421502360575
2022-11-09,18157.0,-0.0025193100341803654,15.920000076293945,5.5,7.464925,1.1778000000000004,6.084886396172373,-5.39365940847741,8.67093105899077,Sideways,0.0,0.00011545244968213234,2.7100183384623857e-08,0.9998845204498572
2022-11-10,18028.19921875,-0.007119006002546902,15.569999694824219,5.5,7.464925,1.1778000000000004,6.084886396172373,-5.39365940847741,8.67093105899077,Sideways,0.0,0.0003429881281969095,1.7483221629042033e-08,0.9996569943897446
2022-11-11,18349.69921875,0.01767602773148285,14.40999984741211,5.5,7.464925,1.1778000000000004,6.084886396172373,-5.39365940847741,8.67093105899077,Sideways,0.0,0.0012936530517541418,2.749123092839519e-08,0.998706319455564
2022-11-14,18329.150390625,-0.0011204729970374992,14.90999984741211,5.5,7.464925,1.1778000000000004,6.084886396172373,-5.39365940847741,8.67093105899077,Sideways,0.0,0.0016925173418379266,3.4658395908413324e-08,0.9983074479992436
2022-11-15,18403.400390625,0.00404274135870096,14.640000343322754,5.5,7.464925,1.1778000000000004,6.084886396172373,-5.39365940847741,8.67093105899077,Sideways,0.0,0.001824164206570741,4.841483638781809e-08,0.998175787381798
2022-11-16,18409.650390625,0.000339553496785159,15.100000381469727,5.5,7.464925,1.1778000000000004,6.084886396172373,-5.39365940847741,8.67093105899077,Sideways,0.0,0.0016043515021160121,6.956764310282822e-08,0.9983955789273428
2022-11-17,18343.900390625,-0.0035778894143715548,14.880000114440918,5.5,7.464925,1.1778000000000004,6.084886396172373,-5.39365940847741,8.67093105899077,Sideways,0.0,0.0010563439108007397,5.908904033439053e-08,0.9989435969991358
2022-11-18,18307.650390625,-0.001978088841936149,14.390000343322754,5.5,7.464925,1.1778000000000004,6.084886396172373,-5.39365940847741,8.67093105899077,Sideways,0.0,0.0005832336669296207,4.410476692212823e-08,0.9994167222274092
2022-11-21,18159.94921875,-0.008100449774708418,14.800000190734863,5.5,7.464925,1.1778000000000004,6.084886396172373,-5.39365940847741,8.67093105899077,Sideways,0.0,0.0004609239858976102,3.0325837887472624e-08,0.9995390456892044
2022-11-22,18244.19921875,0.004628601630860599,13.84000015258789,5.5,7.464925,1.1778000000000004,6.084886396172373,-5.39365940847741,8.67093105899077,Sideways,0.0,0.0008191119972435007,5.045488535891456e-08,0.9991808375476886
2022-11-23,18267.25,0.0012626606067816233,14.039999961853027,5.5,7.464925,1.1778000000000004,6.084886396172373,-5.39365940847741,8.67093105899077,Sideways,0.0,0.0025526077189528882,1.7980845494707593e-05,0.9974294114354556
2022-11-24,18484.099609375,0.011801042862214367,13.479999542236328,5.5,7.464925,1.1778000000000004,6.084886396172373,-5.39365940847741,8.67093105899077,Bull,0.9999999997744453,2.219702440933555e-10,2.1990575102231957e-17,8.790098844889137e-16
2022-11-25,18512.75,0.0015488019469054911,13.329999923706055,5.5,7.464925,1.1778000000000004,6.084886396172373,-5.39365940847741,8.67093105899077,Bull,0.9999999999490683,5.207917353550186e-11,1.9634903500453266e-17,1.134193219400546e-18
2022-11-28,18562.75,0.0026972005940332764,13.569999694824219,5.5,7.464925,1.1778000000000004,6.084886396172373,-5.39365940847741,8.67093105899077,Bull,0.9999999999854481,1.594778242541085e-11,6.485256738361798e-18,2.9914970112940873e-19
2022-11-29,18618.05078125,0.0029746977400658824,13.619999885559082,5.5,7.464925,1.1778000000000004,6.084886396172373,-5.39365940847741,8.67093105899077,Bull,0.999999999992724,6.8949635319217165e-12,4.933018921926113e-18,1.7304225340638482e-19
2022-11-30,18758.349609375,0.007507383568474861,13.8100004196167,5.5,7.464925,1.1778000000000004,6.084886396172373,-5.39365940847741,8.67093105899077,Bull,0.999999999992724,5.500742221594703e-12,2.833763940326264e-18,7.877371623176389e-20
2022-12-01,18812.5,0.0028825767148602448,13.359999656677246,5.5,7.357575,0.8995249999999997,5.409730004505708,6.55284005337082,6.123869171885876,Bull,1.0,1.974357886120632e-12,1.0646937271528559e-16,2.4535459654366204e-17
2022-12-02,18696.099609375,-0.006206617442539312,13.449999809265137,5.5,7.357575,0.8995249999999997,5.409730004505708,6.55284005337082,6.123869171885876,Sideways,0.0,0.0013358275739313562,0.004259486937660534,0.9944046854886931
2022-12-05,18701.05078125,0.0002647887259970962,13.729999542236328,5.5,7.357575,0.8995249999999997,5.409730004505708,6.55284005337082,6.123869171885876,Sideways,0.0,0.00018551274951202263,0.0008947839089478356,0.9989197033446039
2022-12-06,18642.75,-0.0031223832280691255,14.039999961853027,5.5,7.357575,0.8995249999999997,5.409730004505708,6.55284005337082,6.123869171885876,Sideways,0.0,2.011603256868741e-05,0.00019315655862135335,0.9997867274080893
2022-12-07,18560.5,-0.004421663914122268,14.079999923706055,5.5,7.357575,0.8995249999999997,5.409730004505708,6.55284005337082,6.123869171885876,Sideways,0.0,3.0282166756315017e-06,3.0484143062149676e-05,0.999966487639024
2022-12-08,18609.349609375,0.0026284549446723396,13.399999618530273,5.5,7.357575,0.8995249999999997,5.409730004505708,6.55284005337082,6.123869171885876,Sideways,0.0,2.7662716600143777e-06,9.140388727802884e-06,0.9999880933373231
2022-12-09,18496.599609375,-0.006077211303593385,13.479999542236328,5.5,7.357575,0.8995249999999997,5.409730004505708,6.55284005337082,6.123869171885876,Sideways,0.0,1.2779473016706896e-06,3.4774924247913196e-06,0.9999952445618259
2022-12-12,18497.150390625,2.977698935843848e-05,13.319999694824219,5.5,7.357575,0.8995249999999997,5.409730004505708,6.55284005337082,6.123869171885876,Sideways,0.0,1.2435993344698426e-06,3.111661084140955e-06,0.9999956447376717
2022-12-13,18608.0,0.005974908495510217,12.880000114440918,5.5,7.357575,0.8995249999999997,5.409730004505708,6.55284005337082,6.123869171885876,Sideways,0.0,1.905231521459895e-06,4.908700490633384e-06,0.9999931860670814
2022-12-14,18660.30078125,0.002806718551028224,12.890000343322754,5.5,7.357575,0.8995249999999997,5.409730004505708,6.55284005337082,6.123869171885876,Sideways,0.0,2.1397976980086344e-06,6.5705567244752596e-06,0.9999912896471054
2022-12-15,18414.900390625,-0.01323817358829901,13.729999542236328,5.5,7.357575,0.8995249999999997,5.409730004505708,6.55284005337082,6.123869171885876,Sideways,0.0,7.458184209661472e-07,2.3890413155232724e-06,0.9999968651367478
2022-12-16,18269.0,-0.007954506384605002,14.069999694824219,5.5,7.357575,0.8995249999999997,5.409730004505708,6.55284005337082,6.123869171885876,Sideways,0.0,4.655703850704432e-07,1.2596990024182468e-06,0.9999982747336947
2022-12-19,18420.44921875,0.008255783729645224,13.550000190734863,5.5,7.357575,0.8995249999999997,5.409730004505708,6.55284005337082,6.123869171885876,Sideways,0.0,7.419454581383584e-07,2.623986809309902e-06,0.999996634067637
2022-12-20,18385.30078125,-0.0019099433205291773,13.779999732971191,5.5,7.357575,0.8995249999999997,5.409730004505708,6.55284005337082,6.123869171885876,Sideways,0.0,6.118563983234484e-07,1.856946778463479e-06,0.9999975311978694
2022-12-21,18199.099609375,-0.01017935391694218,15.5600004196167,5.5,7.357575,0.8995249999999997,5.409730004505708,6.55284005337082,6.123869171885876,Sideways,0.0,3.504829507018159e-07,5.312603837799742e-07,0.9999991182561893
2022-12-22,18127.349609375,-0.0039502948868902,15.1899995803833,5.5,7.357575,0.8995249999999997,5.409730004505708,6.55284005337082,6.123869171885876,Sideways,0.0,2.392262688734485e-07,4.859260455552915e-07,0.9999992748492232
2022-12-23,17806.80078125,-0.01784137526808462,16.15999984741211,5.5,7.357575,0.8995249999999997,5.409730004505708,6.55284005337082,6.123869171885876,Sideways,0.0,2.1742989965464422e-07,8.894243012177633e-08,0.9999996936312997
2022-12-26,18014.599609375,0.01160206785899442,16.15999984741211,5.5,7.357575,0.8995249999999997,5.409730004505708,6.55284005337082,6.123869171885876,Sideways,0.0,2.4305325745213624e-07,2.0051446715440518e-07,0.9999995564358943
2022-12-27,18132.30078125,0.006512402811413872,15.289999961853027,5.5,7.357575,0.8995249999999997,5.409730004505708,6.55284005337082,6.123869171885876,Sideways,0.0,2.7745508055439814e-07,4.468946486725156e-07,0.999999275649578
2022-12-28,18122.5,-0.0005406611691443354,15.399999618530273,5.5,7.357575,0.8995249999999997,5.409730004505708,6.55284005337082,6.123869171885876,Sideways,0.0,2.364454792665022e-07,5.710473842107801e-07,0.9999991925072741
2022-12-29,18191.0,0.0037727060871833766,14.8100004196167,5.5,7.357575,0.8995249999999997,5.409730004505708,6.55284005337082,6.123869171885876,Sideways,0.0,2.7530777329674716e-07,9.555143450399914e-07,0.9999987691779396
2022-12-30,18105.30078125,-0.004722210041123311,14.869999885559082,5.5,7.357575,0.8995249999999997,5.409730004505708,6.55284005337082,6.123869171885876,Sideways,0.0,2.89289431988468e-07,9.956389946630714e-07,0.9999987150739869
2023-01-02,18197.44921875,0.005076675205536103,14.6899995803833,5.5,7.29416,0.90482,5.5023606568293415,3.63689985943032,5.024424284717366,Sideways,0.0,1.689334496230364e-07,1.2773667270494053e-06,0.9999985537007433
2023-01-03,18232.55078125,0.001927069632871597,14.390000343322754,5.5,7.29416,0.90482,5.5023606568293415,3.63689985943032,5.024424284717366,Sideways,0.0,1.627663401008752e-07,1.4950778466935878e-06,0.999998342152604
2023-01-04,18042.94921875,-0.010453517612292944,15.199999809265137,5.5,7.29416,0.90482,5.5023606568293415,3.63689985943032,5.024424284717366,Sideways,0.0,1.0070971400082645e-07,6.50408459791838e-07,0.9999992488813497
2023-01-05,17992.150390625,-0.0028194100932680756,14.979999542236328,5.5,7.29416,0.90482,5.5023606568293415,3.63689985943032,5.024424284717366,Sideways,0.0,8.962093326667178e-08,5.63842050430527e-07,0.9999993465391842
2023-01-06,17859.44921875,-0.0074028372147649955,15.029999732971191,5.5,7.29416,0.90482,5.5023606568293415,3.63689985943032,5.024424284717366,Sideways,0.0,1.7028566045868203e-07,1.1186060142022418e-06,0.9999987111085951
2023-01-09,18101.19921875,0.01344545509952314,14.649999618530273,5.5,7.29416,0.90482,5.5023606568293415,3.63689985943032,5.024424284717366,Sideways,0.0,2.3296358498946188e-07,2.67970368164058e-06,0.9999970873292695
2023-01-10,17914.150390625,-0.010387266093937284,15.510000228881836,5.5,7.29416,0.90482,5.5023606568293415,3.63689985943032,5.024424284717366,Sideways,0.0,1.8923862021573237e-07,9.430474763540842e-07,0.9999988677161171
2023-01-11,17895.69921875,-0.0010305082936186098,15.4399995803833,5.5,7.29416,0.90482,5.5023606568293415,3.63689985943032,5.024424284717366,Sideways,0.0,1.7922014745576928e-07,1.0250621376422203e-06,0.9999987957206007
2023-01-12,17858.19921875,-0.0020976741216788596,15.279999732971191,5.5,7.29416,0.90482,5.5023606568293415,3.63689985943032,5.024424284717366,Sideways,0.0,1.663313426068291e-07,1.3609972627858759e-06,0.9999984726685238
2023-01-13,17956.599609375,0.0054949708747303715,14.460000038146973,5.5,7.29416,0.90482,5.5023606568293415,3.63689985943032,5.024424284717366,Sideways,0.0,2.1677843359611372e-07,2.209380016436153e-06,0.9999975738421526
2023-01-16,17894.849609375,-0.0034447734977776498,15.020000457763672,5.5,7.29416,0.90482,5.5023606568293415,3.63689985943032,5.024424284717366,Sideways,0.0,1.775966526908892e-07,1.401631771922914e-06,0.9999984207691988
2023-01-17,18053.30078125,0.008815596703469526,14.59000015258789,5.5,7.29416,0.90482,5.5023606568293415,3.63689985943032,5.024424284717366,Sideways,0.0,2.6772909341988357e-07,2.9046017859851587e-06,0.9999968276656842
2023-01-18,18165.349609375,0.00618737497867869,14.369999885559082,5.5,7.29416,0.90482,5.5023606568293415,3.63689985943032,5.024424284717366,Sideways,0.0,4.3525418749510175e-07,4.768491929485335e-06,0.9999947962559298
2023-01-19,18107.849609375,-0.0031703874707042848,13.960000038146973,5.5,7.29416,0.90482,5.5023606568293415,3.63689985943032,5.024424284717366,Sideways,0.0,3.912470614290394e-07,3.978293322197117e-06,0.9999956304623051
2023-01-20,18027.650390625,-0.004438812272184146,13.789999961853027,5.5,7.29416,0.90482,5.5023606568293415,3.63689985943032,5.024424284717366,Sideways,0.0,3.440926863059043e-07,3.5070277235206944e-06,0.9999961488794302
2023-01-23,18118.55078125,0.005029606393094338,13.619999885559082,5.5,7.29416,0.90482,5.5023606568293415,3.63689985943032,5.024424284717366,Sideways,0.0,4.312242116721506e-07,4.10981549655887e-06,0.9999954589614722
2023-01-24,18118.30078125,-1.379810823647804e-05,13.65999984741211,5.5,7.29416,0.90482,5.5023606568293415,3.63689985943032,5.024424284717366,Sideways,0.0,2.9189725640219465e-07,4.1938108180590836e-06,0.9999955142948802
2023-01-25,17891.94921875,-0.012571672991636754,14.65999984741211,5.5,7.29416,0.90482,5.5023606568293415,3.63689985943032,5.024424284717366,Sideways,0.0,1.8180363561853234e-07,1.6147204861033524e-06,0.9999982034730913
2023-01-27,17604.349609375,-0.016204838949638832,17.31999969482422,5.5,7.29416,0.90482,5.5023606568293415,3.63689985943032,5.024424284717366,Sideways,0.0,1.853357724851415e-07,2.5885344213468095e-07,0.9999995558101623
2023-01-30,17648.94921875,0.002530238851503625,17.709999084472656,5.5,7.29416,0.90482,5.5023606568293415,3.63689985943032,5.024424284717366,Sideways,0.0,1.6320496743166308e-07,3.487931953805949e-07,0.9999994879982698
2023-01-31,17662.150390625,0.0007477066778470427,16.8799991607666,5.5,7.29416,0.90482,5.5023606568293415,3.63689985943032,5.024424284717366,Sideways,0.0,1.772007060518574e-07,3.673151015818598e-07,0.9999994554820323
2023-02-01,17616.30078125,-0.0025992997802722563,16.780000686645508,5.5,7.39,0.9792499999999995,6.155037139901132,4.16571174338884,4.798331015299007,Sideways,0.0,5.2779192763462586e-08,4.732466214832621e-08,0.9999998998973801
2023-02-02,17610.400390625,-0.00033499535771969267,15.729999542236328,5.5,7.39,0.9792499999999995,6.155037139901132,4.16571174338884,4.798331015299007,Sideways,0.0,4.680000621460073e-08,9.098427103035157e-08,0.9999998622152001
2023-02-03,17854.05078125,0.013740758205234283,14.399999618530273,5.5,7.39,0.9792499999999995,6.155037139901132,4.16571174338884,4.798331015299007,Sideways,0.0,8.555611484567508e-08,2.1143416795796034e-07,0.9999997030100062
2023-02-06,17764.599609375,-0.005022725956678951,14.6899995803833,5.5,7.39,0.9792499999999995,6.155037139901132,4.16571174338884,4.798331015299007,Sideways,0.0,8.248575914423842e-08,3.823469228581501e-07,0.9999995351682799
2023-02-07,17721.5,-0.0024290993398515346,14.130000114440918,5.5,7.39,0.9792499999999995,6.155037139901132,4.16571174338884,4.798331015299007,Sideways,0.0,7.546848201268855e-08,2.5440191672594076e-07,0.999999670129964
2023-02-08,17871.69921875,0.00843982073038998,13.600000381469727,5.5,7.39,0.9792499999999995,6.155037139901132,4.16571174338884,4.798331015299007,Sideways,0.0,1.2468359625776147e-07,3.523602864499879e-07,0.9999995229592288
2023-02-09,17893.44921875,0.0012162679944837883,13.039999961853027,5.5,7.39,0.9792499999999995,6.155037139901132,4.16571174338884,4.798331015299007,Sideways,0.0,1.4559141368257325e-07,2.9504861103064203e-07,0.999999559360828
2023-02-10,17856.5,-0.00206709283308457,12.75,5.5,7.39,0.9792499999999995,6.155037139901132,4.16571174338884,4.798331015299007,Sideways,0.0,9.577435364439165e-08,2.3525759164595482e-07,0.9999996689658113
2023-02-13,17770.900390625,-0.0048052775756446476,13.680000305175781,5.5,7.39,0.9792499999999995,6.155037139901132,4.16571174338884,4.798331015299007,Sideways,0.0,7.787005199822691e-08,2.8335250008256715e-07,0.9999996387778736
2023-02-14,17929.849609375,0.008904589905162998,13.449999809265137,5.5,7.39,0.9792499999999995,6.155037139901132,4.16571174338884,4.798331015299007,Sideways,0.0,1.2594342807478146e-07,4.4639403609713185e-07,0.9999994276660619
2023-02-15,18015.849609375,0.004785004379327248,12.859999656677246,5.5,7.39,0.9792499999999995,6.155037139901132,4.16571174338884,4.798331015299007,Sideways,0.0,1.1876586671504073e-07,3.902074742721573e-07,0.9999994910250666
2023-02-16,18035.849609375,0.00110951785824931,12.890000343322754,5.5,7.39,0.9792499999999995,6.155037139901132,4.16571174338884,4.798331015299007,Sideways,0.0,1.1464015136132852e-07,4.0660288344282065e-07,0.9999994787578084
2023-02-17,17944.19921875,-0.005094522761127012,13.09000015258789,5.5,7.39,0.9792499999999995,6.155037139901132,4.16571174338884,4.798331015299007,Sideways,0.0,9.042122818463909e-08,3.9432803469218074e-07,0.9999995152539933
2023-02-20,17844.599609375,-0.005565979846782634,13.380000114440918,5.5,7.39,0.9792499999999995,6.155037139901132,4.16571174338884,4.798331015299007,Sideways,0.0,8.108383599308016e-08,3.486657340864373e-07,0.9999995702529318
2023-02-21,17826.69921875,-0.0010036299610954843,14.010000228881836,5.5,7.39,0.9792499999999995,6.155037139901132,4.16571174338884,4.798331015299007,Sideways,0.0,6.707258607578307e-08,3.2066504985926576e-07,0.9999996122642939
2023-02-22,17554.30078125,-0.015398310946496917,15.59000015258789,5.5,7.39,0.9792499999999995,6.155037139901132,4.16571174338884,4.798331015299007,Sideways,0.0,7.484860252482532e-08,8.302534164354356e-08,0.9999998421262841
2023-02-23,17511.25,-0.0024554471223785586,15.079999923706055,5.5,7.39,0.9792499999999995,6.155037139901132,4.16571174338884,4.798331015299007,Sideways,0.0,8.198303681307534e-08,9.292553943901531e-08,0.9999998250932702
2023-02-24,17465.80078125,-0.002598803690668268,14.1899995803833,5.5,7.39,0.9792499999999995,6.155037139901132,4.16571174338884,4.798331015299007,Sideways,0.0,8.699826183348974e-08,1.174430036656689e-07,0.9999997955601638
2023-02-27,17392.69921875,-0.004194194796816341,13.880000114440918,5.5,7.39,0.9792499999999995,6.155037139901132,4.16571174338884,4.798331015299007,Sideways,0.0,8.700649372830813e-08,9.860025243525181e-08,0.9999998143903385
2023-02-28,17303.94921875,-0.005115779048087727,14.020000457763672,5.5,7.39,0.9792499999999995,6.155037139901132,4.16571174338884,4.798331015299007,Sideways,0.0,9.753666908964083e-08,7.36469110730696e-08,0.9999998288185599
2023-03-01,17450.900390625,0.008456491641293511,13.0,5.5,7.334525,0.6412000000000004,6.160034853325591,6.14228500787475,3.8540949759118925,Sideways,0.0,1.757481633946811e-07,1.0792096511367121e-06,0.9999987450436182
2023-03-02,17321.900390625,-0.007419626196212839,12.970000267028809,5.5,7.334525,0.6412000000000004,6.160034853325591,6.14228500787475,3.8540949759118925,Sideways,0.0,1.8844079750068927e-07,7.739171809067407e-07,0.9999990376386533
2023-03-03,17594.349609375,0.015606186138582535,12.180000305175781,5.5,7.334525,0.6412000000000004,6.160034853325591,6.14228500787475,3.8540949759118925,Sideways,0.0,2.232817949739379e-07,9.58067298075874e-07,0.9999988186543917
2023-03-06,17711.44921875,0.006633473404126094,12.270000457763672,5.5,7.334525,0.6412000000000004,6.160034853325591,6.14228500787475,3.8540949759118925,Sideways,0.0,1.6485679281592637e-07,5.189668063901344e-07,0.9999993161766334
2023-03-08,17754.400390625,0.0024221155475668,12.449999809265137,5.5,7.334525,0.6412000000000004,6.160034853325591,6.14228500787475,3.8540949759118925,Sideways,0.0,2.5216740881635027e-07,5.767175897280598e-07,0.9999991711159761
2023-03-09,17589.599609375,-0.009325598438082557,12.729999542236328,5.5,7.334525,0.6412000000000004,6.160034853325591,6.14228500787475,3.8540949759118925,Sideways,0.0,1.0508992306966107e-07,4.640195803193239e-07,0.9999994308893093
2023-03-10,17412.900390625,-0.010096462811863625,13.40999984741211,5.5,7.334525,0.6412000000000004,6.160034853325591,6.14228500787475,3.8540949759118925,Sideways,0.0,1.0273404345826056e-07,3.034019787622688e-07,0.9999995938634044
2023-03-13,17154.30078125,-0.014962416687813755,16.219999313354492,5.5,7.334525,0.6412000000000004,6.160034853325591,6.14228500787475,3.8540949759118925,Sideways,0.0,1.246512510231908e-07,5.868364064992509e-08,0.9999998166677128
2023-03-14,17043.30078125,-0.006491706128142258,16.219999313354492,5.5,7.334525,0.6412000000000004,6.160034853325591,6.14228500787475,3.8540949759118925,Sideways,0.0,1.921214336083653e-07,3.586442025010362e-08,0.9999997720151701
2023-03-15,16972.150390625,-0.004183422059139645,16.299999237060547,5.5,7.334525,0.6412000000000004,6.160034853325591,6.14228500787475,3.8540949759118925,Sideways,0.0,2.549440039782295e-07,2.3499337954609185e-08,0.9999997215564168
2023-03-16,16985.599609375,0.0007921148752918237,16.219999313354492,5.5,7.334525,0.6412000000000004,6.160034853325591,6.14228500787475,3.8540949759118925,Sideways,0.0,2.154543691218676e-07,2.9350352784230137e-08,0.9999997551931601
2023-03-17,17100.05078125,0.0067155298897271865,14.770000457763672,5.5,7.334525,0.6412000000000004,6.160034853325591,6.14228500787475,3.8540949759118925,Sideways,0.0,1.4114875294705225e-07,8.211769421752012e-08,0.9999997767299896
2023-03-20,16988.400390625,-0.006550651968001941,16.010000228881836,5.5,7.334525,0.6412000000000004,6.160034853325591,6.14228500787475,3.8540949759118925,Sideways,0.0,1.5422507214838462e-07,6.65133464717978e-08,0.9999997792620222
2023-03-21,17107.5,0.006986182644570191,15.079999923706055,5.5,7.334525,0.6412000000000004,6.160034853325591,6.14228500787475,3.8540949759118925,Sideways,0.0,1.2899830242080317e-07,1.5236491897183e-07,0.9999997186387587
2023-03-22,17151.900390625,0.002592013577443892,14.8100004196167,5.5,7.334525,0.6412000000000004,6.160034853325591,6.14228500787475,3.8540949759118925,Sideways,0.0,1.3350505439892482e-07,1.9867729207644996e-07,0.9999996678162103
2023-03-23,17076.900390625,-0.0043822814890137705,14.489999771118164,5.5,7.334525,0.6412000000000004,6.160034853325591,6.14228500787475,3.8540949759118925,Sideways,0.0,1.2895729481244988e-07,2.2767658582575666e-07,0.9999996433690012
2023-03-24,16945.05078125,-0.007750894050448838,15.239999771118164,5.5,7.334525,0.6412000000000004,6.160034853325591,6.14228500787475,3.8540949759118925,Sideways,0.0,1.4163598238659084e-07,1.3208614456525034e-07,0.999999726278512
2023-03-27,16985.69921875,0.002395965721106003,15.449999809265137,5.5,7.334525,0.6412000000000004,6.160034853325591,6.14228500787475,3.8540949759118925,Sideways,0.0,1.3455495112186068e-07,1.677987529291034e-07,0.9999996976476271
2023-03-28,16951.69921875,-0.0020036899079230227,15.100000381469727,5.5,7.334525,0.6412000000000004,6.160034853325591,6.14228500787475,3.8540949759118925,Sideways,0.0,1.399971638608753e-07,1.5941244119077504e-07,0.9999997005871131
2023-03-29,17080.69921875,0.0075810476927372725,13.630000114440918,5.5,7.334525,0.6412000000000004,6.160034853325591,6.14228500787475,3.8540949759118925,Sideways,0.0,1.3304209653961177e-07,2.350411393490618e-07,0.999999631916648
2023-03-31,17359.75,0.016205182818433635,12.9399995803833,5.5,7.334525,0.6412000000000004,6.160034853325591,6.14228500787475,3.8540949759118925,Sideways,0.0,2.2980301053670304e-07,1.6372258002266133e-06,0.9999981329691913
2023-04-03,17398.05078125,0.002203867672376198,12.59000015258789,5.5,7.36,0.4848250000000007,5.793614547571058,1.86027871209955,1.410342511752849,Sideways,0.0,6.918650386845087e-06,0.00015103751976569205,0.9998420438332095
2023-04-05,17557.05078125,0.00909744726853034,12.40999984741211,5.5,7.36,0.4848250000000007,5.793614547571058,1.86027871209955,1.410342511752849,Sideways,0.0,1.4123063765316773e-05,0.0006217929078508071,0.9993640840271533
2023-04-06,17599.150390625,0.002395004471214228,11.800000190734863,5.5,7.36,0.4848250000000007,5.793614547571058,1.86027871209955,1.410342511752849,Sideways,0.0,3.3432296446977366e-05,0.002429117508318139,0.997537450193524
2023-04-10,17624.05078125,0.0014138632460749291,12.270000457763672,5.5,7.36,0.4848250000000007,5.793614547571058,1.86027871209955,1.410342511752849,Sideways,0.0,5.4758191243154166e-05,0.012786055577542916,0.9871591862284734
2023-04-11,17722.30078125,0.005559286811614234,11.979999542236328,5.5,7.36,0.4848250000000007,5.793614547571058,1.86027871209955,1.410342511752849,Sideways,0.0,5.7879487581580524e-05,0.03736446158251035,0.9625776589330561
2023-04-12,17812.400390625,0.005071088231309614,12.270000457763672,5.5,7.36,0.4848250000000007,5.793614547571058,1.86027871209955,1.410342511752849,Sideways,0.0,9.305022931781407e-05,0.07749980181348999,0.9224071479538154
2023-04-13,17828.0,0.0008753891763391581,11.90999984741211,5.5,7.36,0.4848250000000007,5.793614547571058,1.86027871209955,1.410342511752849,Sideways,0.0,0.00010526097581597179,0.1263076589376758,0.8735870800879203
2023-04-17,17706.849609375,-0.00681870678285114,12.270000457763672,5.5,7.36,0.4848250000000007,5.793614547571058,1.86027871209955,1.410342511752849,Sideways,0.0,7.951504017917708e-05,0.1882489012653851,0.8116715836928741
2023-04-18,17660.150390625,-0.0026408372714739102,12.079999923706055,5.5,7.36,0.4848250000000007,5.793614547571058,1.86027871209955,1.410342511752849,Sideways,0.0,8.135846588125301e-05,0.25326517358208955,0.7466534679524515
2023-04-19,17618.75,-0.0023470351496987078,12.149999618530273,5.5,7.36,0.4848250000000007,5.793614547571058,1.86027871209955,1.410342511752849,Sideways,0.0,7.407583697756976e-05,0.3293993219732897,0.6705266021881613
2023-04-20,17624.44921875,0.00032342232975522987,11.9399995803833,5.5,7.36,0.4848250000000007,5.793614547571058,1.86027871209955,1.410342511752849,Sideways,0.0,7.82111328288039e-05,0.4140901110154282,0.5858316778546319
2023-04-21,17624.05078125,-2.260734499433094e-05,11.630000114440918,5.5,7.36,0.4848250000000007,5.793614547571058,1.86027871209955,1.410342511752849,Sideways,0.0,0.00011288665763232935,0.5165130307970422,0.48337408254374925
2023-04-24,17743.400390625,0.006749146939408538,11.670000076293945,5.5,7.36,0.4848250000000007,5.793614547571058,1.86027871209955,1.410342511752849,HighVol,0.0,9.942761930182236e-05,0.6555978662189983,0.34430270616097125
2023-04-25,17769.25,0.0014557975062981768,11.520000457763672,5.5,7.36,0.4848250000000007,5.793614547571058,1.86027871209955,1.410342511752849,HighVol,0.0,8.425847496835798e-05,0.7747143675484368,0.225201373976843
2023-04-26,17813.599609375,0.002492753268886545,11.649999618530273,5.5,7.36,0.4848250000000007,5.793614547571058,1.86027871209955,1.410342511752849,HighVol,0.0,8.150790060651423e-05,0.8695503895985738,0.13036810250106268
2023-04-27,17915.05078125,0.005678996739265909,11.430000305175781,5.5,7.36,0.4848250000000007,5.793614547571058,1.86027871209955,1.410342511752849,HighVol,0.0,9.68910994608698e-05,0.9344482354179868,0.06545487348152733
2023-04-28,18065.0,0.008335179280697748,10.949999809265137,5.5,7.36,0.4848250000000007,5.793614547571058,1.86027871209955,1.410342511752849,HighVol,0.0,9.688780668326472e-05,0.9758134704010227,0.02408964178935881
2023-05-02,18147.650390625,0.004564732669242972,11.899999618530273,5.5,7.18,0.3679749999999995,5.090099342761301,2.62451307993998,-0.7879185817465606,HighVol,0.0,9.08052198411419e-06,0.9999899105968901,1.008879090951078e-06
2023-05-03,18089.849609375,-0.003190111363585117,11.84000015258789,5.5,7.18,0.3679749999999995,5.090099342761301,2.62451307993998,-0.7879185817465606,HighVol,0.0,7.26823564230121e-07,0.9999992720407057,1.1390051675709605e-09
2023-05-04,18255.80078125,0.009131894646700034,11.729999542236328,5.5,7.18,0.3679749999999995,5.090099342761301,2.62451307993998,-0.7879185817465606,HighVol,0.0,6.1034306423635e-07,0.9999993887760915,8.805695906538985e-10
2023-05-05,18069.0,-0.010285117822267788,12.300000190734863,5.5,7.18,0.3679749999999995,5.090099342761301,2.62451307993998,-0.7879185817465606,HighVol,0.0,2.4568181623404466e-07,0.9999997531922722,1.1285657293671913e-09
2023-05-08,18264.400390625,0.010756068652657526,12.640000343322754,5.5,7.18,0.3679749999999995,5.090099342761301,2.62451307993998,-0.7879185817465606,HighVol,0.0,2.038034615458859e-07,0.9999997954146448,7.823773139528723e-10
2023-05-09,18265.94921875,8.479678637020549e-05,12.680000305175781,5.5,7.18,0.3679749999999995,5.090099342761301,2.62451307993998,-0.7879185817465606,HighVol,0.0,1.1388323449742954e-07,0.9999998858838873,2.36278768564862e-10
2023-05-10,18315.099609375,0.0026872067245805376,13.079999923706055,5.5,7.18,0.3679749999999995,5.090099342761301,2.62451307993998,-0.7879185817465606,HighVol,0.0,1.3588542228143956e-07,0.9999998638813942,2.303423767133133e-10
2023-05-11,18297.0,-0.0009887229108728535,13.220000267028809,5.5,7.18,0.3679749999999995,5.090099342761301,2.62451307993998,-0.7879185817465606,HighVol,0.0,9.248082760810732e-08,0.9999999072824765,2.372397722883782e-10
2023-05-12,18314.80078125,0.0009724068345624825,12.850000381469727,5.5,7.18,0.3679749999999995,5.090099342761301,2.62451307993998,-0.7879185817465606,HighVol,0.0,9.737184364678697e-08,0.9999999024294132,2.0017751138413802e-10
2023-05-15,18398.849609375,0.004578622613795238,13.170000076293945,5.5,7.18,0.3679749999999995,5.090099342761301,2.62451307993998,-0.7879185817465606,HighVol,0.0,8.614820212198075e-08,0.9999999136780426,1.7670846970878154e-10
2023-05-16,18286.5,-0.0061250587396132535,13.289999961853027,5.5,7.18,0.3679749999999995,5.090099342761301,2.62451307993998,-0.7879185817465606,HighVol,0.0,9.545706808143298e-08,0.9999999042920581,2.504199819444076e-10
2023-05-17,18181.75,-0.005744738948538704,13.109999656677246,5.5,7.18,0.3679749999999995,5.090099342761301,2.62451307993998,-0.7879185817465606,HighVol,0.0,9.766983020139523e-08,0.9999999020146836,3.1825922655045106e-10
2023-05-18,18129.94921875,-0.0028531199312594804,12.800000190734863,5.5,7.18,0.3679749999999995,5.090099342761301,2.62451307993998,-0.7879185817465606,HighVol,0.0,1.0130583992036446e-07,0.9999998983548773,3.3738437462864143e-10
2023-05-19,18203.400390625,0.004043187469679982,12.300000190734863,5.5,7.18,0.3679749999999995,5.090099342761301,2.62451307993998,-0.7879185817465606,HighVol,0.0,9.995744807794069e-08,0.9999998997664129,2.7838444550437733e-10
2023-05-22,18314.400390625,0.0060792457091855085,12.569999694824219,5.5,7.18,0.3679749999999995,5.090099342761301,2.62451307993998,-0.7879185817465606,HighVol,0.0,1.0003904303877404e-07,0.9999998997373091,2.2706068316516527e-10
2023-05-23,18348.0,0.0018329197446846867,12.609999656677246,5.5,7.18,0.3679749999999995,5.090099342761301,2.62451307993998,-0.7879185817465606,HighVol,0.0,7.974661718466939e-08,0.9999999200736088,1.8137089202022613e-10
2023-05-24,18285.400390625,-0.003417628155656871,13.109999656677246,5.5,7.18,0.3679749999999995,5.090099342761301,2.62451307993998,-0.7879185817465606,HighVol,0.0,8.11646279710007e-08,0.9999999186184174,2.178170428974234e-10
2023-05-25,18321.150390625,0.0019532029433287895,12.520000457763672,5.5,7.18,0.3679749999999995,5.090099342761301,2.62451307993998,-0.7879185817465606,HighVol,0.0,6.679191318763594e-08,0.9999999330539162,1.5180770782797286e-10
2023-05-26,18499.349609375,0.009679423693686186,11.899999618530273,5.5,7.18,0.3679749999999995,5.090099342761301,2.62451307993998,-0.7879185817465606,HighVol,0.0,9.932026425647412e-08,0.9999999005594923,1.1948247640536518e-10
2023-05-29,18598.650390625,0.005353443226476252,12.300000190734863,5.5,7.18,0.3679749999999995,5.090099342761301,2.62451307993998,-0.7879185817465606,HighVol,0.0,7.748313341232835e-08,0.9999999224382948,8.008340415036195e-11
2023-05-30,18633.849609375,0.0018907797884415813,12.010000228881836,5.5,7.18,0.3679749999999995,5.090099342761301,2.62451307993998,-0.7879185817465606,HighVol,0.0,7.478037977462402e-08,0.9999999251449508,7.206429512302145e-11
2023-05-31,18534.400390625,-0.005351312266430236,11.970000267028809,5.5,7.18,0.3679749999999995,5.090099342761301,2.62451307993998,-0.7879185817465606,HighVol,0.0,7.019608053469887e-08,0.9999999296997,1.0502845483466539e-10
2023-06-01,18487.75,-0.0025201353688439534,11.600000381469727,5.5,7.0125,0.14915000000000056,4.418653739261358,5.40107025674972,-3.612903225806452,HighVol,0.0,2.5547000374919223e-08,0.9999999744541131,2.2898816908423104e-19
2023-06-02,18534.099609375,0.002503906967370625,11.130000114440918,5.5,7.0125,0.14915000000000056,4.418653739261358,5.40107025674972,-3.612903225806452,HighVol,0.0,3.405176524670997e-08,0.9999999659485189,2.489015358695773e-19
2023-06-05,18593.849609375,0.0032186023111129003,11.140000343322754,5.5,7.0125,0.14915000000000056,4.418653739261358,5.40107025674972,-3.612903225806452,HighVol,0.0,2.127616457080716e-08,0.9999999787251002,1.5497678984897757e-19
2023-06-06,18599.0,0.00027695595857881204,11.380000114440918,5.5,7.0125,0.14915000000000056,4.418653739261358,5.40107025674972,-3.612903225806452,HighVol,0.0,1.6871529887146236e-08,0.9999999831270544,1.2549216825523214e-19
2023-06-07,18726.400390625,0.006826497990157328,11.4399995803833,5.5,7.0125,0.14915000000000056,4.418653739261358,5.40107025674972,-3.612903225806452,HighVol,0.0,1.7445714796304433e-08,0.9999999825522538,4.86375544895423e-20
2023-06-08,18634.55078125,-0.004916887367083021,11.260000228881836,5.5,7.0125,0.14915000000000056,4.418653739261358,5.40107025674972,-3.612903225806452,HighVol,0.0,1.4434374390181287e-08,0.9999999855645002,6.478052383522609e-20
2023-06-09,18563.400390625,-0.003825505177262602,11.119999885559082,5.5,7.0125,0.14915000000000056,4.418653739261358,5.40107025674972,-3.612903225806452,HighVol,0.0,1.0877474472929736e-08,0.9999999891224435,7.4181008576991e-20
2023-06-12,18601.5,0.0020503013499982166,11.25,5.5,7.0125,0.14915000000000056,4.418653739261358,5.40107025674972,-3.612903225806452,HighVol,0.0,5.446367202685176e-09,0.9999999945503077,3.118684880097811e-20
2023-06-13,18716.150390625,0.00614458574708609,11.109999656677246,5.5,7.0125,0.14915000000000056,4.418653739261358,5.40107025674972,-3.612903225806452,HighVol,0.0,6.1470538292997044e-09,0.9999999938518158,1.5409945776779762e-20
2023-06-14,18755.900390625,0.002121582036807868,11.15999984741211,5.5,7.0125,0.14915000000000056,4.418653739261358,5.40107025674972,-3.612903225806452,HighVol,0.0,5.9996881235008925e-09,0.999999993997335,1.0321521479837054e-20
2023-06-15,18688.099609375,-0.0036214536561356998,11.079999923706055,5.5,7.0125,0.14915000000000056,4.418653739261358,5.40107025674972,-3.612903225806452,HighVol,0.0,6.876082809315063e-07,0.999999312393138,1.1105728561426402e-18
2023-06-16,18826.0,0.007351956368470602,10.84000015258789,5.5,7.0125,0.14915000000000056,4.418653739261358,5.40107025674972,-3.612903225806452,Bull,0.9999999999854481,3.379984009200725e-15,1.1358501667372952e-11,1.8140901629229276e-34
2023-06-19,18755.44921875,-0.003754557931873424,11.229999542236328,5.5,7.0125,0.14915000000000056,4.418653739261358,5.40107025674972,-3.612903225806452,Bull,0.0,3.641132413264544e-07,0.9999996358893194,5.336939248742156e-19
2023-06-20,18816.69921875,0.0032603966930515953,11.130000114440918,5.5,7.0125,0.14915000000000056,4.418653739261358,5.40107025674972,-3.612903225806452,Bull,0.0,5.051867304091844e-07,0.9999994948158385,3.8363902994051376e-19
2023-06-21,18856.849609375,0.0021314905059401927,11.289999961853027,5.5,7.0125,0.14915000000000056,4.418653739261358,5.40107025674972,-3.612903225806452,Bull,0.9999999999563443,5.410243635513153e-15,4.442355637425317e-11,3.6216197538945734e-34
2023-06-22,18771.25,-0.004549778379793411,11.550000190734863,5.5,7.0125,0.14915000000000056,4.418653739261358,5.40107025674972,-3.612903225806452,Bull,0.0,2.6416116094323623e-07,0.9999997358391177,4.55684852412236e-19
2023-06-23,18665.5,-0.005649543898520234,11.239999771118164,5.5,7.0125,0.14915000000000056,4.418653739261358,5.40107025674972,-3.612903225806452,HighVol,0.0,2.5606528788361125e-09,0.9999999974388629,1.188012463452281e-20
2023-06-26,18691.19921875,0.0013758829522746805,11.399999618530273,5.5,7.0125,0.14915000000000056,4.418653739261358,5.40107025674972,-3.612903225806452,HighVol,0.0,2.2175789994504016e-09,0.9999999977808329,1.0040212136628055e-20
2023-06-27,18817.400390625,0.006729211402828641,10.779999732971191,5.5,7.0125,0.14915000000000056,4.418653739261358,5.40107025674972,-3.612903225806452,HighVol,0.0,3.072366003611397e-07,0.999999692765461,4.0495485990881094e-19
2023-06-28,18972.099609375,0.008187463868637099,10.890000343322754,5.5,7.0125,0.14915000000000056,4.418653739261358,5.40107025674972,-3.612903225806452,HighVol,1.0,7.284211437302917e-15,7.231685275105323e-13,3.0252944421771588e-34
2023-06-30,19189.05078125,0.011370386219451868,10.800000190734863,5.5,7.0125,0.14915000000000056,4.418653739261358,5.40107025674972,-3.612903225806452,HighVol,1.0,1.3628814990175184e-15,1.796443494636069e-15,7.567363583311054e-36
2023-07-03,19322.55078125,0.006933003527425256,11.539999961853027,5.5,7.054,0.2901800000000003,5.572774774951994,2.85302772462239,-4.182754182754178,Bull,1.0,1.53721725470196e-12,2.74738120670678e-23,2.811747454569061e-54
2023-07-04,19389.0,0.0034330468644171055,11.699999809265137,5.5,7.054,0.2901800000000003,5.572774774951994,2.85302772462239,-4.182754182754178,Bull,1.0,8.570946314011642e-13,2.328802837906264e-23,7.997404010508062e-55
2023-07-05,19398.5,0.0004898485434720244,11.880000114440918,5.5,7.054,0.2901800000000003,5.572774774951994,2.85302772462239,-4.182754182754178,Bull,1.0,6.599540648574249e-13,2.545385898209548e-23,8.206052887466446e-55
2023-07-06,19497.30078125,0.005080291021865595,11.84000015258789,5.5,7.054,0.2901800000000003,5.572774774951994,2.85302772462239,-4.182754182754178,Bull,0.9999999998981366,1.0223339693181476e-10,1.501421743305082e-23,1.3787473051126832e-54
2023-07-07,19331.80078125,-0.008524585713268293,11.529999732971191,5.5,7.054,0.2901800000000003,5.572774774951994,2.85302772462239,-4.182754182754178,Bull,0.0,0.9999999924839358,7.519282399234057e-09,2.923282781503858e-36
2023-07-10,19355.900390625,0.0012458539412885826,11.460000038146973,5.5,7.054,0.2901800000000003,5.572774774951994,2.85302772462239,-4.182754182754178,Bear,0.0,0.9999999999854481,1.273751933491951e-11,3.8497398515325216e-38
2023-07-11,19439.400390625,0.004304651710725516,11.010000228881836,5.5,7.054,0.2901800000000003,5.572774774951994,2.85302772462239,-4.182754182754178,Bear,0.0,0.999999999992724,1.0095711314910225e-11,2.3020207914002769e-38
2023-07-12,19384.30078125,-0.00283845407345589,10.9399995803833,5.5,7.054,0.2901800000000003,5.572774774951994,2.85302772462239,-4.182754182754178,Bear,0.0,0.9999999999854481,1.7774747128013393e-11,2.6301364926424144e-38
2023-07-13,19413.75,0.0015180775225879406,10.9399995803833,5.5,7.054,0.2901800000000003,5.572774774951994,2.85302772462239,-4.182754182754178,Bear,0.0,0.9999999940264388,5.975359149794793e-09,2.28685516755128e-36
2023-07-14,19564.5,0.007735121594226721,10.680000305175781,5.5,7.054,0.2901800000000003,5.572774774951994,2.85302772462239,-4.182754182754178,Bear,0.9999999997962732,2.03185253781481e-10,2.2560924629281835e-23,1.0941249512088257e-53
2023-07-17,19711.44921875,0.007482946045497489,11.319999694824219,5.5,7.054,0.2901800000000003,5.572774774951994,2.85302772462239,-4.182754182754178,Bull,1.0,1.8200008257399397e-12,5.745850335819577e-23,1.2442665954811847e-53
2023-07-18,19749.25,0.0019158704007220429,11.710000038146973,5.5,7.054,0.2901800000000003,5.572774774951994,2.85302772462239,-4.182754182754178,Bull,1.0,1.5505008667350216e-12,5.437284828174485e-23,1.0727523968315208e-53
2023-07-19,19833.150390625,0.00423928389630214,11.600000381469727,5.5,7.054,0.2901800000000003,5.572774774951994,2.85302772462239,-4.182754182754178,Bull,1.0,1.2284931922607184e-12,3.198464253395441e-23,4.814690965400534e-54
2023-07-20,19979.150390625,0.007334449485705515,11.789999961853027,5.5,7.054,0.2901800000000003,5.572774774951994,2.85302772462239,-4.182754182754178,Bull,0.9999999997526174,2.4592893104076086e-10,1.0173658616598377e-23,5.326263895296662e-54
2023-07-21,19745.0,-0.011788954585924888,11.489999771118164,5.5,7.054,0.2901800000000003,5.572774774951994,2.85302772462239,-4.182754182754178,Bull,0.0,0.9999999978463165,2.15380146307221e-09,6.336262621714792e-36
2023-07-24,19672.349609375,-0.0036862180542648424,11.649999618530273,5.5,7.054,0.2901800000000003,5.572774774951994,2.85302772462239,-4.182754182754178,Bear,0.0,0.999999999992724,5.5644841591451175e-12,7.497120675664857e-38
2023-07-25,19680.599609375,0.00041928243166748923,10.239999771118164,5.5,7.054,0.2901800000000003,5.572774774951994,2.85302772462239,-4.182754182754178,Bear,0.0,0.999999999992724,3.99928987112467e-12,6.2583442719071e-38
2023-07-26,19778.30078125,0.0049520574860006375,10.460000038146973,5.5,7.054,0.2901800000000003,5.572774774951994,2.85302772462239,-4.182754182754178,Bear,0.0,0.999999999992724,4.390465651288795e-12,4.576583952431343e-38
2023-07-27,19659.900390625,-0.006004368496797154,10.510000228881836,5.5,7.054,0.2901800000000003,5.572774774951994,2.85302772462239,-4.182754182754178,Bear,0.0,1.0,3.161637362195555e-12,7.716204780163889e-38
2023-07-28,19646.05078125,-0.0007047080421790248,10.140000343322754,5.5,7.054,0.2901800000000003,5.572774774951994,2.85302772462239,-4.182754182754178,Bear,0.0,0.999999999992724,4.015151089298482e-12,7.390452660416493e-38
2023-07-31,19753.80078125,0.005469577389253641,10.40999984741211,5.5,7.054,0.2901800000000003,5.572774774951994,2.85302772462239,-4.182754182754178,Bear,0.0,0.9999997084815248,2.9151711926613493e-07,6.432166475139138e-36
2023-08-01,19733.55078125,-0.0010256449710540406,10.279999732971191,5.5,7.1125,0.38907500000000006,7.54430241771511,4.46642832269215,-1.2337662337662425,HighVol,0.0,0.0004910066518638272,0.9995089897207734,3.630558566008194e-09
2023-08-02,19526.55078125,-0.010545154493387934,11.279999732971191,5.5,7.1125,0.38907500000000006,7.54430241771511,4.46642832269215,-1.2337662337662425,HighVol,0.0,5.952081112380966e-07,0.9999994045285302,2.667498756862224e-10
2023-08-03,19381.650390625,-0.007448355676119346,11.1899995803833,5.5,7.1125,0.38907500000000006,7.54430241771511,4.46642832269215,-1.2337662337662425,HighVol,0.0,5.960836814534454e-08,0.9999999396532093,7.37859641597822e-10
2023-08-04,19517.0,0.006959118337332752,10.569999694824219,5.5,7.1125,0.38907500000000006,7.54430241771511,4.46642832269215,-1.2337662337662425,HighVol,0.0,4.597650303793149e-08,0.9999999535793915,4.4706575344134766e-10
2023-08-07,19597.30078125,0.004105960861445235,11.100000381469727,5.5,7.1125,0.38907500000000006,7.54430241771511,4.46642832269215,-1.2337662337662425,HighVol,0.0,4.188954939091283e-08,0.999999957755791,3.5558688719187176e-10
2023-08-08,19570.849609375,-0.0013506471779916257,11.329999923706055,5.5,7.1125,0.38907500000000006,7.54430241771511,4.46642832269215,-1.2337662337662425,HighVol,0.0,4.821916264209407e-08,0.9999999511419458,6.386681896744783e-10
2023-08-09,19632.55078125,0.0031477485221408875,11.140000343322754,5.5,7.1125,0.38907500000000006,7.54430241771511,4.46642832269215,-1.2337662337662425,HighVol,0.0,3.4944655687466504e-08,0.999999964755262,3.0331197345990635e-10
2023-08-10,19543.099609375,-0.004566679886024027,11.399999618530273,5.5,7.1125,0.38907500000000006,7.54430241771511,4.46642832269215,-1.2337662337662425,HighVol,0.0,3.810665047532563e-08,0.9999999614883571,4.073969033538107e-10
2023-08-11,19428.30078125,-0.005891456761763215,11.520000457763672,5.5,7.1125,0.38907500000000006,7.54430241771511,4.46642832269215,-1.2337662337662425,HighVol,0.0,5.013160106190681e-08,0.9999999489373308,9.312822472727847e-10
2023-08-14,19434.55078125,0.0003216439248586792,12.0,5.5,7.1125,0.38907500000000006,7.54430241771511,4.46642832269215,-1.2337662337662425,HighVol,0.0,5.3859241240051434e-08,0.9999999451029014,1.035101349139541e-09
2023-08-16,19465.0,0.0015655309306883672,12.130000114440918,5.5,7.1125,0.38907500000000006,7.54430241771511,4.46642832269215,-1.2337662337662425,HighVol,0.0,4.519880898818055e-08,0.999999954015949,7.853467474310477e-10
2023-08-17,19365.25,-0.005137758290060533,12.239999771118164,5.5,7.1125,0.38907500000000006,7.54430241771511,4.46642832269215,-1.2337662337662425,HighVol,0.0,7.538373593528207e-08,0.9999999228457485,1.7668961707282402e-09
2023-08-18,19310.150390625,-0.0028493381372506382,12.140000343322754,5.5,7.1125,0.38907500000000006,7.54430241771511,4.46642832269215,-1.2337662337662425,HighVol,0.0,7.536331561381938e-08,0.9999999226929533,1.9458042431867657e-09
2023-08-21,19393.599609375,0.0043122099570484,11.960000038146973,5.5,7.1125,0.38907500000000006,7.54430241771511,4.46642832269215,-1.2337662337662425,HighVol,0.0,4.5639307607505825e-08,0.9999999533392849,1.019711538022638e-09
2023-08-22,19396.44921875,0.00014692476375842436,11.75,5.5,7.1125,0.38907500000000006,7.54430241771511,4.46642832269215,-1.2337662337662425,HighVol,0.0,3.019447232705344e-08,0.9999999692663555,5.395037538093416e-10
2023-08-23,19444.0,0.0024485198272942723,11.729999542236328,5.5,7.1125,0.38907500000000006,7.54430241771511,4.46642832269215,-1.2337662337662425,HighVol,0.0,2.545336695209466e-08,0.9999999741703508,3.7277072728836546e-10
2023-08-24,19386.69921875,-0.0029513155310064644,11.699999809265137,5.5,7.1125,0.38907500000000006,7.54430241771511,4.46642832269215,-1.2337662337662425,HighVol,0.0,3.015450960545628e-08,0.9999999693318391,5.133466383594207e-10
2023-08-25,19265.80078125,-0.0062556798015631025,12.079999923706055,5.5,7.1125,0.38907500000000006,7.54430241771511,4.46642832269215,-1.2337662337662425,HighVol,0.0,3.671626856169214e-08,0.9999999623978517,8.876433812477527e-10
2023-08-28,19306.05078125,0.0020870149074536447,12.399999618530273,5.5,7.1125,0.38907500000000006,7.54430241771511,4.46642832269215,-1.2337662337662425,HighVol,0.0,3.4018149822131295e-08,0.9999999652136472,7.711637449780948e-10
2023-08-29,19342.650390625,0.0018939637920959618,12.229999542236328,5.5,7.1125,0.38907500000000006,7.54430241771511,4.46642832269215,-1.2337662337662425,HighVol,0.0,3.269555002295909e-08,0.9999999666324589,6.716354193007253e-10
2023-08-30,19347.44921875,0.00024806491573087567,11.800000190734863,5.5,7.1125,0.38907500000000006,7.54430241771511,4.46642832269215,-1.2337662337662425,HighVol,0.0,3.071389254589513e-08,0.9999999686915548,5.92260122445928e-10
2023-08-31,19253.80078125,-0.004852103039648143,12.0600004196167,5.5,7.1125,0.38907500000000006,7.54430241771511,4.46642832269215,-1.2337662337662425,HighVol,0.0,3.748087851965329e-08,0.9999999615538407,9.681256115818263e-10
2023-09-01,19435.30078125,0.009382556025202547,11.369999885559082,5.5,7.185,0.38437499999999947,6.912412198882967,11.8709132182268,-0.4569190600522077,HighVol,0.0,1.274667578234904e-07,0.9999998698913344,2.6430595082937285e-09
2023-09-04,19528.80078125,0.004799298621963187,10.960000038146973,5.5,7.185,0.38437499999999947,6.912412198882967,11.8709132182268,-0.4569190600522077,HighVol,0.0,1.4671152330503034e-07,0.9999998510975385,2.1886535330582407e-09
2023-09-05,19574.900390625,0.002357814188949651,10.819999694824219,5.5,7.185,0.38437499999999947,6.912412198882967,11.8709132182268,-0.4569190600522077,HighVol,0.0,1.4596040950107432e-07,0.9999998521307243,1.907907831845927e-09
2023-09-06,19611.05078125,0.0018450694598145603,10.680000305175781,5.5,7.185,0.38437499999999947,6.912412198882967,11.8709132182268,-0.4569190600522077,HighVol,0.0,1.6384619173240327e-07,0.9999998345520135,1.6022442375584237e-09
2023-09-07,19727.05078125,0.005897607236551244,10.869999885559082,5.5,7.185,0.38437499999999947,6.912412198882967,11.8709132182268,-0.4569190600522077,HighVol,0.0,5.272030555501016e-07,0.9999994716419255,1.1579218245928648e-09
2023-09-08,19819.94921875,0.004698136818212182,10.779999732971191,5.5,7.185,0.38437499999999947,6.912412198882967,11.8709132182268,-0.4569190600522077,HighVol,0.0,2.844818208338532e-05,0.9999714929570186,5.886388648475793e-08
2023-09-11,19996.349609375,0.008860770587058942,11.350000381469727,5.5,7.185,0.38437499999999947,6.912412198882967,11.8709132182268,-0.4569190600522077,Bull,1.0,1.583313328612905e-14,5.036152201721238e-13,4.0519555605251875e-25
2023-09-12,19993.19921875,-0.00015756069892455075,11.6899995803833,5.5,7.185,0.38437499999999947,6.912412198882967,11.8709132182268,-0.4569190600522077,Bull,0.0,0.0028293155303243263,0.9971693566908744,1.3277815688336383e-06
2023-09-13,20070.0,0.003833986143147051,11.829999923706055,5.5,7.185,0.38437499999999947,6.912412198882967,11.8709132182268,-0.4569190600522077,Bull,1.0,2.8581765312206875e-14,1.446882981452059e-14,4.811734637438022e-25
2023-09-14,20103.099609375,0.0016478497893743786,11.319999694824219,5.5,7.185,0.38437499999999947,6.912412198882967,11.8709132182268,-0.4569190600522077,Bull,1.0,3.8256390905237875e-14,5.188901832846252e-16,8.434077390192014e-25
2023-09-15,20192.349609375,0.004429787863222843,10.899999618530273,5.5,7.185,0.38437499999999947,6.912412198882967,11.8709132182268,-0.4569190600522077,Bull,1.0,1.3091659737085631e-14,1.5002772743896646e-14,3.7108086174007063e-25
2023-09-18,20133.30078125,-0.0029286010148227575,10.84000015258789,5.5,7.185,0.38437499999999947,6.912412198882967,11.8709132182268,-0.4569190600522077,HighVol,0.0,1.3842941663566725e-05,0.999986139855183,1.719966396037346e-08
2023-09-20,19901.400390625,-0.011585098803333688,11.130000114440918,5.5,7.185,0.38437499999999947,6.912412198882967,11.8709132182268,-0.4569190600522077,HighVol,0.0,2.382527209352425e-07,0.9999997602572254,1.4905528828125665e-09
2023-09-21,19742.349609375,-0.00802404589005525,10.819999694824219,5.5,7.185,0.38437499999999947,6.912412198882967,11.8709132182268,-0.4569190600522077,HighVol,0.0,2.310959618673523e-07,0.9999997650157005,3.891769618697941e-09
2023-09-22,19674.25,-0.0034553806166447805,10.65999984741211,5.5,7.185,0.38437499999999947,6.912412198882967,11.8709132182268,-0.4569190600522077,HighVol,0.0,2.792383990266136e-07,0.9999997155392015,5.223207027784081e-09
2023-09-25,19674.55078125,1.5287950028248088e-05,10.899999618530273,5.5,7.185,0.38437499999999947,6.912412198882967,11.8709132182268,-0.4569190600522077,HighVol,0.0,2.9163160042739615e-07,0.999999703693946,4.671384028710965e-09
2023-09-26,19664.69921875,-0.0005008515772894238,11.1899995803833,5.5,7.185,0.38437499999999947,6.912412198882967,11.8709132182268,-0.4569190600522077,HighVol,0.0,1.5431602296888784e-07,0.9999998433850246,2.2985783865664678e-09
2023-09-27,19716.44921875,0.002628162551917123,11.59000015258789,5.5,7.185,0.38437499999999947,6.912412198882967,11.8709132182268,-0.4569190600522077,HighVol,0.0,8.230190109629113e-08,0.9999999165957013,1.1017283743647302e-09
2023-09-28,19523.55078125,-0.009831803841213342,12.819999694824219,5.5,7.185,0.38437499999999947,6.912412198882967,11.8709132182268,-0.4569190600522077,HighVol,0.0,1.6424192046993546e-07,0.9999998301064041,5.650933484538198e-09
2023-09-29,19638.30078125,0.005860311697675281,11.449999809265137,5.5,7.185,0.38437499999999947,6.912412198882967,11.8709132182268,-0.4569190600522077,HighVol,0.0,1.3295868919226833e-07,0.9999998641433286,2.900767378278733e-09
2023-10-03,19528.75,-0.005594042173129665,11.789999961853027,5.5,7.172,0.33407999999999927,4.722001975652046,7.34344959415765,-0.06583278472679366,HighVol,0.0,3.5284081381455428e-09,0.999999996391125,7.916843344949921e-11
2023-10-04,19436.099609375,-0.004755597219883326,11.65999984741211,5.5,7.172,0.33407999999999927,4.722001975652046,7.34344959415765,-0.06583278472679366,HighVol,0.0,3.679598804912238e-09,0.999999996231054,9.114296296771573e-11
2023-10-05,19545.75,0.005625729970019748,10.9399995803833,5.5,7.172,0.33407999999999927,4.722001975652046,7.34344959415765,-0.06583278472679366,HighVol,0.0,3.7506491577554095e-09,0.9999999961728463,7.617859445774473e-11
2023-10-06,19653.5,0.005497568008546022,10.300000190734863,5.5,7.172,0.33407999999999927,4.722001975652046,7.34344959415765,-0.06583278472679366,HighVol,0.0,4.683140650921035e-09,0.9999999952560756,6.25493859024794e-11
2023-10-09,19512.349609375,-0.007207861089913015,11.399999618530273,5.5,7.172,0.33407999999999927,4.722001975652046,7.34344959415765,-0.06583278472679366,HighVol,0.0,4.4006902268547425e-09,0.9999999954889063,1.1138810721153702e-10
2023-10-10,19689.849609375,0.0090556762901256,11.270000457763672,5.5,7.172,0.33407999999999927,4.722001975652046,7.34344959415765,-0.06583278472679366,HighVol,0.0,3.1930983597818905e-09,0.9999999967840267,2.6394976585374467e-11
2023-10-11,19811.349609375,0.00615173136873013,10.989999771118164,5.5,7.172,0.33407999999999927,4.722001975652046,7.34344959415765,-0.06583278472679366,HighVol,0.0,5.128813254144479e-09,0.999999994848622,2.0782517940228886e-11
2023-10-12,19794.0,-0.0008761245971014768,10.619999885559082,5.5,7.172,0.33407999999999927,4.722001975652046,7.34344959415765,-0.06583278472679366,HighVol,0.0,3.936322565234203e-09,0.9999999960418791,2.1054466136057472e-11
2023-10-13,19751.05078125,-0.002172167428733089,10.619999885559082,5.5,7.172,0.33407999999999927,4.722001975652046,7.34344959415765,-0.06583278472679366,HighVol,0.0,3.324155037662301e-09,0.9999999966530595,2.4939585398688534e-11
2023-10-16,19731.75,-0.0009776805295215437,11.069999694824219,5.5,7.172,0.33407999999999927,4.722001975652046,7.34344959415765,-0.06583278472679366,HighVol,0.0,3.2844984807280557e-09,0.9999999966894393,2.2828218435018506e-11
2023-10-17,19811.5,0.004033563661320618,10.699999809265137,5.5,7.172,0.33407999999999927,4.722001975652046,7.34344959415765,-0.06583278472679366,HighVol,0.0,2.677577789201371e-09,0.9999999973078957,1.6327253544950253e-11
2023-10-18,19671.099609375,-0.007112043473065063,10.970000267028809,5.5,7.172,0.33407999999999927,4.722001975652046,7.34344959415765,-0.06583278472679366,HighVol,0.0,1.9097244171402966e-09,0.9999999980718712,1.608889692592538e-11
2023-10-19,19624.69921875,-0.002361596586600212,10.899999618530273,5.5,7.172,0.33407999999999927,4.722001975652046,7.34344959415765,-0.06583278472679366,HighVol,0.0,1.709004553784811e-09,0.999999998275598,1.48619427163398e-11
2023-10-20,19542.650390625,-0.004189660467809165,10.819999694824219,5.5,7.172,0.33407999999999927,4.722001975652046,7.34344959415765,-0.06583278472679366,HighVol,0.0,1.996191067339334e-09,0.9999999979845597,2.0849634241625108e-11
2023-10-23,19281.75,-0.01344022395196905,10.90999984741211,5.5,7.172,0.33407999999999927,4.722001975652046,7.34344959415765,-0.06583278472679366,HighVol,0.0,6.879056968040697e-09,0.9999999929932528,1.2511567648547397e-10
2023-10-25,19122.150390625,-0.008311683270009834,11.3100004196167,5.5,7.172,0.33407999999999927,4.722001975652046,7.34344959415765,-0.06583278472679366,HighVol,0.0,1.673272720611153e-08,0.9999999829888112,2.8090376003720326e-10
2023-10-26,18857.25,-0.013949914095014037,11.729999542236328,5.5,7.172,0.33407999999999927,4.722001975652046,7.34344959415765,-0.06583278472679366,HighVol,0.0,6.475781236034983e-08,0.9999999341889656,1.0540923548661083e-09
2023-10-27,19047.25,0.010025278863763394,10.90999984741211,5.5,7.172,0.33407999999999927,4.722001975652046,7.34344959415765,-0.06583278472679366,HighVol,0.0,2.8825111491900465e-08,0.9999999705905798,5.829298319614677e-10
2023-10-30,19140.900390625,0.004904693073893485,11.489999771118164,5.5,7.172,0.33407999999999927,4.722001975652046,7.34344959415765,-0.06583278472679366,HighVol,0.0,1.3028793063962722e-08,0.9999999866413419,3.2639673958202247e-10
2023-10-31,19079.599609375,-0.003207746304394414,11.829999923706055,5.5,7.172,0.33407999999999927,4.722001975652046,7.34344959415765,-0.06583278472679366,HighVol,0.0,1.1073096705655861e-08,0.9999999886204024,3.077392944453558e-10
2023-11-01,18989.150390625,-0.004751896973195711,12.050000190734863,5.5,7.35,0.45644999999999936,4.452841148844522,12.1938328358572,-0.2616088947024253,HighVol,0.0,5.723667777895248e-08,0.999999941930584,8.346539435993063e-10
2023-11-02,19133.25,0.007559875254064636,11.079999923706055,5.5,7.35,0.45644999999999936,4.452841148844522,12.1938328358572,-0.2616088947024253,HighVol,0.0,4.834310142221099e-08,0.9999999512292573,4.310236699900016e-10
2023-11-03,19230.599609375,0.005075080802081226,10.880000114440918,5.5,7.35,0.45644999999999936,4.452841148844522,12.1938328358572,-0.2616088947024253,HighVol,0.0,3.766705313090233e-08,0.9999999619612944,3.749463664238144e-10
2023-11-06,19411.75,0.009375812778954773,11.109999656677246,5.5,7.35,0.45644999999999936,4.452841148844522,12.1938328358572,-0.2616088947024253,HighVol,0.0,3.9360120887847655e-08,0.9999999603387558,3.0278732083675337e-10
2023-11-07,19406.69921875,-0.0002602258142791332,11.1899995803833,5.5,7.35,0.45644999999999936,4.452841148844522,12.1938328358572,-0.2616088947024253,HighVol,0.0,4.763636045565367e-08,0.9999999519641289,3.998398983178081e-10
2023-11-08,19443.5,0.0018944969651071763,11.039999961853027,5.5,7.35,0.45644999999999936,4.452841148844522,12.1938328358572,-0.2616088947024253,HighVol,0.0,7.083461118092246e-08,0.9999999287392737,4.2306636722207974e-10
2023-11-09,19395.30078125,-0.0024820150223140987,10.979999542236328,5.5,7.35,0.45644999999999936,4.452841148844522,12.1938328358572,-0.2616088947024253,HighVol,0.0,4.608757479740117e-08,0.9999999534411483,4.720674322537228e-10
2023-11-10,19425.349609375,0.0015480850435944918,11.109999656677246,5.5,7.35,0.45644999999999936,4.452841148844522,12.1938328358572,-0.2616088947024253,HighVol,0.0,3.792703658113491e-08,0.9999999616484282,4.245854430617863e-10
2023-11-13,19443.55078125,0.0009365417093074231,11.1899995803833,5.5,7.35,0.45644999999999936,4.452841148844522,12.1938328358572,-0.2616088947024253,HighVol,0.0,3.09225130161412e-08,0.9999999686770029,4.027341684646607e-10
2023-11-15,19675.44921875,0.011856190289938534,11.140000343322754,5.5,7.35,0.45644999999999936,4.452841148844522,12.1938328358572,-0.2616088947024253,HighVol,0.0,3.677819991693064e-08,0.9999999629872043,2.361250465847981e-10
2023-11-16,19765.19921875,0.004551150068331243,11.649999618530273,5.5,7.35,0.45644999999999936,4.452841148844522,12.1938328358572,-0.2616088947024253,HighVol,0.0,4.007887961166912e-08,0.9999999597202994,1.972062337534479e-10
2023-11-17,19731.80078125,-0.0016911889743673853,11.829999923706055,5.5,7.35,0.45644999999999936,4.452841148844522,12.1938328358572,-0.2616088947024253,HighVol,0.0,4.2103663211471966e-08,0.9999999576903074,2.0413596336534167e-10
2023-11-20,19694.0,-0.0019175662679732529,12.149999618530273,5.5,7.35,0.45644999999999936,4.452841148844522,12.1938328358572,-0.2616088947024253,HighVol,0.0,3.833112548192824e-08,0.9999999614301495,2.395431245691657e-10
2023-11-21,19783.400390625,0.004529201141300913,12.229999542236328,5.5,7.35,0.45644999999999936,4.452841148844522,12.1938328358572,-0.2616088947024253,HighVol,0.0,4.876608722372208e-08,0.9999999510473584,1.8914407313888716e-10
2023-11-22,19811.849609375,0.0014370018446946907,11.869999885559082,5.5,7.35,0.45644999999999936,4.452841148844522,12.1938328358572,-0.2616088947024253,HighVol,0.0,4.1489904387906215e-08,0.9999999583524195,1.5666001956034414e-10
2023-11-23,19802.0,-0.0004972811112830416,11.319999694824219,5.5,7.35,0.45644999999999936,4.452841148844522,12.1938328358572,-0.2616088947024253,HighVol,0.0,4.5390747376577535e-08,0.9999999544525063,1.5745312305581144e-10
2023-11-24,19794.69921875,-0.0003687570669664962,11.329999923706055,5.5,7.35,0.45644999999999936,4.452841148844522,12.1938328358572,-0.2616088947024253,HighVol,0.0,7.224128297997593e-08,0.9999999275751206,1.8057795762370247e-10
2023-11-28,19889.69921875,0.004787784883390938,12.180000305175781,5.5,7.35,0.45644999999999936,4.452841148844522,12.1938328358572,-0.2616088947024253,HighVol,0.0,6.766145030075897e-08,0.9999999321953533,1.439231959024005e-10
2023-11-29,20096.599609375,0.010348656573869122,12.710000038146973,5.5,7.35,0.45644999999999936,4.452841148844522,12.1938328358572,-0.2616088947024253,HighVol,0.0,2.220963048986494e-07,0.999999777806831,9.801385181585728e-11
2023-11-30,20133.150390625,0.0018171025823992028,12.6899995803833,5.5,7.35,0.45644999999999936,4.452841148844522,12.1938328358572,-0.2616088947024253,HighVol,0.0,1.8622098925993396e-05,0.9999813720267124,5.871343749243645e-09
2023-12-01,20267.900390625,0.00667064331563437,12.380000114440918,5.5,7.27,0.3351499999999996,4.981121115306397,-0.480472122779652,0.39344262295082366,Bull,0.999999999992724,3.7467080354910755e-12,2.1118418544059213e-12,1.3065764148027077e-22
2023-12-04,20686.80078125,0.020457480483773903,12.989999771118164,5.5,7.27,0.3351499999999996,4.981121115306397,-0.480472122779652,0.39344262295082366,Bull,0.999999999992724,6.541054472251711e-12,9.43828668432832e-15,3.8226345564351284e-23
2023-12-05,20855.099609375,0.008102650447744338,13.460000038146973,5.5,7.27,0.3351499999999996,4.981121115306397,-0.480472122779652,0.39344262295082366,Bull,0.999999999992724,4.063649648896405e-12,4.798644548334988e-15,1.6749821658015305e-23
2023-12-06,20937.69921875,0.003952820545223537,13.739999771118164,5.5,7.27,0.3351499999999996,4.981121115306397,-0.480472122779652,0.39344262295082366,Bull,1.0,1.9186615096655415e-12,8.053849474871677e-14,3.202710459624006e-24
2023-12-07,20901.150390625,-0.0017471243957791426,12.670000076293945,5.5,7.27,0.3351499999999996,4.981121115306397,-0.480472122779652,0.39344262295082366,Bull,0.0,0.010105899728155003,0.989892657105126,1.4431696012249723e-06
2023-12-08,20969.400390625,0.0032600507599202964,12.470000267028809,5.5,7.27,0.3351499999999996,4.981121115306397,-0.480472122779652,0.39344262295082366,Bull,1.0,1.1370183328015182e-12,6.38295370637452e-14,4.534394888115615e-24
2023-12-11,20997.099609375,0.001320063516009915,12.760000228881836,5.5,7.27,0.3351499999999996,4.981121115306397,-0.480472122779652,0.39344262295082366,Bull,1.0,2.0374452207533796e-13,2.2426748901166798e-13,8.932955644613697e-24
2023-12-12,20906.400390625,-0.004328963470418101,12.710000038146973,5.5,7.27,0.3351499999999996,4.981121115306397,-0.480472122779652,0.39344262295082366,HighVol,0.0,3.0853265642431016e-05,0.9999691065720071,4.0160780022359096e-08
2023-12-13,20926.349609375,0.0009537608817135473,12.069999694824219,5.5,7.27,0.3351499999999996,4.981121115306397,-0.480472122779652,0.39344262295082366,HighVol,0.0,3.978590851219697e-05,0.9999601677702861,4.63224158006495e-08
2023-12-14,21182.69921875,0.012175662163725103,12.319999694824219,5.5,7.27,0.3351499999999996,4.981121115306397,-0.480472122779652,0.39344262295082366,HighVol,1.0,1.3112904091450856e-13,1.1632685805429887e-13,4.454769390633249e-24
2023-12-15,21456.650390625,0.012849864921501506,13.130000114440918,5.5,7.27,0.3351499999999996,4.981121115306397,-0.480472122779652,0.39344262295082366,HighVol,1.0,6.235670090020632e-14,3.350609225735147e-14,8.755524008937521e-25
2023-12-18,21418.650390625,-0.0017725827811074615,13.899999618530273,5.5,7.27,0.3351499999999996,4.981121115306397,-0.480472122779652,0.39344262295082366,HighVol,0.0,5.420220632412035e-05,0.9999457748204295,2.2973382580407012e-08
2023-12-19,21453.099609375,0.001607082806947435,13.869999885559082,5.5,7.27,0.3351499999999996,4.981121115306397,-0.480472122779652,0.39344262295082366,HighVol,0.0,2.812173247043825e-06,0.9999971875043672,3.2545480614468567e-10
2023-12-20,21150.150390625,-0.014222122733049722,14.449999809265137,5.5,7.27,0.3351499999999996,4.981121115306397,-0.480472122779652,0.39344262295082366,HighVol,0.0,2.6563187319459237e-07,0.9999997330378748,1.3288314114423707e-09
2023-12-21,21255.05078125,0.004947534816775346,13.760000228881836,5.5,7.27,0.3351499999999996,4.981121115306397,-0.480472122779652,0.39344262295082366,HighVol,0.0,2.083410924901658e-07,0.9999997908817241,7.79207462687702e-10
2023-12-22,21349.400390625,0.004429103580375731,13.710000038146973,5.5,7.27,0.3351499999999996,4.981121115306397,-0.480472122779652,0.39344262295082366,HighVol,0.0,5.911803932485745e-07,0.9999994082392664,5.830505384402009e-10
2023-12-26,21441.349609375,0.004297627887901326,14.680000305175781,5.5,7.27,0.3351499999999996,4.981121115306397,-0.480472122779652,0.39344262295082366,HighVol,0.0,4.088514414969994e-05,0.9999590852024336,2.965347621941778e-08
2023-12-27,21654.75,0.009903547502138933,15.5600004196167,5.5,7.27,0.3351499999999996,4.981121115306397,-0.480472122779652,0.39344262295082366,Bull,1.0,2.1785172850401173e-13,1.2047723955697173e-13,4.733689776091002e-24
2023-12-28,21778.69921875,0.0057075621422148105,15.140000343322754,5.5,7.27,0.3351499999999996,4.981121115306397,-0.480472122779652,0.39344262295082366,Bull,1.0,8.236154613002353e-14,2.8714024756970925e-14,8.248508389149478e-25
2023-12-29,21731.400390625,-0.0021741548367498844,14.5,5.5,7.27,0.3351499999999996,4.981121115306397,-0.480472122779652,0.39344262295082366,Bull,0.0,4.512185583281375e-05,0.9999548605339446,1.7611982366177624e-08
2024-01-01,21741.900390625,0.0004830551173010514,14.5,5.5,7.224,0.27059999999999995,4.913119122300058,2.27204171144844,0.8637873754152814,Bull,0.0,1.5666811562981175e-07,0.9999998433195411,1.1311426762503267e-11
2024-01-02,21665.80078125,-0.0035062758581720864,14.579999923706055,5.5,7.224,0.27059999999999995,4.913119122300058,2.27204171144844,0.8637873754152814,Bull,0.0,3.655184164531656e-08,0.9999999634310377,1.6594962278108293e-11
2024-01-03,21517.349609375,-0.006875448193459907,14.100000381469727,5.5,7.224,0.27059999999999995,4.913119122300058,2.27204171144844,0.8637873754152814,HighVol,0.0,2.835446249873476e-08,0.9999999716092138,3.4725720019126145e-11
2024-01-04,21658.599609375,0.006543017882762483,13.329999923706055,5.5,7.224,0.27059999999999995,4.913119122300058,2.27204171144844,0.8637873754152814,HighVol,0.0,3.333081139273693e-08,0.9999999666470109,2.1189801609546054e-11
2024-01-05,21710.80078125,0.0024072823978970102,12.630000114440918,5.5,7.224,0.27059999999999995,4.913119122300058,2.27204171144844,0.8637873754152814,HighVol,0.0,4.179607720243675e-08,0.9999999581850725,1.7652100579807273e-11
2024-01-08,21513.0,-0.009152465005292239,13.460000038146973,5.5,7.224,0.27059999999999995,4.913119122300058,2.27204171144844,0.8637873754152814,HighVol,0.0,2.9088588458293242e-08,0.9999999708670662,4.527944969226852e-11
2024-01-09,21544.849609375,0.001479387172036867,13.260000228881836,5.5,7.224,0.27059999999999995,4.913119122300058,2.27204171144844,0.8637873754152814,HighVol,0.0,2.7207647107687015e-08,0.9999999727515391,3.762297661233828e-11
2024-01-10,21618.69921875,0.003421854015216792,12.970000267028809,5.5,7.224,0.27059999999999995,4.913119122300058,2.27204171144844,0.8637873754152814,HighVol,0.0,3.2608955733791054e-08,0.9999999673673307,2.242380857366604e-11
2024-01-11,21647.19921875,0.001317434984659037,12.770000457763672,5.5,7.224,0.27059999999999995,4.913119122300058,2.27204171144844,0.8637873754152814,HighVol,0.0,3.559962647286041e-06,0.9999964384178144,1.6178823004804907e-09
2024-01-12,21894.55078125,0.011361703346499745,13.100000381469727,5.5,7.224,0.27059999999999995,4.913119122300058,2.27204171144844,0.8637873754152814,Bull,1.0,9.101733461255915e-14,5.998700860592026e-13,6.513669581661794e-25
2024-01-15,22097.44921875,0.009224398809286917,13.789999961853027,5.5,7.224,0.27059999999999995,4.913119122300058,2.27204171144844,0.8637873754152814,Bull,1.0,3.2042353900643664e-14,1.0328573608848176e-13,7.736067870535636e-26
2024-01-16,22032.30078125,-0.002952587985615914,13.569999694824219,5.5,7.224,0.27059999999999995,4.913119122300058,2.27204171144844,0.8637873754152814,Bull,0.0,6.282466539129883e-06,0.9999937169247485,6.072346535165395e-10
2024-01-17,21571.94921875,-0.021115770473744744,15.079999923706055,5.5,7.224,0.27059999999999995,4.913119122300058,2.27204171144844,0.8637873754152814,Bull,0.0,6.054561068682071e-08,0.9999999393403433,1.1141786696841285e-10
2024-01-18,21462.25,-0.0050982455047793645,14.069999694824219,5.5,7.224,0.27059999999999995,4.913119122300058,2.27204171144844,0.8637873754152814,Bull,0.0,4.223466342191202e-08,0.9999999576320997,1.309537776744909e-10
2024-01-19,21622.400390625,0.007434254509367264,13.880000114440918,5.5,7.224,0.27059999999999995,4.913119122300058,2.27204171144844,0.8637873754152814,HighVol,0.0,4.046282916222479e-08,0.999999959451089,8.533686636075434e-11
2024-01-23,21238.80078125,-0.017900098054810153,14.850000381469727,5.5,7.224,0.27059999999999995,4.913119122300058,2.27204171144844,0.8637873754152814,HighVol,0.0,1.886651611727652e-07,0.9999998105122538,8.208977574463036e-10
2024-01-24,21453.94921875,0.010079006802925212,14.380000114440918,5.5,7.224,0.27059999999999995,4.913119122300058,2.27204171144844,0.8637873754152814,HighVol,0.0,8.159592413198366e-08,0.9999999181236523,2.808153978885633e-10
2024-01-25,21352.599609375,-0.004735247364061254,13.869999885559082,5.5,7.224,0.27059999999999995,4.913119122300058,2.27204171144844,0.8637873754152814,HighVol,0.0,5.189020866704885e-08,0.9999999478313852,2.7945159986512173e-10
2024-01-29,21737.599609375,0.01786996821930258,15.680000305175781,5.5,7.224,0.27059999999999995,4.913119122300058,2.27204171144844,0.8637873754152814,HighVol,0.0,6.487801710433821e-08,0.9999999350329766,8.757417985361246e-11
2024-01-30,21522.099609375,-0.009963166019046519,16.100000381469727,5.5,7.224,0.27059999999999995,4.913119122300058,2.27204171144844,0.8637873754152814,HighVol,0.0,6.200483826598998e-08,0.9999999377614605,2.3636346697948516e-10
2024-01-31,21725.69921875,0.009415559590485083,16.049999237060547,5.5,7.224,0.27059999999999995,4.913119122300058,2.27204171144844,0.8637873754152814,HighVol,0.0,1.2147308523310567e-07,0.9999998784114797,1.1700948179000665e-10
2024-02-01,21697.44921875,-0.00130114950214822,14.460000038146973,5.5,7.2025,0.2386999999999997,4.59341811463998,2.32014521918176,0.33178500331785266,HighVol,0.0,2.1743225843489008e-08,0.9999999782521629,3.258614542935931e-12
2024-02-02,21853.80078125,0.007180149098767169,14.699999809265137,5.5,7.2025,0.2386999999999997,4.59341811463998,2.32014521918176,0.33178500331785266,HighVol,0.0,4.228857308511575e-08,0.9999999577121352,1.995600137144183e-12
2024-02-05,21771.69921875,-0.0037639297855089193,15.619999885559082,5.5,7.2025,0.2386999999999997,4.59341811463998,2.32014521918176,0.33178500331785266,HighVol,0.0,1.9590713394570927e-08,0.9999999804058464,3.3000228315370508e-12
2024-02-06,21929.400390625,0.007217294659854949,15.789999961853027,5.5,7.2025,0.2386999999999997,4.59341811463998,2.32014521918176,0.33178500331785266,HighVol,0.0,3.759507689226753e-08,0.9999999624051277,1.9365426132427424e-12
2024-02-07,21930.5,5.014190025218764e-05,15.510000228881836,5.5,7.2025,0.2386999999999997,4.59341811463998,2.32014521918176,0.33178500331785266,HighVol,0.0,2.346238748578381e-08,0.9999999765350369,1.592488769485817e-12
2024-02-08,21717.94921875,-0.009739290405751649,15.829999923706055,5.5,7.2025,0.2386999999999997,4.59341811463998,2.32014521918176,0.33178500331785266,HighVol,0.0,1.936076731134574e-08,0.999999980631401,4.266363098460163e-12
2024-02-09,21782.5,0.0029678235415700974,15.449999809265137,5.5,7.2025,0.2386999999999997,4.59341811463998,2.32014521918176,0.33178500331785266,HighVol,0.0,1.8955303857790253e-08,0.9999999810388547,3.5015476260081627e-12
2024-02-12,21616.05078125,-0.007670764664605448,16.059999465942383,5.5,7.2025,0.2386999999999997,4.59341811463998,2.32014521918176,0.33178500331785266,HighVol,0.0,1.5804183206210696e-08,0.9999999841893442,3.017362154785523e-12
2024-02-13,21743.25,0.005867234081485647,15.8100004196167,5.5,7.2025,0.2386999999999997,4.59341811463998,2.32014521918176,0.33178500331785266,HighVol,0.0,1.5178801681626262e-08,0.9999999848223525,2.0557510014066147e-12
2024-02-14,21840.05078125,0.004442111482625561,15.4399995803833,5.5,7.2025,0.2386999999999997,4.59341811463998,2.32014521918176,0.33178500331785266,HighVol,0.0,1.393156888094393e-08,0.9999999860665413,1.2949866380434805e-12
2024-02-15,21910.75,0.003231907943473083,15.229999542236328,5.5,7.2025,0.2386999999999997,4.59341811463998,2.32014521918176,0.33178500331785266,HighVol,0.0,1.689192831063986e-08,0.9999999831052265,8.782566482041364e-13
2024-02-16,22040.69921875,0.005913324803860001,15.220000267028809,5.5,7.2025,0.2386999999999997,4.59341811463998,2.32014521918176,0.33178500331785266,HighVol,0.0,2.9563559357991744e-06,0.9999970436154444,3.124296713579947e-11
2024-02-19,22122.25,0.0036931806134258504,15.220000267028809,5.5,7.2025,0.2386999999999997,4.59341811463998,2.32014521918176,0.33178500331785266,Bull,1.0,3.518333994415347e-14,1.7837763059232261e-13,7.643697859320737e-27
2024-02-20,22196.94921875,0.003370967472487328,16.06999969482422,5.5,7.2025,0.2386999999999997,4.59341811463998,2.32014521918176,0.33178500331785266,Bull,1.0,2.173326001439354e-14,1.9649740314191682e-13,6.183389460444364e-27
2024-02-21,22055.05078125,-0.006413220819374543,15.930000305175781,5.5,7.2025,0.2386999999999997,4.59341811463998,2.32014521918176,0.33178500331785266,Bull,0.0,0.0002548167240419274,0.9997451807132962,2.5601550988675104e-09
2024-02-22,22217.44921875,0.007336344949249518,15.199999809265137,5.5,7.2025,0.2386999999999997,4.59341811463998,2.32014521918176,0.33178500331785266,Bull,0.9999999999854481,1.7437784209102197e-14,1.3311032560317476e-11,7.341702281623768e-27
2024-02-23,22212.69921875,-0.000213818777795819,14.970000267028809,5.5,7.2025,0.2386999999999997,4.59341811463998,2.32014521918176,0.33178500331785266,Bull,0.0,3.246100837338873e-06,0.9999967538804349,2.0498596605844362e-11
2024-02-26,22122.05078125,-0.004089278221713085,15.600000381469727,5.5,7.2025,0.2386999999999997,4.59341811463998,2.32014521918176,0.33178500331785266,HighVol,0.0,1.9447130379345572e-08,0.9999999805513655,5.928794245865308e-13
2024-02-27,22198.349609375,0.003443060208267885,15.729999542236328,5.5,7.2025,0.2386999999999997,4.59341811463998,2.32014521918176,0.33178500331785266,HighVol,0.0,2.5640566550342725e-08,0.9999999743595257,4.221380539114722e-13
2024-02-28,21951.150390625,-0.011198396451173726,16.329999923706055,5.5,7.2025,0.2386999999999997,4.59341811463998,2.32014521918176,0.33178500331785266,HighVol,0.0,1.5260571910111457e-08,0.999999984735041,1.4470590680523567e-12
2024-02-29,21982.80078125,0.0014408171929075416,15.569999694824219,5.5,7.2025,0.2386999999999997,4.59341811463998,2.32014521918176,0.33178500331785266,HighVol,0.0,1.3687408465417916e-06,0.9999986311750308,8.289816326713767e-11
2024-03-01,22338.75,0.0160624736924449,15.239999771118164,5.5,7.09,0.05787500000000012,4.898237799890026,3.70825027553563,0.1988071570576455,HighVol,1.0,3.624907546630566e-17,1.286589936275079e-15,2.2462697755685696e-64
2024-03-04,22405.599609375,0.0029880715530739466,14.920000076293945,5.5,7.09,0.05787500000000012,4.898237799890026,3.70825027553563,0.1988071570576455,Bull,1.0,1.0722617100002045e-17,3.8657985909782163e-16,5.2358024260600805e-65
2024-03-05,22356.30078125,-0.0022027147028049303,14.380000114440918,5.5,7.09,0.05787500000000012,4.898237799890026,3.70825027553563,0.1988071570576455,Bull,0.0,8.407552945102924e-05,0.9999159244673811,9.085897902992514e-45
2024-03-06,22474.05078125,0.0052531495595052715,14.300000190734863,5.5,7.09,0.05787500000000012,4.898237799890026,3.70825027553563,0.1988071570576455,Bull,1.0,1.065672484879594e-17,1.297596644904186e-16,2.7652250423605235e-65
2024-03-07,22493.55078125,0.0008672911404987264,13.609999656677246,5.5,7.09,0.05787500000000012,4.898237799890026,3.70825027553563,0.1988071570576455,Bull,1.0,6.5614830997077405e-18,8.024029793972277e-17,1.7450955000587954e-65
2024-03-11,22332.650390625,-0.007178885448103384,14.0,5.5,7.09,0.05787500000000012,4.898237799890026,3.70825027553563,0.1988071570576455,Bull,0.0,7.179278443038122e-07,0.9999992820742439,2.2895650767294143e-46
2024-03-12,22335.69921875,0.00013650954899359894,13.640000343322754,5.5,7.09,0.05787500000000012,4.898237799890026,3.70825027553563,0.1988071570576455,HighVol,0.0,1.2022143271109517e-08,0.9999999879801181,4.609566735787078e-48
2024-03-13,21997.69921875,-0.015248393356596964,14.430000305175781,5.5,7.09,0.05787500000000012,4.898237799890026,3.70825027553563,0.1988071570576455,HighVol,0.0,8.096593124872648e-09,0.9999999919018592,1.6169015353976643e-47
2024-03-14,22146.650390625,0.006748394232673185,13.619999885559082,5.5,7.09,0.05787500000000012,4.898237799890026,3.70825027553563,0.1988071570576455,HighVol,0.0,9.907484139366387e-09,0.9999999900901457,1.279312933639489e-47
2024-03-15,22023.349609375,-0.005583024746448362,13.6899995803833,5.5,7.09,0.05787500000000012,4.898237799890026,3.70825027553563,0.1988071570576455,HighVol,0.0,1.1502074336575223e-08,0.9999999884967111,2.270519633399864e-47
2024-03-18,22055.69921875,0.001467800056624233,13.899999618530273,5.5,7.09,0.05787500000000012,4.898237799890026,3.70825027553563,0.1988071570576455,HighVol,0.0,8.261812862944897e-09,0.9999999917417881,1.7306748539911224e-47
2024-03-19,21817.44921875,-0.010860963960358783,14.109999656677246,5.5,7.09,0.05787500000000012,4.898237799890026,3.70825027553563,0.1988071570576455,HighVol,0.0,1.2016180655477547e-08,0.9999999879873941,4.424772466101918e-47
2024-03-20,21839.099609375,0.0009918508439663014,13.470000267028809,5.5,7.09,0.05787500000000012,4.898237799890026,3.70825027553563,0.1988071570576455,HighVol,0.0,8.866404482657556e-09,0.9999999911306077,3.4933229303401405e-47
2024-03-21,22011.94921875,0.007883528864675105,12.510000228881836,5.5,7.09,0.05787500000000012,4.898237799890026,3.70825027553563,0.1988071570576455,HighVol,0.0,1.1859567044180765e-08,0.9999999881401892,2.8819197441690417e-47
2024-03-22,22096.75,0.0038450866714008036,12.220000267028809,5.5,7.09,0.05787500000000012,4.898237799890026,3.70825027553563,0.1988071570576455,HighVol,0.0,1.3670458383330524e-08,0.9999999863284758,2.515317149538833e-47
2024-03-26,22004.69921875,-0.004174507484794188,12.819999694824219,5.5,7.09,0.05787500000000012,4.898237799890026,3.70825027553563,0.1988071570576455,HighVol,0.0,7.981420900758654e-09,0.9999999920182745,2.289400384345928e-47
2024-03-27,22123.650390625,0.005391158338500764,12.699999809265137,5.5,7.09,0.05787500000000012,4.898237799890026,3.70825027553563,0.1988071570576455,HighVol,0.0,9.161027883134317e-09,0.9999999908395694,1.4198808334364403e-47
2024-03-28,22326.900390625,0.009145057280234776,12.829999923706055,5.5,7.09,0.05787500000000012,4.898237799890026,3.70825027553563,0.1988071570576455,HighVol,0.0,1.4397156034725068e-08,0.99999998560088,7.266596737719619e-48
2024-04-01,22462.0,0.006032745520934439,12.079999923706055,5.5,7.068,0.14301999999999992,4.201080450973227,8.82666749224432,0.26490066225166586,HighVol,0.0,2.4604134603342435e-08,0.9999999753927117,1.4881338480553127e-16
2024-04-02,22453.30078125,-0.00038736104211539534,11.649999618530273,5.5,7.068,0.14301999999999992,4.201080450973227,8.82666749224432,0.26490066225166586,HighVol,0.0,2.4442698019187208e-08,0.9999999755600587,1.8385430906492223e-16
2024-04-03,22434.650390625,-0.0008309754048160305,11.369999885559082,5.5,7.068,0.14301999999999992,4.201080450973227,8.82666749224432,0.26490066225166586,HighVol,0.0,2.6773416680863225e-06,0.9999973226549089,1.7304661350630238e-14
2024-04-04,22514.650390625,0.0035595696965144527,11.220000267028809,5.5,7.068,0.14301999999999992,4.201080450973227,8.82666749224432,0.26490066225166586,Bull,0.999999999992724,2.4973372466347077e-15,3.723569676572669e-12,1.0496126420003108e-30
2024-04-05,22513.69921875,-4.22476898839797e-05,11.34000015258789,5.5,7.068,0.14301999999999992,4.201080450973227,8.82666749224432,0.26490066225166586,Bull,0.0,0.00011633409551389642,0.9998836659003836,5.125652903178204e-13
2024-04-08,22666.30078125,0.006755296273493474,11.609999656677246,5.5,7.068,0.14301999999999992,4.201080450973227,8.82666749224432,0.26490066225166586,Bull,0.9999999999854481,4.4017959916229186e-15,1.4191524096044053e-11,2.0588346096795624e-30
2024-04-09,22642.75,-0.0010395619844089984,11.359999656677246,5.5,7.068,0.14301999999999992,4.201080450973227,8.82666749224432,0.26490066225166586,Bull,0.0,9.407292389635629e-05,0.9999059270789868,4.506934912577307e-13
2024-04-10,22753.80078125,0.004892486360835239,11.109999656677246,5.5,7.068,0.14301999999999992,4.201080450973227,8.82666749224432,0.26490066225166586,Bull,1.0,1.6279785050418912e-15,3.368690170127467e-12,5.116267531875825e-31
2024-04-12,22519.400390625,-0.01035502147176367,11.529999732971191,5.5,7.068,0.14301999999999992,4.201080450973227,8.82666749224432,0.26490066225166586,HighVol,0.0,5.175217934792035e-07,0.9999994824758207,1.3035889204618977e-14
2024-04-15,22272.5,-0.011024443666037696,12.470000267028809,5.5,7.068,0.14301999999999992,4.201080450973227,8.82666749224432,0.26490066225166586,HighVol,0.0,6.141495633517245e-09,0.9999999938590918,6.139046027891283e-16
2024-04-16,22147.900390625,-0.005610032105390299,12.619999885559082,5.5,7.068,0.14301999999999992,4.201080450973227,8.82666749224432,0.26490066225166586,HighVol,0.0,8.405416373630865e-09,0.999999991596269,1.2792395944966426e-15
2024-04-18,21995.849609375,-0.006888920065700564,13.039999961853027,5.5,7.068,0.14301999999999992,4.201080450973227,8.82666749224432,0.26490066225166586,HighVol,0.0,1.2721526175912634e-08,0.9999999872816262,2.40049937357491e-15
2024-04-19,22147.0,0.006848265696137249,13.460000038146973,5.5,7.068,0.14301999999999992,4.201080450973227,8.82666749224432,0.26490066225166586,HighVol,0.0,8.128143413959564e-09,0.9999999918727553,1.4706094010651134e-15
2024-04-22,22336.400390625,0.008515605079627573,12.699999809265137,5.5,7.068,0.14301999999999992,4.201080450973227,8.82666749224432,0.26490066225166586,HighVol,0.0,4.481241251728007e-09,0.9999999955180101,4.494324367188979e-16
2024-04-23,22368.0,0.0014137138340638612,10.199999809265137,5.5,7.068,0.14301999999999992,4.201080450973227,8.82666749224432,0.26490066225166586,HighVol,0.0,1.2098865669497114e-08,0.9999999879000826,8.191306985684655e-16
2024-04-24,22402.400390625,0.001536747364098986,10.279999732971191,5.5,7.068,0.14301999999999992,4.201080450973227,8.82666749224432,0.26490066225166586,HighVol,0.0,7.475358811547133e-09,0.9999999925275915,5.349604750274599e-16
2024-04-25,22570.349609375,0.007468967297299811,10.729999542236328,5.5,7.068,0.14301999999999992,4.201080450973227,8.82666749224432,0.26490066225166586,HighVol,0.0,1.180440266845229e-08,0.9999999881983969,2.5538406765907353e-16
2024-04-26,22419.94921875,-0.006685928069119567,10.930000305175781,5.5,7.068,0.14301999999999992,4.201080450973227,8.82666749224432,0.26490066225166586,HighVol,0.0,4.1224165709565315e-09,0.999999995874532,3.110635887143166e-16
2024-04-29,22643.400390625,0.009917283345523465,12.239999771118164,5.5,7.068,0.14301999999999992,4.201080450973227,8.82666749224432,0.26490066225166586,HighVol,0.0,3.146125246837643e-09,0.9999999968567863,1.1252549805843675e-16
2024-04-30,22604.849609375,-0.0017039682453004383,12.869999885559082,5.5,7.068,0.14301999999999992,4.201080450973227,8.82666749224432,0.26490066225166586,HighVol,0.0,2.442361203494597e-09,0.9999999975552782,1.522329053686438e-16
2024-05-02,22648.19921875,0.0019158763335262374,13.449999809265137,5.5,7.15,0.2644500000000001,3.8747783319197815,5.17883401841703,0.9090909090909038,HighVol,0.0,9.315364489730753e-10,0.9999999990686774,2.884510079290278e-12
2024-05-03,22475.849609375,-0.0076389620148829334,14.619999885559082,5.5,7.15,0.2644500000000001,3.8747783319197815,5.17883401841703,0.9090909090909038,HighVol,0.0,1.0065191981224713e-09,0.9999999989813659,9.037181499734398e-12
2024-05-06,22442.69921875,-0.0014760226012829026,16.600000381469727,5.5,7.15,0.2644500000000001,3.8747783319197815,5.17883401841703,0.9090909090909038,HighVol,0.0,1.222379430311705e-09,0.9999999987630872,1.2385676725877059e-11
2024-05-07,22302.5,-0.0062665796554610105,17.010000228881836,5.5,7.15,0.2644500000000001,3.8747783319197815,5.17883401841703,0.9090909090909038,HighVol,0.0,1.7934501641967057e-09,0.9999999981810106,2.894821310785503e-11
2024-05-08,22302.5,0.0,17.079999923706055,5.5,7.15,0.2644500000000001,3.8747783319197815,5.17883401841703,0.9090909090909038,HighVol,0.0,1.5209911118195049e-09,0.999999998450221,2.5469125555598725e-11
2024-05-09,21957.5,-0.015590012996666094,18.200000762939453,5.5,7.15,0.2644500000000001,3.8747783319197815,5.17883401841703,0.9090909090909038,HighVol,0.0,6.581079147276356e-09,0.9999999932551873,1.651811833717139e-10
2024-05-10,22055.19921875,0.004439599522660019,18.469999313354492,5.5,7.15,0.2644500000000001,3.8747783319197815,5.17883401841703,0.9090909090909038,HighVol,0.0,4.264459487854733e-09,0.9999999955107342,2.2566024643398313e-10
2024-05-13,22104.05078125,0.002212518664983643,20.600000381469727,5.5,7.15,0.2644500000000001,3.8747783319197815,5.17883401841703,0.9090909090909038,HighVol,0.0,4.28178847520667e-09,0.9999999954961822,2.2241976972087178e-10
2024-05-14,22217.849609375,0.005135117275633606,20.200000762939453,5.5,7.15,0.2644500000000001,3.8747783319197815,5.17883401841703,0.9090909090909038,HighVol,0.0,2.250777038381745e-09,0.9999999976571416,9.481841575975353e-11
2024-05-15,22200.55078125,-0.0007789037357247285,20.270000457763672,5.5,7.15,0.2644500000000001,3.8747783319197815,5.17883401841703,0.9090909090909038,HighVol,0.0,1.9750622071879963e-09,0.999999997940904,8.256206733858339e-11
2024-05-16,22403.849609375,0.00911570311987133,20.0,5.5,7.15,0.2644500000000001,3.8747783319197815,5.17883401841703,0.9090909090909038,HighVol,0.0,3.6138180049332767e-09,0.9999999963474693,4.0161026569926135e-11
2024-05-17,22466.099609375,0.0027746873362616406,19.799999237060547,5.5,7.15,0.2644500000000001,3.8747783319197815,5.17883401841703,0.9090909090909038,HighVol,0.0,3.5457021232701913e-09,0.9999999964275048,2.9855527771772815e-11
2024-05-21,22529.05078125,0.002798133238882937,21.809999465942383,5.5,7.15,0.2644500000000001,3.8747783319197815,5.17883401841703,0.9090909090909038,HighVol,0.0,4.247866594590221e-09,0.9999999957217369,3.1724530987620395e-11
2024-05-22,22597.80078125,0.0030469687473969323,21.469999313354492,5.5,7.15,0.2644500000000001,3.8747783319197815,5.17883401841703,0.9090909090909038,HighVol,0.0,3.48028228280649e-07,0.9999996504485054,1.526746246070706e-09
2024-05-23,22967.650390625,0.01623413013834582,21.3799991607666,5.5,7.15,0.2644500000000001,3.8747783319197815,5.17883401841703,0.9090909090909038,Bull,0.999999999992724,4.5753047018516206e-15,1.0185234882404337e-11,2.0662267354398095e-25
2024-05-24,22957.099609375,-0.00045948127907615604,21.709999084472656,5.5,7.15,0.2644500000000001,3.8747783319197815,5.17883401841703,0.9090909090909038,Bull,0.0,5.579072884883558e-07,0.9999994415485812,5.444000576025095e-10
2024-05-27,22932.44921875,-0.0010743358183047916,23.190000534057617,5.5,7.15,0.2644500000000001,3.8747783319197815,5.17883401841703,0.9090909090909038,Bull,0.0,4.746211868413805e-09,0.9999999952415237,1.1880061257498819e-11
2024-05-28,22888.150390625,-0.00193357757447097,24.200000762939453,5.5,7.15,0.2644500000000001,3.8747783319197815,5.17883401841703,0.9090909090909038,Bull,0.0,3.7065113768698263e-09,0.9999999962819857,1.4494625098039064e-11
2024-05-29,22704.69921875,-0.0080474093408375,24.18000030517578,5.5,7.15,0.2644500000000001,3.8747783319197815,5.17883401841703,0.9090909090909038,Bull,0.0,1.9973028061252586e-09,0.9999999979700078,3.042816434087217e-11
2024-05-30,22488.650390625,-0.00956116224385675,24.18000030517578,5.5,7.15,0.2644500000000001,3.8747783319197815,5.17883401841703,0.9090909090909038,HighVol,0.0,3.1493069113687393e-09,0.9999999967621989,9.076533804438882e-11
2024-05-31,22530.69921875,0.0018680341105537352,24.600000381469727,5.5,7.15,0.2644500000000001,3.8747783319197815,5.17883401841703,0.9090909090909038,HighVol,0.0,2.7812432623078056e-07,0.9999997170089446,4.868837870982461e-09
2024-06-03,23263.900390625,0.03202403067452011,20.940000534057617,5.5,7.054,0.1166400000000003,3.8603948193853155,5.8542940931708,1.8255578093306468,HighVol,0.9999999999854481,8.489858440043249e-16,1.1386907814366477e-11,1.7625524529453015e-30
2024-06-04,21884.5,-0.06112419596275757,26.75,5.5,7.054,0.1166400000000003,3.8603948193853155,5.8542940931708,1.8255578093306468,HighVol,0.0,1.0962619964027226e-05,0.9999890373747528,2.532425460741108e-12
2024-06-05,22620.349609375,0.03307130264902321,18.889999389648438,5.5,7.054,0.1166400000000003,3.8603948193853155,5.8542940931708,1.8255578093306468,HighVol,0.0,3.075388989327276e-08,0.9999999692445276,1.5584288599293283e-15
2024-06-06,22821.400390625,0.008848783029735371,16.799999237060547,5.5,7.054,0.1166400000000003,3.8603948193853155,5.8542940931708,1.8255578093306468,HighVol,0.0,6.280836083220531e-06,0.9999937191657294,1.1490914880416005e-13
2024-06-07,23290.150390625,0.02033183181806326,16.8799991607666,5.5,7.054,0.1166400000000003,3.8603948193853155,5.8542940931708,1.8255578093306468,Bull,1.0,1.093052163990957e-14,6.483336609966447e-13,4.476786194392683e-31
2024-06-10,23259.19921875,-0.0013298220789751808,16.399999618530273,5.5,7.054,0.1166400000000003,3.8603948193853155,5.8542940931708,1.8255578093306468,Bull,0.0,0.00011779817612864989,0.9998822018217076,2.4942508103857087e-14
2024-06-11,23264.849609375,0.00024290193115634738,14.770000457763672,5.5,7.054,0.1166400000000003,3.8603948193853155,5.8542940931708,1.8255578093306468,Bull,0.0,0.00048068185996568504,0.9995193181390076,8.888087164036018e-14
2024-06-12,23322.94921875,0.002494199810096445,14.390000343322754,5.5,7.054,0.1166400000000003,3.8603948193853155,5.8542940931708,1.8255578093306468,Bull,1.0,2.2162795117440884e-14,7.808257187645997e-15,1.3358852373828828e-30
2024-06-13,23398.900390625,0.0032512085635553246,13.489999771118164,5.5,7.054,0.1166400000000003,3.8603948193853155,5.8542940931708,1.8255578093306468,Bull,1.0,3.00055942910484e-14,1.7197354599648992e-16,2.0810476029820344e-30
2024-06-14,23465.599609375,0.0028464728647632507,12.819999694824219,5.5,7.054,0.1166400000000003,3.8603948193853155,5.8542940931708,1.8255578093306468,Bull,1.0,1.0257008781290065e-13,1.5607310203164963e-17,1.1755222165297459e-29
2024-06-18,23557.900390625,0.0039257349959185015,12.970000267028809,5.5,7.054,0.1166400000000003,3.8603948193853155,5.8542940931708,1.8255578093306468,Bull,1.0,1.575486711522488e-14,1.4004145399561032e-14,2.0576572930931525e-30
2024-06-19,23516.0,-0.0017801967265448713,13.710000038146973,5.5,7.054,0.1166400000000003,3.8603948193853155,5.8542940931708,1.8255578093306468,HighVol,0.0,0.001136276525893012,0.9988637234685195,3.967834965990157e-12
2024-06-20,23567.0,0.0021663878659495613,13.350000381469727,5.5,7.054,0.1166400000000003,3.8603948193853155,5.8542940931708,1.8255578093306468,HighVol,1.0,8.44010998140985e-15,1.6856257367166835e-12,2.45005724165436e-30
2024-06-21,23501.099609375,-0.0028002164622532473,13.180000305175781,5.5,7.054,0.1166400000000003,3.8603948193853155,5.8542940931708,1.8255578093306468,HighVol,0.0,8.801959269079612e-06,0.9999911980436011,7.597231419096705e-14
2024-06-24,23537.849609375,0.0015625352218749532,14.0600004196167,5.5,7.054,0.1166400000000003,3.8603948193853155,5.8542940931708,1.8255578093306468,HighVol,0.0,1.0004155463084544e-05,0.9999899958411531,6.486392878138155e-14
2024-06-25,23721.30078125,0.007763664467508334,14.3100004196167,5.5,7.054,0.1166400000000003,3.8603948193853155,5.8542940931708,1.8255578093306468,HighVol,1.0,3.554472040553192e-14,1.4877002610288358e-13,8.907594069892237e-30
2024-06-26,23868.80078125,0.006198787876631016,14.050000190734863,5.5,7.054,0.1166400000000003,3.8603948193853155,5.8542940931708,1.8255578093306468,Bull,1.0,2.84419264012621e-14,1.1509094209744628e-15,2.957053850344792e-30
2024-06-27,24044.5,0.007334080659762657,14.149999618530273,5.5,7.054,0.1166400000000003,3.8603948193853155,5.8542940931708,1.8255578093306468,Bull,1.0,8.018917938476624e-15,1.963574719469273e-14,4.4890352452665824e-31
2024-06-28,24010.599609375,-0.0014108969297394127,13.800000190734863,5.5,7.054,0.1166400000000003,3.8603948193853155,5.8542940931708,1.8255578093306468,Bull,0.0,0.0011553730026846972,0.9988446269958456,1.1102712640892692e-12
2024-07-01,24141.94921875,0.00545557559691747,13.829999923706055,5.5,7.0225,0.1931750000000001,3.665688271434475,7.63172049636414,2.4415055951169995,Bull,1.0,1.771677073890558e-14,4.849172014057283e-13,3.755858811234874e-27
2024-07-02,24123.849609375,-0.0007499973340487516,13.640000343322754,5.5,7.0225,0.1931750000000001,3.665688271434475,7.63172049636414,2.4415055951169995,Bull,0.0,0.0018086580407763021,0.9981913229227496,1.903391873143554e-08
2024-07-03,24286.5,0.006719678910168409,13.210000038146973,5.5,7.0225,0.1931750000000001,3.665688271434475,7.63172049636414,2.4415055951169995,Bull,1.0,1.3010249410340347e-12,2.3529341088640857e-13,1.0979638369310116e-25
2024-07-04,24302.150390625,0.0006441994597673961,12.859999656677246,5.5,7.0225,0.1931750000000001,3.665688271434475,7.63172049636414,2.4415055951169995,Bull,1.0,1.0909708949136124e-13,1.6579956776818935e-15,3.324266164097066e-26
2024-07-05,24323.849609375,0.0008924945580705119,12.699999809265137,5.5,7.0225,0.1931750000000001,3.665688271434475,7.63172049636414,2.4415055951169995,Bull,1.0,3.1655619870652125e-14,4.32336522056873e-14,1.2466039441170834e-26
2024-07-08,24320.55078125,-0.0001356303337513403,13.600000381469727,5.5,7.0225,0.1931750000000001,3.665688271434475,7.63172049636414,2.4415055951169995,HighVol,0.0,0.0009341938734198251,0.9990657956111385,1.0519036524182734e-08
2024-07-09,24433.19921875,0.00462112711188291,14.279999732971191,5.5,7.0225,0.1931750000000001,3.665688271434475,7.63172049636414,2.4415055951169995,HighVol,0.999999999992724,2.1903231084133838e-14,4.633033103605158e-12,1.829837231478481e-26
2024-07-10,24324.44921875,-0.004460845993233708,14.430000305175781,5.5,7.0225,0.1931750000000001,3.665688271434475,7.63172049636414,2.4415055951169995,HighVol,0.0,8.564916243759164e-06,0.9999914348230337,2.586582256208103e-10
2024-07-11,24315.94921875,-0.0003495037195243165,14.0,5.5,7.0225,0.1931750000000001,3.665688271434475,7.63172049636414,2.4415055951169995,HighVol,0.0,1.0607739179247303e-05,0.9999893919137914,3.443720719476253e-10
2024-07-12,24502.150390625,0.007628403248955412,13.729999542236328,5.5,7.0225,0.1931750000000001,3.665688271434475,7.63172049636414,2.4415055951169995,HighVol,1.0,6.20282834409129e-14,3.1217506833406777e-13,2.0337642653049654e-26
2024-07-15,24586.69921875,0.0034447298074261035,14.1899995803833,5.5,7.0225,0.1931750000000001,3.665688271434475,7.63172049636414,2.4415055951169995,Bull,1.0,8.845782609365154e-14,5.0973559537785345e-15,1.7203049400734635e-26
2024-07-16,24613.0,0.0010691440871768358,14.220000267028809,5.5,7.0225,0.1931750000000001,3.665688271434475,7.63172049636414,2.4415055951169995,Bull,1.0,1.307227620772681e-13,8.437322072939544e-15,2.8565821777405263e-26
2024-07-18,24800.849609375,0.007603152387120198,14.510000228881836,5.5,7.0225,0.1931750000000001,3.665688271434475,7.63172049636414,2.4415055951169995,Bull,1.0,1.3836141853252527e-14,5.192225965649419e-14,2.225387147534629e-27
2024-07-19,24530.900390625,-0.010944347737899481,14.829999923706055,5.5,7.0225,0.1931750000000001,3.665688271434475,7.63172049636414,2.4415055951169995,Bull,0.0,4.291212388263688e-06,0.9999957087003385,8.480404068379312e-11
2024-07-22,24509.25,-0.0008829659721330775,15.4399995803833,5.5,7.0225,0.1931750000000001,3.665688271434475,7.63172049636414,2.4415055951169995,Bull,0.0,5.973168305846437e-08,0.9999999402643898,1.8971864450572217e-12
2024-07-23,24479.05078125,-0.0012329157000276177,12.75,5.5,7.0225,0.1931750000000001,3.665688271434475,7.63172049636414,2.4415055951169995,HighVol,0.0,6.660588207930664e-08,0.9999999333886103,2.551812137201216e-12
2024-07-24,24413.5,-0.00268142363114976,11.760000228881836,5.5,7.0225,0.1931750000000001,3.665688271434475,7.63172049636414,2.4415055951169995,HighVol,0.0,1.6235790885599086e-07,0.999999837637019,5.936813087916933e-12
2024-07-25,24406.099609375,-0.0003031729363163769,12.619999885559082,5.5,7.0225,0.1931750000000001,3.665688271434475,7.63172049636414,2.4415055951169995,HighVol,0.0,8.597669332847163e-06,0.9999914020232982,3.0432083680054615e-10
2024-07-26,24834.849609375,0.01741480789992859,12.25,5.5,7.0225,0.1931750000000001,3.665688271434475,7.63172049636414,2.4415055951169995,HighVol,1.0,3.2008289696106665e-14,7.447683862318925e-14,5.996744259118565e-27
2024-07-29,24836.099609375,5.0331230625744864e-05,12.949999809265137,5.5,7.0225,0.1931750000000001,3.665688271434475,7.63172049636414,2.4415055951169995,HighVol,1.0,5.663389465713892e-14,2.461029729871267e-15,8.474717632286138e-27
2024-07-30,24857.30078125,0.0008532792280141148,12.880000114440918,5.5,7.0225,0.1931750000000001,3.665688271434475,7.63172049636414,2.4415055951169995,Bull,1.0,5.582241891410741e-14,2.215459925296736e-15,8.151230279296493e-27
2024-07-31,24951.150390625,0.0037684255675633532,13.25,5.5,7.0225,0.1931750000000001,3.665688271434475,7.63172049636414,2.4415055951169995,Bull,1.0,4.1263711105009106e-14,1.2316359240609502e-15,4.1976482679041505e-27
2024-08-01,25010.900390625,0.002391816490734086,12.930000305175781,5.5,7.0075,0.2595749999999999,2.1474714438209475,7.1944634466085,1.9172552976791213,Bull,1.0,2.5194726432313386e-18,4.961926616538626e-14,1.5259809722536959e-27
2024-08-02,24717.69921875,-0.011792190883304469,14.319999694824219,5.5,7.0075,0.2595749999999999,2.1474714438209475,7.1944634466085,1.9172552976791213,Bull,0.0,4.5805116315818993e-10,0.999999999476131,6.459247612985412e-11
2024-08-05,24055.599609375,-0.02715175314145156,20.3700008392334,5.5,7.0075,0.2595749999999999,2.1474714438209475,7.1944634466085,1.9172552976791213,Bull,0.0,6.031851698134243e-11,0.9999999998981366,4.173934824526372e-11
2024-08-06,23992.55078125,-0.0026244033870099497,18.739999771118164,5.5,7.0075,0.2595749999999999,2.1474714438209475,7.1944634466085,1.9172552976791213,HighVol,0.0,5.12912886264143e-11,0.9999999999054126,4.6431045337072556e-11
2024-08-07,24297.5,0.012630066341245293,16.170000076293945,5.5,7.0075,0.2595749999999999,2.1474714438209475,7.1944634466085,1.9172552976791213,HighVol,0.0,1.801717800166497e-11,0.9999999999708962,8.67169965069982e-12
2024-08-08,24117.0,-0.007456478381555143,16.600000381469727,5.5,7.0075,0.2595749999999999,2.1474714438209475,7.1944634466085,1.9172552976791213,HighVol,0.0,3.031686864138511e-11,0.9999999999490683,1.9451213342633006e-11
2024-08-09,24367.5,0.010333291215294636,15.34000015258789,5.5,7.0075,0.2595749999999999,2.1474714438209475,7.1944634466085,1.9172552976791213,HighVol,0.0,9.10964778286291e-12,0.9999999999854481,4.164530942336888e-12
2024-08-12,24347.0,-0.0008416385761983504,15.869999885559082,5.5,7.0075,0.2595749999999999,2.1474714438209475,7.1944634466085,1.9172552976791213,HighVol,0.0,1.0072593644215216e-11,0.9999999999854481,4.06642405679733e-12
2024-08-13,24139.0,-0.00857984886239657,16.170000076293945,5.5,7.0075,0.2595749999999999,2.1474714438209475,7.1944634466085,1.9172552976791213,HighVol,0.0,4.477043995743933e-12,0.999999999992724,1.1447348607927179e-12
2024-08-14,24143.75,0.0001967576418212346,15.4399995803833,5.5,7.0075,0.2595749999999999,2.1474714438209475,7.1944634466085,1.9172552976791213,HighVol,0.0,3.920915639548009e-12,0.999999999992724,1.1427625752863125e-12
2024-08-16,24541.150390625,0.016325768935141063,14.399999618530273,5.5,7.0075,0.2595749999999999,2.1474714438209475,7.1944634466085,1.9172552976791213,HighVol,0.0,5.24853442822544e-12,0.999999999992724,3.072821008922904e-13
2024-08-19,24572.650390625,0.0012827353541420893,14.319999694824219,5.5,7.0075,0.2595749999999999,2.1474714438209475,7.1944634466085,1.9172552976791213,HighVol,0.0,3.3516510602616634e-12,1.0,2.424225060926937e-13
2024-08-20,24698.849609375,0.0051226163083365125,13.819999694824219,5.5,7.0075,0.2595749999999999,2.1474714438209475,7.1944634466085,1.9172552976791213,HighVol,0.0,4.548350738894824e-12,0.999999999992724,1.8810216175083315e-13
2024-08-21,24770.19921875,0.0028846181820890576,13.329999923706055,5.5,7.0075,0.2595749999999999,2.1474714438209475,7.1944634466085,1.9172552976791213,HighVol,0.0,1.2230897431433174e-11,0.9999999999854481,2.1431925266741278e-13
2024-08-22,24811.5,0.0016659691560852782,13.0,5.5,7.0075,0.2595749999999999,2.1474714438209475,7.1944634466085,1.9172552976791213,HighVol,0.0,1.877130693714982e-11,0.9999999999781721,2.4286370318663587e-13
2024-08-23,24823.150390625,0.0004694458708691634,13.550000190734863,5.5,7.0075,0.2595749999999999,2.1474714438209475,7.1944634466085,1.9172552976791213,HighVol,0.0,5.329075698075871e-12,0.999999999992724,1.5662213439669255e-13
2024-08-26,25010.599609375,0.007523018148105455,13.800000190734863,5.5,7.0075,0.2595749999999999,2.1474714438209475,7.1944634466085,1.9172552976791213,HighVol,0.0,8.827048955549575e-10,0.9999999991123332,5.293646104019943e-12
2024-08-27,25017.75,0.0002858535502177548,13.630000114440918,5.5,7.0075,0.2595749999999999,2.1474714438209475,7.1944634466085,1.9172552976791213,Bull,1.0,1.3447557091162963e-18,6.963417932772934e-14,6.9675006822508355e-28
2024-08-28,25052.349609375,0.0013820469762269526,13.949999809265137,5.5,7.0075,0.2595749999999999,2.1474714438209475,7.1944634466085,1.9172552976791213,Bull,1.0,3.2597103928354935e-18,2.666263392758693e-15,1.3295321553820867e-27
2024-08-29,25151.94921875,0.003967777356455909,13.789999961853027,5.5,7.0075,0.2595749999999999,2.1474714438209475,7.1944634466085,1.9172552976791213,Bull,1.0,1.911143712756337e-18,1.8979388361856986e-15,1.0617243102970784e-27
2024-08-30,25235.900390625,0.003332202116407902,13.390000343322754,5.5,7.0075,0.2595749999999999,2.1474714438209475,7.1944634466085,1.9172552976791213,Bull,1.0,3.7549194189208284e-19,1.4253129719608916e-15,9.148976913465689e-28
2024-09-02,25278.69921875,0.0016945136137639853,14.0600004196167,5.5,6.91,0.2706200000000001,2.4425390408502556,3.81893090072953,1.306532663316573,Bull,1.0,2.6651970832288617e-18,4.368579909466314e-15,4.155696762267501e-27
2024-09-03,25279.849609375,4.550726442364936e-05,13.84000015258789,5.5,6.91,0.2706200000000001,2.4425390408502556,3.81893090072953,1.306532663316573,Bull,1.0,2.38335273475786e-18,2.641439430839084e-13,3.750596130002152e-27
2024-09-04,25198.69921875,-0.003215245383183467,14.380000114440918,5.5,6.91,0.2706200000000001,2.4425390408502556,3.81893090072953,1.306532663316573,HighVol,0.0,1.3595111999127553e-10,0.9999999998544808,9.236022284597527e-12
2024-09-05,25145.099609375,-0.0021293438665674616,14.210000038146973,5.5,6.91,0.2706200000000001,2.4425390408502556,3.81893090072953,1.306532663316573,HighVol,0.0,1.1017331028247212e-12,1.0,2.0883058542664818e-13
2024-09-06,24852.150390625,-0.011718747382249265,15.220000267028809,5.5,6.91,0.2706200000000001,2.4425390408502556,3.81893090072953,1.306532663316573,HighVol,0.0,1.2108658444251029e-12,1.0,8.387930659186771e-13
2024-09-09,24936.400390625,0.003384315433638339,14.239999771118164,5.5,6.91,0.2706200000000001,2.4425390408502556,3.81893090072953,1.306532663316573,HighVol,0.0,1.0219777049509243e-12,1.0,6.415258272602282e-13
2024-09-10,25041.099609375,0.0041898603137641086,13.359999656677246,5.5,6.91,0.2706200000000001,2.4425390408502556,3.81893090072953,1.306532663316573,HighVol,0.0,1.2610538635953422e-12,1.0,4.879831779166308e-13
2024-09-11,24918.44921875,-0.004909997784499106,13.630000114440918,5.5,6.91,0.2706200000000001,2.4425390408502556,3.81893090072953,1.306532663316573,HighVol,0.0,1.3344816390788743e-10,0.9999999998181011,4.9704435945107347e-11
2024-09-12,25388.900390625,0.018703624424743968,13.180000305175781,5.5,6.91,0.2706200000000001,2.4425390408502556,3.81893090072953,1.306532663316573,Bull,0.9999999999854481,1.1996981885124497e-18,1.1044642811686934e-11,3.617792473823972e-27
2024-09-13,25356.5,-0.0012769785942554214,12.550000190734863,5.5,6.91,0.2706200000000001,2.4425390408502556,3.81893090072953,1.306532663316573,Bull,0.0,5.350429766508453e-10,0.9999999994324753,3.440506574442491e-11
2024-09-16,25383.75,0.0010740980826790941,12.460000038146973,5.5,6.91,0.2706200000000001,2.4425390408502556,3.81893090072953,1.306532663316573,Bull,0.0,7.29509747227502e-10,0.9999999992360245,3.7284767092223515e-11
2024-09-17,25418.55078125,0.0013700476615561017,12.59000015258789,5.5,6.91,0.2706200000000001,2.4425390408502556,3.81893090072953,1.306532663316573,Bull,0.999999999992724,7.128788359802946e-19,5.801460914871902e-12,4.57696883149948e-27
2024-09-18,25377.55078125,-0.0016142974615182065,13.369999885559082,5.5,6.91,0.2706200000000001,2.4425390408502556,3.81893090072953,1.306532663316573,Bull,0.0,2.6636312056334907e-10,0.9999999997016857,3.111192016325195e-11
2024-09-19,25415.80078125,0.0015061029073179838,12.470000267028809,5.5,6.91,0.2706200000000001,2.4425390408502556,3.81893090072953,1.306532663316573,HighVol,0.0,3.385080728423693e-10,0.9999999996216502,3.93213735190429e-11
2024-09-20,25790.94921875,0.014652566289984728,12.789999961853027,5.5,6.91,0.2706200000000001,2.4425390408502556,3.81893090072953,1.306532663316573,HighVol,1.0,2.1916355354551303e-18,1.1991857714793046e-13,4.538675725917716e-27
2024-09-23,25939.05078125,0.005725960454112572,13.789999961853027,5.5,6.91,0.2706200000000001,2.4425390408502556,3.81893090072953,1.306532663316573,HighVol,1.0,6.508957167586123e-18,4.1174015825483e-15,7.304074506434529e-27
2024-09-24,25940.400390625,5.20286681844374e-05,13.390000343322754,5.5,6.91,0.2706200000000001,2.4425390408502556,3.81893090072953,1.306532663316573,HighVol,1.0,6.660108611329263e-18,4.7328615229687856e-15,8.896514479779894e-27
2024-09-25,26004.150390625,0.0024545416621303915,12.739999771118164,5.5,6.91,0.2706200000000001,2.4425390408502556,3.81893090072953,1.306532663316573,HighVol,1.0,6.032667051287398e-18,2.6746207747317505e-15,5.459693709213605e-27
2024-09-26,26216.05078125,0.008115692736807522,12.0,5.5,6.91,0.2706200000000001,2.4425390408502556,3.81893090072953,1.306532663316573,Bull,1.0,2.3445134048173317e-18,4.1966190694469654e-14,1.4961537408266808e-27
2024-09-27,26178.94921875,-0.0014162255444679923,11.960000038146973,5.5,6.91,0.2706200000000001,2.4425390408502556,3.81893090072953,1.306532663316573,Bull,0.0,6.267702505528408e-10,0.9999999993524398,2.0622368337488713e-11
2024-09-30,25810.849609375,-0.014160691857076434,12.789999961853027,5.5,6.91,0.2706200000000001,2.4425390408502556,3.81893090072953,1.306532663316573,Bull,0.0,3.1621649480769436e-12,0.999999999992724,1.2803678571770616e-12
2024-10-01,25796.900390625,-0.0005405862138807384,11.989999771118164,5.5,6.8325,0.19434999999999913,4.218176537374929,5.42151479550008,1.6064257028112428,Bull,0.0,7.0127820399715035e-09,0.9999999929859769,1.5064062363034302e-12
2024-10-03,25250.099609375,-0.02142424417261006,13.170000076293945,5.5,6.8325,0.19434999999999913,4.218176537374929,5.42151479550008,1.6064257028112428,Bull,0.0,1.6955028270552317e-08,0.999999983032467,1.1392956430862486e-11
2024-10-04,25014.599609375,-0.009370461848646757,14.130000114440918,5.5,6.8325,0.19434999999999913,4.218176537374929,5.42151479550008,1.6064257028112428,HighVol,0.0,4.767719003112566e-08,0.9999999522842711,3.6685009811976883e-11
2024-10-07,24795.75,-0.008787371273170997,15.079999923706055,5.5,6.8325,0.19434999999999913,4.218176537374929,5.42151479550008,1.6064257028112428,HighVol,0.0,8.411183968631529e-08,0.999999915809898,8.145778773071692e-11
2024-10-08,25013.150390625,0.008729434677965052,14.59000015258789,5.5,6.8325,0.19434999999999913,4.218176537374929,5.42151479550008,1.6064257028112428,HighVol,0.0,2.3309105722932844e-08,0.9999999766660042,2.554511130349502e-11
2024-10-09,24981.94921875,-0.0012481693673798233,14.119999885559082,5.5,6.8325,0.19434999999999913,4.218176537374929,5.42151479550008,1.6064257028112428,HighVol,0.0,2.4664894374064826e-08,0.9999999753054002,2.8359778152991876e-11
2024-10-10,24998.44921875,0.0006602588660852999,13.5,5.5,6.8325,0.19434999999999913,4.218176537374929,5.42151479550008,1.6064257028112428,HighVol,0.0,9.124238514527526e-09,0.9999999908613972,1.3522719284821076e-11
2024-10-11,24964.25,-0.0013689902517646816,13.220000267028809,5.5,6.8325,0.19434999999999913,4.218176537374929,5.42151479550008,1.6064257028112428,HighVol,0.0,1.1907429327962807e-08,0.9999999880747056,1.6918160170011006e-11
2024-10-14,25127.94921875,0.006535939888908111,13.0,5.5,6.8325,0.19434999999999913,4.218176537374929,5.42151479550008,1.6064257028112428,HighVol,0.0,2.733590733703902e-08,0.9999999725623642,9.985781252922574e-11
2024-10-15,25057.349609375,-0.0028135592532655376,13.0,5.5,6.8325,0.19434999999999913,4.218176537374929,5.42151479550008,1.6064257028112428,HighVol,0.0,2.1665218482488045e-08,0.9999999782085072,1.2520448448488316e-10
2024-10-16,24971.30078125,-0.003439985380697183,13.050000190734863,5.5,6.8325,0.19434999999999913,4.218176537374929,5.42151479550008,1.6064257028112428,HighVol,0.0,2.3804636070192578e-08,0.999999976032996,1.609409462650279e-10
2024-10-17,24749.849609375,-0.008907784090014885,13.390000343322754,5.5,6.8325,0.19434999999999913,4.218176537374929,5.42151479550008,1.6064257028112428,HighVol,0.0,3.7511066763920306e-08,0.9999999621577451,3.335392175681921e-10
2024-10-18,24854.05078125,0.004201335956550517,13.039999961853027,5.5,6.8325,0.19434999999999913,4.218176537374929,5.42151479550008,1.6064257028112428,HighVol,0.0,3.027896393812793e-08,0.9999999694846342,2.3972025409462096e-10
2024-10-21,24781.099609375,-0.002939498473548445,13.760000228881836,5.5,6.8325,0.19434999999999913,4.218176537374929,5.42151479550008,1.6064257028112428,HighVol,0.0,4.2065900835489234e-08,0.9999999575593401,3.723773243561617e-10
2024-10-22,24472.099609375,-0.012547572909439223,14.399999618530273,5.5,6.8325,0.19434999999999913,4.218176537374929,5.42151479550008,1.6064257028112428,HighVol,0.0,8.83875567860577e-08,0.9999999105857609,1.0302973033649908e-09
2024-10-23,24435.5,-0.0014966842167451323,14.619999885559082,5.5,6.8325,0.19434999999999913,4.218176537374929,5.42151479550008,1.6064257028112428,HighVol,0.0,9.391559311746434e-08,0.9999999049177904,1.1632611544882708e-09
2024-10-24,24399.400390625,-0.0014784351216731097,13.970000267028809,5.5,6.8325,0.19434999999999913,4.218176537374929,5.42151479550008,1.6064257028112428,HighVol,0.0,7.468369971666175e-08,0.9999999243591475,9.57899269867497e-10
2024-10-25,24180.80078125,-0.00899959570008371,14.630000114440918,5.5,6.8325,0.19434999999999913,4.218176537374929,5.42151479550008,1.6064257028112428,HighVol,0.0,1.9231379882803783e-07,0.9999998054045326,2.2826383480472083e-09
2024-10-28,24339.150390625,0.006527218917237164,14.289999961853027,5.5,6.8325,0.19434999999999913,4.218176537374929,5.42151479550008,1.6064257028112428,HighVol,0.0,9.74133153790517e-08,0.9999999013307437,1.2536805475128362e-09
2024-10-29,24466.849609375,0.0052329430871703615,14.520000457763672,5.5,6.8325,0.19434999999999913,4.218176537374929,5.42151479550008,1.6064257028112428,HighVol,0.0,3.457796139624426e-08,0.9999999649080571,5.13667028387563e-10
2024-10-30,24340.849609375,-0.00516313130612327,15.510000228881836,5.5,6.8325,0.19434999999999913,4.218176537374929,5.42151479550008,1.6064257028112428,HighVol,0.0,3.097854699394751e-08,0.9999999683204811,7.004684558898699e-10
2024-10-31,24205.349609375,-0.00558232586918934,15.550000190734863,5.5,6.8325,0.19434999999999913,4.218176537374929,5.42151479550008,1.6064257028112428,HighVol,0.0,2.5894253088144897e-08,0.9999999734282031,6.742707066260751e-10
2024-11-01,24304.349609375,0.004081663627652918,15.899999618530273,5.5,6.785,0.326225,4.407490379293244,6.54875254137406,1.998001998001997,HighVol,0.0,5.553541682919938e-08,0.9999997699560745,1.745094837680592e-07
2024-11-04,23995.349609375,-0.012795285302364113,16.690000534057617,5.5,6.785,0.326225,4.407490379293244,6.54875254137406,1.998001998001997,HighVol,0.0,1.4067327272899437e-07,0.9999993845851425,4.7474514827292827e-07
2024-11-05,24213.30078125,0.009042055940529129,16.1200008392334,5.5,6.785,0.326225,4.407490379293244,6.54875254137406,1.998001998001997,HighVol,0.0,8.160869260067669e-08,0.9999996351617239,2.832273316622811e-07
2024-11-06,24484.05078125,0.011119815807918394,14.869999885559082,5.5,6.785,0.326225,4.407490379293244,6.54875254137406,1.998001998001997,HighVol,0.0,4.142884437010641e-08,0.9999998560160851,1.0255183913550516e-07
2024-11-07,24199.349609375,-0.011696159889418445,14.9399995803833,5.5,6.785,0.326225,4.407490379293244,6.54875254137406,1.998001998001997,HighVol,0.0,7.129674063056986e-08,0.999999717270879,2.1143003169371073e-07
2024-11-08,24148.19921875,-0.0021159463488489003,14.470000267028809,5.5,6.785,0.326225,4.407490379293244,6.54875254137406,1.998001998001997,HighVol,0.0,8.237580302155796e-08,0.9999996715196715,2.461022343287546e-07
2024-11-11,24141.30078125,-0.00028571169910344984,14.270000457763672,5.5,6.785,0.326225,4.407490379293244,6.54875254137406,1.998001998001997,HighVol,0.0,9.248561941007842e-08,0.9999995770195695,3.3049329582106787e-07
2024-11-12,23883.44921875,-0.010738381367723213,14.59000015258789,5.5,6.785,0.326225,4.407490379293244,6.54875254137406,1.998001998001997,HighVol,0.0,2.1862332536148873e-07,0.9999990168221587,7.64550934532861e-07
2024-11-13,23559.05078125,-0.013675649189030194,15.4399995803833,5.5,6.785,0.326225,4.407490379293244,6.54875254137406,1.998001998001997,HighVol,0.0,1.4914788076681958e-06,0.9999958676356873,2.6408822349737102e-06
2024-11-14,23532.69921875,-0.0011191584619590343,14.779999732971191,5.5,6.785,0.326225,4.407490379293244,6.54875254137406,1.998001998001997,HighVol,0.0,8.702235099018088e-07,0.9999972845726495,1.8452022616644389e-06
2024-11-18,23453.80078125,-0.003358348106569627,15.170000076293945,5.5,6.785,0.326225,4.407490379293244,6.54875254137406,1.998001998001997,HighVol,0.0,1.2578124619838608e-06,0.9999964199514999,2.322233780508881e-06
2024-11-19,23518.5,0.002754783503889256,15.65999984741211,5.5,6.785,0.326225,4.407490379293244,6.54875254137406,1.998001998001997,HighVol,0.0,8.478548511368809e-07,0.9999972837359166,1.8684068352212515e-06
2024-11-21,23349.900390625,-0.007194627306794726,15.989999771118164,5.5,6.785,0.326225,4.407490379293244,6.54875254137406,1.998001998001997,HighVol,0.0,8.529184332706013e-07,0.9999973853371179,1.7617453241975028e-06
2024-11-22,23907.25,0.02358904203763299,16.100000381469727,5.5,6.785,0.326225,4.407490379293244,6.54875254137406,1.998001998001997,HighVol,0.0,2.408252564297924e-07,0.9999992619853396,4.971868764961742e-07
2024-11-25,24221.900390625,0.013075438521712217,15.300000190734863,5.5,6.785,0.326225,4.407490379293244,6.54875254137406,1.998001998001997,HighVol,0.0,3.6681561869049145e-07,0.9999992955711358,3.3760963887970595e-07
2024-11-26,24194.5,-0.0011318641340202825,15.3100004196167,5.5,6.785,0.326225,4.407490379293244,6.54875254137406,1.998001998001997,HighVol,0.0,4.3052600618349004e-07,0.9999992438027351,3.256718828819583e-07
2024-11-27,24274.900390625,0.0033175761911502914,14.630000114440918,5.5,6.785,0.326225,4.407490379293244,6.54875254137406,1.998001998001997,HighVol,0.0,4.546639159769295e-07,0.9999992062952027,3.39040757695534e-07
2024-11-28,23914.150390625,-0.0149725605075969,15.210000038146973,5.5,6.785,0.326225,4.407490379293244,6.54875254137406,1.998001998001997,HighVol,0.0,5.148984587147235e-07,0.9999989324429649,5.526607057329693e-07
2024-11-29,24131.099609375,0.009031098528695802,14.430000305175781,5.5,6.785,0.326225,4.407490379293244,6.54875254137406,1.998001998001997,HighVol,0.0,1.9376766312913662e-07,0.9999994486426359,3.575877737588191e-07
2024-12-02,24276.05078125,0.005988850983542634,14.699999809265137,5.5,6.812,0.3428400000000007,3.8820970044657566,6.25451408956974,1.998001998001997,HighVol,0.0,5.423294651883731e-08,0.9999996260376764,3.197274458226098e-07
2024-12-03,24457.150390625,0.007432322879372628,14.369999885559082,5.5,6.812,0.3428400000000007,3.8820970044657566,6.25451408956974,1.998001998001997,HighVol,0.0,5.7321789950461094e-08,0.9999996942424799,2.4843769992418334e-07
2024-12-04,24467.44921875,0.0004210081782723239,14.449999809265137,5.5,6.812,0.3428400000000007,3.8820970044657566,6.25451408956974,1.998001998001997,HighVol,0.0,5.660340634321541e-08,0.9999997178675073,2.2552808462678802e-07
2024-12-05,24708.400390625,0.009799651742121284,14.529999732971191,5.5,6.812,0.3428400000000007,3.8820970044657566,6.25451408956974,1.998001998001997,HighVol,0.0,1.7984303452298445e-07,0.9999996097177097,2.1044116320929552e-07
2024-12-06,24677.80078125,-0.0012391968835286232,14.140000343322754,5.5,6.812,0.3428400000000007,3.8820970044657566,6.25451408956974,1.998001998001997,HighVol,0.0,8.12688907423619e-08,0.9999997137056608,2.0502715927208694e-07
2024-12-09,24619.0,-0.002385583169878571,14.109999656677246,5.5,6.812,0.3428400000000007,3.8820970044657566,6.25451408956974,1.998001998001997,HighVol,0.0,6.142813742064726e-08,0.9999997386912924,1.9988126747170603e-07
2024-12-10,24610.05078125,-0.00036357470666444975,13.779999732971191,5.5,6.812,0.3428400000000007,3.8820970044657566,6.25451408956974,1.998001998001997,HighVol,0.0,4.612553485477402e-08,0.9999997446139204,2.092600831425069e-07
2024-12-11,24641.80078125,0.0012892918089711122,13.270000457763672,5.5,6.812,0.3428400000000007,3.8820970044657566,6.25451408956974,1.998001998001997,HighVol,0.0,4.883099321372515e-08,0.999999821302497,1.2986387000460808e-07
2024-12-12,24548.69921875,-0.003785351792322941,13.1899995803833,5.5,6.812,0.3428400000000007,3.8820970044657566,6.25451408956974,1.998001998001997,HighVol,0.0,6.06699862292845e-08,0.9999997648847333,1.7444778793765118e-07
2024-12-13,24768.30078125,0.008905773422254015,13.050000190734863,5.5,6.812,0.3428400000000007,3.8820970044657566,6.25451408956974,1.998001998001997,HighVol,0.0,9.847491143256136e-08,0.9999997685008833,1.3302241832488334e-07
2024-12-16,24668.25,-0.004047649614185296,14.020000457763672,5.5,6.812,0.3428400000000007,3.8820970044657566,6.25451408956974,1.998001998001997,HighVol,0.0,6.320242594951618e-08,0.9999998261846637,1.1061498897059832e-07
2024-12-17,24336.0,-0.01356025614827435,14.489999771118164,5.5,6.812,0.3428400000000007,3.8820970044657566,6.25451408956974,1.998001998001997,HighVol,0.0,7.51638643271949e-08,0.9999997315899596,1.9324578880581694e-07
2024-12-18,24198.849609375,-0.005651640286891943,14.369999885559082,5.5,6.812,0.3428400000000007,3.8820970044657566,6.25451408956974,1.998001998001997,HighVol,0.0,8.238045463296139e-08,0.9999996677143469,2.499043430030993e-07
2024-12-19,23951.69921875,-0.01026582529903898,14.510000228881836,5.5,6.812,0.3428400000000007,3.8820970044657566,6.25451408956974,1.998001998001997,HighVol,0.0,1.4664918182658412e-07,0.9999994600003995,3.933501472470948e-07
2024-12-20,23587.5,-0.015322359236337606,15.069999694824219,5.5,6.812,0.3428400000000007,3.8820970044657566,6.25451408956974,1.998001998001997,HighVol,0.0,7.988964267437676e-07,0.9999976455247157,1.555576391912556e-06
2024-12-23,23753.44921875,0.007010839504245724,13.520000457763672,5.5,6.812,0.3428400000000007,3.8820970044657566,6.25451408956974,1.998001998001997,HighVol,0.0,4.2812418261166036e-07,0.9999984343970459,1.1374809818905269e-06
2024-12-24,23727.650390625,-0.0010866989549987555,13.180000305175781,5.5,6.812,0.3428400000000007,3.8820970044657566,6.25451408956974,1.998001998001997,HighVol,0.0,2.62632601900994e-07,0.9999988670540058,8.70312406645952e-07
2024-12-26,23750.19921875,0.0009498673594489271,14.039999961853027,5.5,6.812,0.3428400000000007,3.8820970044657566,6.25451408956974,1.998001998001997,HighVol,0.0,1.6432584239623745e-07,0.9999991903099367,6.453615677404178e-07
2024-12-27,23813.400390625,0.002657545248501766,13.239999771118164,5.5,6.812,0.3428400000000007,3.8820970044657566,6.25451408956974,1.998001998001997,HighVol,0.0,1.0041888714605591e-07,0.999999496154614,4.0342616227361743e-07
2024-12-30,23644.900390625,-0.007101000468431965,13.970000267028809,5.5,6.812,0.3428400000000007,3.8820970044657566,6.25451408956974,1.998001998001997,HighVol,0.0,1.335021328471356e-07,0.999999387597387,4.788976066374667e-07
2024-12-31,23644.80078125,-4.2127301519090045e-06,14.449999809265137,5.5,6.812,0.3428400000000007,3.8820970044657566,6.25451408956974,1.998001998001997,HighVol,0.0,1.1312168247395898e-07,0.9999993606108771,5.262680368245818e-07
2025-01-01,23742.900390625,0.004140304217561321,14.449999809265137,5.5,6.7775,0.30299999999999994,3.530243394934618,6.05635133683882,2.2132796780683917,HighVol,0.0,3.6805266634443046e-08,0.9999998964413006,6.675246789411153e-08
2025-01-02,24188.650390625,0.018599976157659907,13.739999771118164,5.5,6.7775,0.30299999999999994,3.530243394934618,6.05635133683882,2.2132796780683917,HighVol,0.0,2.7430751980199046e-08,0.999999939536794,3.302924342255952e-08
2025-01-03,24004.75,-0.007631803596810856,13.539999961853027,5.5,6.7775,0.30299999999999994,3.530243394934618,6.05635133683882,2.2132796780683917,HighVol,0.0,3.0864499567941005e-08,0.9999999184365185,5.0701368950627085e-08
2025-01-06,23616.05078125,-0.016325128725884954,15.649999618530273,5.5,6.7775,0.30299999999999994,3.530243394934618,6.05635133683882,2.2132796780683917,HighVol,0.0,1.0491755625259197e-07,0.9999997554187147,1.3966511565605878e-07
2025-01-07,23707.900390625,0.0038817437019732417,14.65999984741211,5.5,6.7775,0.30299999999999994,3.530243394934618,6.05635133683882,2.2132796780683917,HighVol,0.0,6.811603541976029e-08,0.9999998405328497,9.135266640766011e-08
2025-01-08,23688.94921875,-0.0007996806978147784,14.470000267028809,5.5,6.7775,0.30299999999999994,3.530243394934618,6.05635133683882,2.2132796780683917,HighVol,0.0,7.04469084001993e-08,0.9999998329440272,9.6611980132646e-08
2025-01-09,23526.5,-0.006881216315863482,14.65999984741211,5.5,6.7775,0.30299999999999994,3.530243394934618,6.05635133683882,2.2132796780683917,HighVol,0.0,2.5031340058778927e-07,0.9999995030522184,2.466318262412078e-07
2025-01-10,23431.5,-0.004046174437066828,14.920000076293945,5.5,6.7775,0.30299999999999994,3.530243394934618,6.05635133683882,2.2132796780683917,HighVol,0.0,2.737452061812653e-07,0.9999994724568323,2.537987838832462e-07
2025-01-13,23085.94921875,-0.014857097422370331,16.0,5.5,6.7775,0.30299999999999994,3.530243394934618,6.05635133683882,2.2132796780683917,HighVol,0.0,1.1284338031028124e-06,0.9999982846726357,5.868944463377094e-07
2025-01-14,23176.05078125,0.003895278043635164,15.470000267028809,5.5,6.7775,0.30299999999999994,3.530243394934618,6.05635133683882,2.2132796780683917,HighVol,0.0,7.562831457230514e-07,0.9999988006245901,4.4309247141395707e-07
2025-01-15,23213.19921875,0.0016015971562733668,15.260000228881836,5.5,6.7775,0.30299999999999994,3.530243394934618,6.05635133683882,2.2132796780683917,HighVol,0.0,3.964935490390074e-07,0.9999993199674048,2.8354047359629773e-07
2025-01-16,23311.80078125,0.004238654922064901,15.470000267028809,5.5,6.7775,0.30299999999999994,3.530243394934618,6.05635133683882,2.2132796780683917,HighVol,0.0,2.048202171123428e-07,0.9999996127590588,1.8241806174030155e-07
2025-01-17,23203.19921875,-0.004669537131428157,15.75,5.5,6.7775,0.30299999999999994,3.530243394934618,6.05635133683882,2.2132796780683917,HighVol,0.0,2.1541525518877876e-07,0.999999601466777,1.8311591956352764e-07
2025-01-20,23344.75,0.006081952909099664,16.420000076293945,5.5,6.7775,0.30299999999999994,3.530243394934618,6.05635133683882,2.2132796780683917,HighVol,0.0,1.5250062006396011e-07,0.9999997344057545,1.1309154470519149e-07
2025-01-21,23024.650390625,-0.013806721311582606,17.059999465942383,5.5,6.7775,0.30299999999999994,3.530243394934618,6.05635133683882,2.2132796780683917,HighVol,0.0,4.1482235602833826e-07,0.9999993335297805,2.5165113452850413e-07
2025-01-22,23155.349609375,0.0056604403518015324,16.770000457763672,5.5,6.7775,0.30299999999999994,3.530243394934618,6.05635133683882,2.2132796780683917,HighVol,0.0,2.361504007154898e-07,0.9999995919789322,1.7186848773387811e-07
2025-01-23,23205.349609375,0.0021570002277194853,16.700000762939453,5.5,6.7775,0.30299999999999994,3.530243394934618,6.05635133683882,2.2132796780683917,HighVol,0.0,2.0082016140897977e-07,0.9999996392362587,1.599411134391037e-07
2025-01-24,23092.19921875,-0.00488797436469754,16.75,5.5,6.7775,0.30299999999999994,3.530243394934618,6.05635133683882,2.2132796780683917,HighVol,0.0,2.924049563239125e-07,0.9999995139661495,1.9363066917386972e-07
2025-01-27,22829.150390625,-0.011456619090824587,18.1299991607666,5.5,6.7775,0.30299999999999994,3.530243394934618,6.05635133683882,2.2132796780683917,HighVol,0.0,1.237248679517831e-06,0.9999983057219453,4.570312928089232e-07
2025-01-28,22957.25,0.005595545512054291,18.200000762939453,5.5,6.7775,0.30299999999999994,3.530243394934618,6.05635133683882,2.2132796780683917,HighVol,0.0,4.991231741485982e-07,0.9999992467422197,2.5413438948256176e-07
2025-01-29,23163.099609375,0.008926687592645893,18.639999389648438,5.5,6.7775,0.30299999999999994,3.530243394934618,6.05635133683882,2.2132796780683917,HighVol,0.0,2.878337796171524e-07,0.9999995113904617,2.007733745396381e-07
2025-01-30,23249.5,0.003723148074350194,17.389999389648438,5.5,6.7775,0.30299999999999994,3.530243394934618,6.05635133683882,2.2132796780683917,HighVol,0.0,2.3949415432832095e-07,0.9999995814797297,1.7902850312127172e-07
2025-01-31,23508.400390625,0.011074194280356322,16.25,5.5,6.7775,0.30299999999999994,3.530243394934618,6.05635133683882,2.2132796780683917,HighVol,0.0,1.641754572207862e-07,0.9999997393897841,9.643459566743974e-08
2025-02-01,23482.150390625,-0.001117246011978889,16.25,5.5,6.758,0.1649799999999999,3.0957071771397837,7.15634434518184,1.812688821752273,HighVol,0.0,4.97446804739452e-08,0.999999950247003,9.899165223323862e-12
2025-02-03,23361.05078125,-0.005170435671733403,14.350000381469727,5.5,6.758,0.1649799999999999,3.0957071771397837,7.15634434518184,1.812688821752273,HighVol,0.0,5.573873470630081e-08,0.9999999442443384,1.6013516274494305e-11
2025-02-04,23739.25,0.016059657410686868,14.020000457763672,5.5,6.758,0.1649799999999999,3.0957071771397837,7.15634434518184,1.812688821752273,HighVol,0.0,5.4289969775252555e-08,0.9999999456995298,1.2764860145945333e-11
2025-02-05,23696.30078125,-0.0018108456539069108,14.079999923706055,5.5,6.758,0.1649799999999999,3.0957071771397837,7.15634434518184,1.812688821752273,HighVol,0.0,3.902945055060444e-08,0.9999999609572122,1.1046860711364569e-11
2025-02-06,23603.349609375,-0.003930316218479903,14.180000305175781,5.5,6.758,0.1649799999999999,3.0957071771397837,7.15634434518184,1.812688821752273,HighVol,0.0,2.8897795412869457e-08,0.9999999710853449,1.4927123354029244e-11
2025-02-07,23559.94921875,-0.0018404311807618838,13.6899995803833,5.5,6.758,0.1649799999999999,3.0957071771397837,7.15634434518184,1.812688821752273,HighVol,0.0,4.456800335190332e-08,0.9999999554129327,1.8547848599761383e-11
2025-02-10,23381.599609375,-0.0075988318246352615,14.449999809265137,5.5,6.758,0.1649799999999999,3.0957071771397837,7.15634434518184,1.812688821752273,HighVol,0.0,3.407799521529375e-08,0.9999999659048632,1.4752651273995958e-11
2025-02-11,23071.80078125,-0.013338245144624153,14.869999885559082,5.5,6.758,0.1649799999999999,3.0957071771397837,7.15634434518184,1.812688821752273,HighVol,0.0,1.1822090893769768e-07,0.9999998817438679,3.40835184303126e-11
2025-02-12,23045.25,-0.001151451956867338,14.899999618530273,5.5,6.758,0.1649799999999999,3.0957071771397837,7.15634434518184,1.812688821752273,HighVol,0.0,1.2303442187133142e-07,0.9999998769271845,3.539080271381795e-11
2025-02-13,23031.400390625,-0.0006011552347958088,14.960000038146973,5.5,6.758,0.1649799999999999,3.0957071771397837,7.15634434518184,1.812688821752273,HighVol,0.0,1.0247094624824641e-07,0.9999998974963143,3.0258939327951175e-11
2025-02-14,22929.25,-0.00444513112662715,15.020000457763672,5.5,6.758,0.1649799999999999,3.0957071771397837,7.15634434518184,1.812688821752273,HighVol,0.0,1.101220544004929e-07,0.9999998898420078,3.467230592279129e-11
2025-02-17,22959.5,0.001318406118349223,15.720000267028809,5.5,6.758,0.1649799999999999,3.0957071771397837,7.15634434518184,1.812688821752273,HighVol,0.0,4.957878261601134e-08,0.9999999503997982,1.9987312808610204e-11
2025-02-18,22945.30078125,-0.0006186376571162799,15.670000076293945,5.5,6.758,0.1649799999999999,3.0957071771397837,7.15634434518184,1.812688821752273,HighVol,0.0,3.767354772760736e-08,0.9999999623105402,1.6441703255185243e-11
2025-02-19,22932.900390625,-0.0005405787764224007,15.420000076293945,5.5,6.758,0.1649799999999999,3.0957071771397837,7.15634434518184,1.812688821752273,HighVol,0.0,3.942911256410941e-08,0.9999999605570346,1.6890713513328165e-11
2025-02-20,22913.150390625,-0.0008615791713867465,14.680000305175781,5.5,6.758,0.1649799999999999,3.0957071771397837,7.15634434518184,1.812688821752273,HighVol,0.0,4.042026550645969e-08,0.9999999595602284,1.681058423416808e-11
2025-02-21,22795.900390625,-0.005130286241460248,14.529999732971191,5.5,6.758,0.1649799999999999,3.0957071771397837,7.15634434518184,1.812688821752273,HighVol,0.0,5.13374951608167e-08,0.9999999486462925,1.6697680463321564e-11
2025-02-24,22553.349609375,-0.010697116011174177,14.4399995803833,5.5,6.758,0.1649799999999999,3.0957071771397837,7.15634434518184,1.812688821752273,HighVol,0.0,1.2370099821237757e-07,0.9999998762723484,2.8546102264011808e-11
2025-02-25,22547.55078125,-0.00025714910818764225,13.720000267028809,5.5,6.758,0.1649799999999999,3.0957071771397837,7.15634434518184,1.812688821752273,HighVol,0.0,1.7033227080100456e-07,0.999999829633467,3.74425899491743e-11
2025-02-27,22545.05078125,-0.00011088293493540093,13.3100004196167,5.5,6.758,0.1649799999999999,3.0957071771397837,7.15634434518184,1.812688821752273,HighVol,0.0,2.1691299670558307e-07,0.9999997830455194,4.345827593679683e-11
2025-02-28,22124.69921875,-0.01882096814125905,13.90999984741211,5.5,6.758,0.1649799999999999,3.0957071771397837,7.15634434518184,1.812688821752273,HighVol,0.0,1.797679009573862e-06,0.999998202207077,1.1124473655178109e-10
2025-03-03,22119.30078125,-0.0002440302652016664,13.760000228881836,5.5,6.7325,0.2786333333000002,2.5861832882339453,6.90372509668613,1.6112789526686822,HighVol,0.0,2.5422162129166383e-08,0.9999999519350251,2.2643804673657755e-08
2025-03-04,22082.650390625,-0.001658315891150207,13.829999923706055,5.5,6.7325,0.2786333333000002,2.5861832882339453,6.90372509668613,1.6112789526686822,HighVol,0.0,1.5782992084889848e-08,0.9999999677966122,1.6420694585212767e-08
2025-03-05,22337.30078125,0.01146571185468711,13.670000076293945,5.5,6.7325,0.2786333333000002,2.5861832882339453,6.90372509668613,1.6112789526686822,HighVol,0.0,9.701214942431054e-09,0.9999999755600587,1.4736325264470664e-08
2025-03-06,22544.69921875,0.00924200854408832,13.729999542236328,5.5,6.7325,0.2786333333000002,2.5861832882339453,6.90372509668613,1.6112789526686822,HighVol,0.0,3.720010643574652e-09,0.9999999868741726,9.408415278062906e-09
2025-03-07,22552.5,0.00034595413741610534,13.470000267028809,5.5,6.7325,0.2786333333000002,2.5861832882339453,6.90372509668613,1.6112789526686822,HighVol,0.0,6.0384095240486615e-09,0.9999999846695574,9.291759073998918e-09
2025-03-10,22460.30078125,-0.004096583464717347,13.989999771118164,5.5,6.7325,0.2786333333000002,2.5861832882339453,6.90372509668613,1.6112789526686822,HighVol,0.0,5.591419039560192e-09,0.9999999868596207,7.545383577441864e-09
2025-03-11,22497.900390625,0.0016726478000064651,14.069999694824219,5.5,6.7325,0.2786333333000002,2.5861832882339453,6.90372509668613,1.6112789526686822,HighVol,0.0,4.622577304532789e-09,0.9999999889769243,6.397248980670862e-09
2025-03-12,22470.5,-0.001218651042867137,13.6899995803833,5.5,6.7325,0.2786333333000002,2.5861832882339453,6.90372509668613,1.6112789526686822,HighVol,0.0,2.361111159288352e-09,0.9999999926367309,5.0045665456930765e-09
2025-03-13,22397.19921875,-0.00326742167482874,13.279999732971191,5.5,6.7325,0.2786333333000002,2.5861832882339453,6.90372509668613,1.6112789526686822,HighVol,0.0,3.525296959983141e-09,0.9999999897918315,6.681258277904699e-09
2025-03-17,22508.75,0.004968206335327962,13.420000076293945,5.5,6.7325,0.2786333333000002,2.5861832882339453,6.90372509668613,1.6112789526686822,HighVol,0.0,1.872957289752251e-09,0.9999999931897037,4.938336757919688e-09
2025-03-18,22834.30078125,0.014359703182661372,13.210000038146973,5.5,6.7325,0.2786333333000002,2.5861832882339453,6.90372509668613,1.6112789526686822,HighVol,0.0,1.150554647774071e-09,0.9999999955689418,3.2774135310573035e-09
2025-03-19,22907.599609375,0.0032048904937790478,13.300000190734863,5.5,6.7325,0.2786333333000002,2.5861832882339453,6.90372509668613,1.6112789526686822,HighVol,0.0,9.268955314312401e-10,0.9999999961801223,2.895411966477748e-09
2025-03-20,23190.650390625,0.012280480863664548,12.600000381469727,5.5,6.7325,0.2786333333000002,2.5861832882339453,6.90372509668613,1.6112789526686822,HighVol,0.0,1.8939751873557505e-09,0.9999999946230673,3.482198385747912e-09
2025-03-21,23350.400390625,0.0068649342763162065,12.579999923706055,5.5,6.7325,0.2786333333000002,2.5861832882339453,6.90372509668613,1.6112789526686822,HighVol,0.0,2.415353032650233e-09,0.999999994157406,3.4303230181657642e-09
2025-03-24,23658.349609375,0.013101970335000056,13.699999809265137,5.5,6.7325,0.2786333333000002,2.5861832882339453,6.90372509668613,1.6112789526686822,HighVol,0.0,1.956181198230479e-09,0.9999999954816303,2.559648887023692e-09
2025-03-25,23668.650390625,0.0004353025297464832,13.640000343322754,5.5,6.7325,0.2786333333000002,2.5861832882339453,6.90372509668613,1.6112789526686822,HighVol,0.0,1.1175450638605349e-09,0.9999999967840267,2.0965039554053395e-09
2025-03-26,23486.849609375,-0.007710730752587225,13.470000267028809,5.5,6.7325,0.2786333333000002,2.5861832882339453,6.90372509668613,1.6112789526686822,HighVol,0.0,9.76854178385703e-10,0.9999999969004421,2.122074508713796e-09
2025-03-27,23591.94921875,0.004464845602965276,13.300000190734863,5.5,6.7325,0.2786333333000002,2.5861832882339453,6.90372509668613,1.6112789526686822,HighVol,0.0,5.47510847798942e-10,0.9999999976789695,1.7750460968631332e-09
2025-03-28,23519.349609375,-0.003082049047667123,12.720000267028809,5.5,6.7325,0.2786333333000002,2.5861832882339453,6.90372509668613,1.6112789526686822,HighVol,0.0,3.44495807989649e-10,0.9999999979263521,1.7323112109280776e-09
2025-04-01,23165.69921875,-0.015150767296533939,13.779999732971191,5.5,6.6825,0.18137500000000006,2.9517527093563922,7.19463453565767,1.2072434607645732,HighVol,0.0,1.685821623968819e-08,0.9999999831270544,1.2497992986094886e-11
2025-04-02,23332.349609375,0.007168090205371445,13.720000267028809,5.5,6.6825,0.18137500000000006,2.9517527093563922,7.19463453565767,1.2072434607645732,HighVol,0.0,1.0221146702640431e-08,0.9999999897700036,9.340464886156902e-12
2025-04-03,23250.099609375,-0.003531376595912815,13.600000381469727,5.5,6.6825,0.18137500000000006,2.9517527093563922,7.19463453565767,1.2072434607645732,HighVol,0.0,1.0311058008789314e-08,0.9999999896826921,8.90517915277098e-12
2025-04-04,22904.44921875,-0.014978235581472139,13.760000228881836,5.5,6.6825,0.18137500000000006,2.9517527093563922,7.19463453565767,1.2072434607645732,HighVol,0.0,3.340299934441068e-08,0.9999999665815272,1.792250772461339e-11
2025-04-07,22161.599609375,-0.032970136904421674,22.790000915527344,5.5,6.6825,0.18137500000000006,2.9517527093563922,7.19463453565767,1.2072434607645732,HighVol,0.0,3.6566019035315234e-06,0.9999963426738336,7.254883906017012e-10
2025-04-08,22535.849609375,0.01674631338889978,20.440000534057617,5.5,6.6825,0.18137500000000006,2.9517527093563922,7.19463453565767,1.2072434607645732,HighVol,0.0,3.576046568518533e-07,0.9999996422121243,1.8509527407284544e-10
2025-04-09,22399.150390625,-0.006084328049671031,21.43000030517578,5.5,6.6825,0.18137500000000006,2.9517527093563922,7.19463453565767,1.2072434607645732,HighVol,0.0,8.708839542551659e-07,0.9999991288135945,3.011993592921818e-10
2025-04-11,22828.55078125,0.018988950673859396,20.110000610351562,5.5,6.6825,0.18137500000000006,2.9517527093563922,7.19463453565767,1.2072434607645732,HighVol,0.0,1.239438184046271e-07,0.9999998759594823,9.578821592214704e-11
2025-04-15,23328.55078125,0.02166598602930882,16.1299991607666,5.5,6.6825,0.18137500000000006,2.9517527093563922,7.19463453565767,1.2072434607645732,HighVol,0.0,4.2733281812070514e-08,0.999999957246474,2.299020954962345e-11
2025-04-16,23437.19921875,0.004646504460063537,15.869999885559082,5.5,6.6825,0.18137500000000006,2.9517527093563922,7.19463453565767,1.2072434607645732,HighVol,0.0,3.6073692603943934e-07,0.9999996392217068,3.928968131990822e-11
2025-04-17,23851.650390625,0.017528943393621495,15.470000267028809,5.5,6.6825,0.18137500000000006,2.9517527093563922,7.19463453565767,1.2072434607645732,HighVol,0.0,2.753623575266629e-07,0.9999997246050423,2.91910178919981e-11
2025-04-21,24125.55078125,0.011418063566753105,15.520000457763672,5.5,6.6825,0.18137500000000006,2.9517527093563922,7.19463453565767,1.2072434607645732,HighVol,0.0,3.433792743244303e-07,0.9999996565966874,2.760178727409015e-11
2025-04-22,24167.25,0.0017269335569158489,15.229999542236328,5.5,6.6825,0.18137500000000006,2.9517527093563922,7.19463453565767,1.2072434607645732,HighVol,0.0,1.457926793639985e-07,0.9999998541898201,2.0551808657451787e-11
2025-04-23,24328.94921875,0.006668556323176313,15.960000038146973,5.5,6.6825,0.18137500000000006,2.9517527093563922,7.19463453565767,1.2072434607645732,HighVol,0.0,3.914848565749584e-08,0.9999999608407969,1.2503427256980504e-11
2025-04-24,24246.69921875,-0.0033864737270896763,16.25,5.5,6.6825,0.18137500000000006,2.9517527093563922,7.19463453565767,1.2072434607645732,HighVol,0.0,2.1635947282014553e-08,0.9999999783540263,1.1344293443636377e-11
2025-04-25,24039.349609375,-0.008588438645809417,17.15999984741211,5.5,6.6825,0.18137500000000006,2.9517527093563922,7.19463453565767,1.2072434607645732,HighVol,0.0,4.815733302277004e-09,0.9999999951760401,1.0663311830878344e-11
2025-04-28,24328.5,0.011956447831200931,16.940000534057617,5.5,6.6825,0.18137500000000006,2.9517527093563922,7.19463453565767,1.2072434607645732,HighVol,0.0,3.6887137611421404e-09,0.9999999963038135,7.452320956193826e-12
2025-04-29,24335.94921875,0.00030614622903455367,17.3700008392334,5.5,6.6825,0.18137500000000006,2.9517527093563922,7.19463453565767,1.2072434607645732,HighVol,0.0,4.216026635554235e-09,0.9999999957726686,7.793162662679562e-12
2025-04-30,24334.19921875,-7.191266338548166e-05,18.219999313354492,5.5,6.6825,0.18137500000000006,2.9517527093563922,7.19463453565767,1.2072434607645732,HighVol,0.0,3.796013656857542e-09,0.9999999961946742,8.962239589653957e-12
2025-05-02,24346.69921875,0.0005135484625769229,18.260000228881836,5.5,6.455,0.41202499999999986,2.9517527093563922,5.75542274993133,0.6006006006005871,HighVol,0.0,1.2320055912874458e-08,0.9999999495994428,3.808134914639671e-08
2025-05-05,24461.150390625,0.004689876016656186,18.34000015258789,5.5,6.455,0.41202499999999986,2.9517527093563922,5.75542274993133,0.6006006006005871,HighVol,0.0,2.915177891681846e-08,0.9999999315987248,3.925205935366808e-08
2025-05-06,24379.599609375,-0.0033394596535795407,19.0,5.5,6.455,0.41202499999999986,2.9517527093563922,5.75542274993133,0.6006006006005871,HighVol,0.0,1.5539148212580175e-08,0.9999999433421196,4.111923176077574e-08
2025-05-07,24414.400390625,0.001426437150093386,19.059999465942383,5.5,6.455,0.41202499999999986,2.9517527093563922,5.75542274993133,0.6006006006005871,HighVol,0.0,1.665572858239507e-08,0.9999999439169203,3.9430026667493625e-08
2025-05-08,24273.80078125,-0.005775526588332327,21.010000228881836,5.5,6.455,0.41202499999999986,2.9517527093563922,5.75542274993133,0.6006006006005871,HighVol,0.0,3.079613315437496e-08,0.9999999008723583,6.833310392716377e-08
2025-05-09,24008.0,-0.011010503428714508,21.6299991607666,5.5,6.455,0.41202499999999986,2.9517527093563922,5.75542274993133,0.6006006006005871,HighVol,0.0,1.8352176628700903e-07,0.9999995582257791,2.582513727540668e-07
2025-05-12,24924.69921875,0.03747214018466671,18.389999389648438,5.5,6.455,0.41202499999999986,2.9517527093563922,5.75542274993133,0.6006006006005871,HighVol,0.0,2.70230970335435e-07,0.999999670966699,5.880234796895175e-08
2025-05-13,24578.349609375,-0.013993290077199355,18.200000762939453,5.5,6.455,0.41202499999999986,2.9517527093563922,5.75542274993133,0.6006006006005871,HighVol,0.0,1.9090070828451775e-07,0.9999997335253639,7.557637980346389e-08
2025-05-14,24666.900390625,0.003596321541244558,17.229999542236328,5.5,6.455,0.41202499999999986,2.9517527093563922,5.75542274993133,0.6006006006005871,HighVol,0.0,9.155566427980999e-08,0.9999998542989594,5.414799380217104e-08
2025-05-15,25062.099609375,0.015894449466611917,16.889999389648438,5.5,6.455,0.41202499999999986,2.9517527093563922,5.75542274993133,0.6006006006005871,HighVol,0.0,2.0076769171155236e-07,0.9999997601699139,3.906440178165478e-08
2025-05-16,25019.80078125,-0.0016891866264205442,16.549999237060547,5.5,6.455,0.41202499999999986,2.9517527093563922,5.75542274993133,0.6006006006005871,HighVol,0.0,2.6785364076590326e-07,0.9999996841652817,4.79793196054114e-08
2025-05-19,24945.44921875,-0.002976133107706799,17.360000610351562,5.5,6.455,0.41202499999999986,2.9517527093563922,5.75542274993133,0.6006006006005871,HighVol,0.0,1.7158263909620395e-08,0.9999999566134656,2.622470682821203e-08
2025-05-20,24683.900390625,-0.010540184450815589,17.389999389648438,5.5,6.455,0.41202499999999986,2.9517527093563922,5.75542274993133,0.6006006006005871,HighVol,0.0,1.3730213232217935e-08,0.9999999518258857,3.444238326985915e-08
2025-05-21,24813.44921875,0.0052345883147392296,17.549999237060547,5.5,6.455,0.41202499999999986,2.9517527093563922,5.75542274993133,0.6006006006005871,HighVol,0.0,1.2672037711294883e-08,0.9999999589999797,2.8331140891672886e-08
2025-05-22,24609.69921875,-0.008245170966734258,17.260000228881836,5.5,6.455,0.41202499999999986,2.9517527093563922,5.75542274993133,0.6006006006005871,HighVol,0.0,1.8327248665128865e-08,0.9999999259307543,5.574348670948175e-08
2025-05-23,24853.150390625,0.009843878373448323,17.280000686645508,5.5,6.455,0.41202499999999986,2.9517527093563922,5.75542274993133,0.6006006006005871,HighVol,0.0,1.3233637518879655e-08,0.9999999558131104,3.0955798425679456e-08
2025-05-26,25001.150390625,0.0059373186446142635,18.020000457763672,5.5,6.455,0.41202499999999986,2.9517527093563922,5.75542274993133,0.6006006006005871,HighVol,0.0,1.3891188140384133e-08,0.9999999641295296,2.1979716362264356e-08
2025-05-27,24826.19921875,-0.00702232377173064,18.540000915527344,5.5,6.455,0.41202499999999986,2.9517527093563922,5.75542274993133,0.6006006006005871,HighVol,0.0,1.1329862713485359e-08,0.9999999617939473,2.6874280301443776e-08
2025-05-28,24752.44921875,-0.002975073210803887,18.020000457763672,5.5,6.455,0.41202499999999986,2.9517527093563922,5.75542274993133,0.6006006006005871,HighVol,0.0,1.1028402573807398e-08,0.9999999565843618,3.238486032040202e-08
2025-05-29,24833.599609375,0.003273116733106363,16.420000076293945,5.5,6.455,0.41202499999999986,2.9517527093563922,5.75542274993133,0.6006006006005871,HighVol,0.0,1.821210084565991e-08,0.9999999455321827,3.625333779927013e-08
2025-05-30,24750.69921875,-0.0033438193068198903,16.079999923706055,5.5,6.455,0.41202499999999986,2.9517527093563922,5.75542274993133,0.6006006006005871,HighVol,0.0,1.923480399485517e-08,0.9999999310821318,4.968495404257835e-08
2025-06-02,24716.599609375,-0.001378673005562118,17.15999984741211,5.5,6.272,0.48112000000000066,2.9517527093563922,4.26017137941537,-0.19920318725099584,HighVol,0.0,1.7290998987969497e-08,0.9999999737337933,8.976685818534643e-09
2025-06-03,24542.5,-0.007068758288164619,16.559999465942383,5.5,6.272,0.48112000000000066,2.9517527093563922,4.26017137941537,-0.19920318725099584,HighVol,0.0,2.458183015944404e-08,0.9999999628125813,1.260440131090666e-08
2025-06-04,24620.19921875,0.0031609038835467354,15.75,5.5,6.272,0.48112000000000066,2.9517527093563922,4.26017137941537,-0.19920318725099584,HighVol,0.0,2.6959023346408005e-08,0.9999999602368924,1.280268954861044e-08
2025-06-05,24750.900390625,0.005294655304090157,15.079999923706055,5.5,6.272,0.48112000000000066,2.9517527093563922,4.26017137941537,-0.19920318725099584,HighVol,0.0,3.3043568622562145e-08,0.9999999541905719,1.2768013192681599e-08
2025-06-06,25003.05078125,0.010135980900817266,14.630000114440918,5.5,6.272,0.48112000000000066,2.9517527093563922,4.26017137941537,-0.19920318725099584,HighVol,0.0,5.168024530268573e-08,0.9999999388965098,9.424460091107021e-09
2025-06-09,25103.19921875,0.003997448256890138,14.6899995803833,5.5,6.272,0.48112000000000066,2.9517527093563922,4.26017137941537,-0.19920318725099584,HighVol,0.0,2.6458629439398735e-08,0.9999999662395572,7.305359317545173e-09
2025-06-10,25104.25,4.18575835460567e-05,14.020000457763672,5.5,6.272,0.48112000000000066,2.9517527093563922,4.26017137941537,-0.19920318725099584,HighVol,0.0,6.708382886816514e-08,0.9999999225474342,1.036654122115996e-08
2025-06-11,25141.400390625,0.001478750781646587,13.670000076293945,5.5,6.272,0.48112000000000066,2.9517527093563922,4.26017137941537,-0.19920318725099584,HighVol,0.0,6.120130707708482e-08,0.9999999286155824,1.0183624675490241e-08
2025-06-12,24888.19921875,-0.010122141121121413,14.020000457763672,5.5,6.272,0.48112000000000066,2.9517527093563922,4.26017137941537,-0.19920318725099584,HighVol,0.0,2.8139842191277912e-08,0.9999999583815233,1.3475202583422253e-08
2025-06-13,24718.599609375,-0.006837783295332098,15.079999923706055,5.5,6.272,0.48112000000000066,2.9517527093563922,4.26017137941537,-0.19920318725099584,HighVol,0.0,2.1192551585911145e-08,0.9999999652209232,1.3582949350576395e-08
2025-06-16,24946.5,0.00917755091754434,14.84000015258789,5.5,6.272,0.48112000000000066,2.9517527093563922,4.26017137941537,-0.19920318725099584,HighVol,0.0,1.5281885861321292e-08,0.999999977029802,7.690177621899177e-09
2025-06-17,24853.400390625,-0.0037389519699400583,14.399999618530273,5.5,6.272,0.48112000000000066,2.9517527093563922,4.26017137941537,-0.19920318725099584,HighVol,0.0,2.0656388926694326e-08,0.9999999689898691,1.0353494818731362e-08
2025-06-18,24812.05078125,-0.0016651260767121068,14.279999732971191,5.5,6.272,0.48112000000000066,2.9517527093563922,4.26017137941537,-0.19920318725099584,HighVol,0.0,2.2257876019690684e-08,0.9999999651845434,1.2559273409037729e-08
2025-06-19,24793.25,-0.0007580150449296773,14.260000228881836,5.5,6.272,0.48112000000000066,2.9517527093563922,4.26017137941537,-0.19920318725099584,HighVol,0.0,1.710456338866853e-08,0.999999973282684,9.61491276815754e-09
2025-06-20,25112.400390625,0.012790324902965947,13.670000076293945,5.5,6.272,0.48112000000000066,2.9517527093563922,4.26017137941537,-0.19920318725099584,HighVol,0.0,2.5386021453632412e-08,0.999999968335033,6.2793271568375035e-09
2025-06-23,24971.900390625,-0.005610555258512813,14.050000190734863,5.5,6.272,0.48112000000000066,2.9517527093563922,4.26017137941537,-0.19920318725099584,HighVol,0.0,1.238938707272238e-08,0.9999999804058464,7.201133113625592e-09
2025-06-24,25044.349609375,0.0028970292423300638,13.640000343322754,5.5,6.272,0.48112000000000066,2.9517527093563922,4.26017137941537,-0.19920318725099584,HighVol,0.0,1.4961494677675343e-08,0.9999999789943106,6.045211721634641e-09
2025-06-25,25244.75,0.00796997571939643,12.960000038146973,5.5,6.272,0.48112000000000066,2.9517527093563922,4.26017137941537,-0.19920318725099584,HighVol,0.0,2.719540389561169e-08,0.9999999674910219,5.312207524628263e-09
2025-06-26,25549.0,0.011979963629751521,12.59000015258789,5.5,6.272,0.48112000000000066,2.9517527093563922,4.26017137941537,-0.19920318725099584,HighVol,0.0,8.198462310429605e-08,0.9999999138526655,4.164129277247614e-09
2025-06-27,25637.80078125,0.00346967847107354,12.390000343322754,5.5,6.272,0.48112000000000066,2.9517527093563922,4.26017137941537,-0.19920318725099584,HighVol,0.0,5.0583697054926544e-08,0.9999999463034343,3.111992867489839e-09
2025-06-30,25517.05078125,-0.004720968611190444,12.789999961853027,5.5,6.272,0.48112000000000066,2.9517527093563922,4.26017137941537,-0.19920318725099584,HighVol,0.0,2.9776652515249633e-08,0.9999999673236749,2.9004759932899405e-09
2025-07-01,25541.80078125,0.0009694695897414579,12.529999732971191,5.5,6.3075,0.8785249999999998,2.9517527093563922,2.24153555327886,-0.3972194637537285,HighVol,0.0,1.2306797780295057e-07,0.9999998648199926,1.2113017697752019e-08
2025-07-02,25453.400390625,-0.0034670116851196766,12.449999809265137,5.5,6.3075,0.8785249999999998,2.9517527093563922,2.24153555327886,-0.3972194637537285,HighVol,0.0,6.28914159048072e-08,0.9999999244828388,1.2623639701160222e-08
2025-07-03,25405.30078125,-0.0018915002785163046,12.390000343322754,5.5,6.3075,0.8785249999999998,2.9517527093563922,2.24153555327886,-0.3972194637537285,HighVol,0.0,4.388897146781843e-08,0.9999999412248162,1.4886149565393994e-08
2025-07-04,25461.0,0.0021900252291445488,12.319999694824219,5.5,6.3075,0.8785249999999998,2.9517527093563922,2.24153555327886,-0.3972194637537285,HighVol,0.0,2.404698170895705e-08,0.9999999600258896,1.59294684029953e-08
2025-07-07,25461.30078125,1.181334092876479e-05,12.5600004196167,5.5,6.3075,0.8785249999999998,2.9517527093563922,2.24153555327886,-0.3972194637537285,HighVol,0.0,1.5817708814120932e-08,0.9999999715364543,1.264709307581201e-08
2025-07-08,25522.5,0.0024007330644550996,12.199999809265137,5.5,6.3075,0.8785249999999998,2.9517527093563922,2.24153555327886,-0.3972194637537285,HighVol,0.0,1.8118916144028488e-08,0.9999999693245631,1.2555325763471999e-08
2025-07-09,25476.099609375,-0.0018196736296237606,11.9399995803833,5.5,6.3075,0.8785249999999998,2.9517527093563922,2.24153555327886,-0.3972194637537285,HighVol,0.0,1.692476754819744e-08,0.9999999687934182,1.4279542700497874e-08
2025-07-10,25355.25,-0.004754933244868607,11.670000076293945,5.5,6.3075,0.8785249999999998,2.9517527093563922,2.24153555327886,-0.3972194637537285,HighVol,0.0,1.8000560381211776e-08,0.9999999624851632,1.9517214094869335e-08
2025-07-11,25149.849609375,-0.00813389240519248,11.819999694824219,5.5,6.3075,0.8785249999999998,2.9517527093563922,2.24153555327886,-0.3972194637537285,HighVol,0.0,2.0638966854889637e-08,0.9999999501596916,2.9198435518972677e-08
2025-07-14,25082.30078125,-0.0026894675348791744,11.979999542236328,5.5,6.3075,0.8785249999999998,2.9517527093563922,2.24153555327886,-0.3972194637537285,HighVol,0.0,1.4257098444371513e-08,0.9999999553547251,3.0384592708850665e-08
2025-07-15,25195.80078125,0.004514895720960817,11.479999542236328,5.5,6.3075,0.8785249999999998,2.9517527093563922,2.24153555327886,-0.3972194637537285,HighVol,0.0,1.608653285603472e-08,0.9999999573847171,2.65264044560771e-08
2025-07-16,25212.05078125,0.0006447408512447503,11.239999771118164,5.5,6.3075,0.8785249999999998,2.9517527093563922,2.24153555327886,-0.3972194637537285,HighVol,0.0,1.6576496533305484e-08,0.9999999577339631,2.5689796589900404e-08
2025-07-17,25111.44921875,-0.003998199509757984,11.239999771118164,5.5,6.3075,0.8785249999999998,2.9517527093563922,2.24153555327886,-0.3972194637537285,HighVol,0.0,1.5017143692235248e-08,0.999999957246474,2.7735746958494896e-08
2025-07-18,24968.400390625,-0.005712845317742711,11.390000343322754,5.5,6.3075,0.8785249999999998,2.9517527093563922,2.24153555327886,-0.3972194637537285,HighVol,0.0,1.2652120211190923e-08,0.9999999517531262,3.559442009989864e-08
2025-07-21,25090.69921875,0.004886187422514114,11.199999809265137,5.5,6.3075,0.8785249999999998,2.9517527093563922,2.24153555327886,-0.3972194637537285,HighVol,0.0,1.0680753884141187e-08,0.9999999665815272,2.273687271121668e-08
2025-07-22,25060.900390625,-0.0011883501967580668,10.75,5.5,6.3075,0.8785249999999998,2.9517527093563922,2.24153555327886,-0.3972194637537285,HighVol,0.0,1.2528436072816555e-08,0.9999999567371569,3.073635389049127e-08
2025-07-23,25219.900390625,0.006324502693684897,10.520000457763672,5.5,6.3075,0.8785249999999998,2.9517527093563922,2.24153555327886,-0.3972194637537285,HighVol,0.0,1.20663603030382e-08,0.9999999634455896,2.449156721972874e-08
2025-07-24,25062.099609375,-0.006276651657225533,10.720000267028809,5.5,6.3075,0.8785249999999998,2.9517527093563922,2.24153555327886,-0.3972194637537285,HighVol,0.0,1.3167301736080038e-08,0.9999999508945633,3.5935383147543296e-08
2025-07-25,24837.0,-0.009022252428611252,11.279999732971191,5.5,6.3075,0.8785249999999998,2.9517527093563922,2.24153555327886,-0.3972194637537285,HighVol,0.0,1.605792835997652e-08,0.9999999305218832,5.341832764226927e-08
2025-07-28,24680.900390625,-0.006304795850755804,12.0600004196167,5.5,6.3075,0.8785249999999998,2.9517527093563922,2.24153555327886,-0.3972194637537285,HighVol,0.0,2.351227317204559e-08,0.9999998919156555,8.457520110205195e-08
2025-07-29,24821.099609375,0.005664401180259817,11.529999732971191,5.5,6.3075,0.8785249999999998,2.9517527093563922,2.24153555327886,-0.3972194637537285,HighVol,0.0,1.5961547174272845e-08,0.9999999291248994,5.491534363610545e-08
2025-07-30,24855.05078125,0.001366900490246142,11.210000038146973,5.5,6.3075,0.8785249999999998,2.9517527093563922,2.24153555327886,-0.3972194637537285,HighVol,0.0,1.682512482692488e-08,0.9999999290666918,5.4109538867118287e-08
2025-07-31,24768.349609375,-0.003494369971240235,11.539999961853027,5.5,6.3075,0.8785249999999998,2.9517527093563922,2.24153555327886,-0.3972194637537285,HighVol,0.0,1.6310488490101752e-08,0.9999999258579947,5.783433498412114e-08
2025-08-01,24565.349609375,-0.008229715141942045,11.979999542236328,5.5,6.35,0.9676499999999999,2.9517527093563922,5.01015599522554,-0.7920792079207928,HighVol,0.0,2.5993971644570124e-08,0.9999999405263242,3.347824319174366e-08
2025-08-04,24722.75,0.006386974825463857,11.970000267028809,5.5,6.35,0.9676499999999999,2.9517527093563922,5.01015599522554,-0.7920792079207928,HighVol,0.0,4.523969259491612e-09,0.9999999865831343,8.889413026557785e-09
2025-08-05,24649.55078125,-0.0029651959185494695,11.710000038146973,5.5,6.35,0.9676499999999999,2.9517527093563922,5.01015599522554,-0.7920792079207928,HighVol,0.0,8.328329292678913e-09,0.9999999216452156,7.002338885327383e-08
2025-08-06,24574.19921875,-0.003061596134311999,11.960000038146973,5.5,6.35,0.9676499999999999,2.9517527093563922,5.01015599522554,-0.7920792079207928,HighVol,0.0,1.0351381309405123e-08,0.9999999015854022,8.806552398805724e-08
2025-08-07,24596.150390625,0.0008928622028389917,11.6899995803833,5.5,6.35,0.9676499999999999,2.9517527093563922,5.01015599522554,-0.7920792079207928,HighVol,0.0,5.386718842847621e-09,0.9999999503706943,4.424175447048436e-08
2025-08-08,24363.30078125,-0.00951200879308063,12.029999732971191,5.5,6.35,0.9676499999999999,2.9517527093563922,5.01015599522554,-0.7920792079207928,HighVol,0.0,8.714792160192293e-09,0.9999999184583463,7.28281086127443e-08
2025-08-11,24585.05078125,0.009060632685991908,12.220000267028809,5.5,6.35,0.9676499999999999,2.9517527093563922,5.01015599522554,-0.7920792079207928,HighVol,0.0,6.0494541718857036e-09,0.9999999406791193,5.327285061349766e-08
2025-08-12,24487.400390625,-0.003979850901478695,12.229999542236328,5.5,6.35,0.9676499999999999,2.9517527093563922,5.01015599522554,-0.7920792079207928,HighVol,0.0,6.7922298427092964e-09,0.9999999344509,5.8757170914118164e-08
2025-08-13,24619.349609375,0.0053739877432256436,12.140000343322754,5.5,6.35,0.9676499999999999,2.9517527093563922,5.01015599522554,-0.7920792079207928,HighVol,0.0,5.024118593031683e-09,0.9999999545761976,4.040324948768311e-08
2025-08-14,24631.30078125,0.00048532037708285097,12.359999656677246,5.5,6.35,0.9676499999999999,2.9517527093563922,5.01015599522554,-0.7920792079207928,HighVol,0.0,4.2526815678330846e-09,0.9999999616557042,3.4091962385758855e-08
2025-08-18,24876.94921875,0.009923616908863717,12.34000015258789,5.5,6.35,0.9676499999999999,2.9517527093563922,5.01015599522554,-0.7920792079207928,HighVol,0.0,5.360996796375488e-09,0.9999999741048672,2.0531752801617527e-08
2025-08-19,24980.650390625,0.004159900285259885,11.789999961853027,5.5,6.35,0.9676499999999999,2.9517527093563922,5.01015599522554,-0.7920792079207928,HighVol,0.0,3.545408786275375e-09,0.9999999814099285,1.5044221093679088e-08
2025-08-20,25050.55078125,0.002794273751954044,11.789999961853027,5.5,6.35,0.9676499999999999,2.9517527093563922,5.01015599522554,-0.7920792079207928,HighVol,0.0,4.523928244271257e-09,0.9999999828942238,1.258452596534129e-08
2025-08-21,25083.75,0.0013244115539841486,11.369999885559082,5.5,6.35,0.9676499999999999,2.9517527093563922,5.01015599522554,-0.7920792079207928,HighVol,0.0,3.788066910492426e-09,0.999999983876478,1.2336082212254967e-08
2025-08-22,24870.099609375,-0.008553963109247331,11.729999542236328,5.5,6.35,0.9676499999999999,2.9517527093563922,5.01015599522554,-0.7920792079207928,HighVol,0.0,3.309807214567742e-09,0.999999977895641,1.8795466907959008e-08
2025-08-25,24967.75,0.003918729092601476,11.760000228881836,5.5,6.35,0.9676499999999999,2.9517527093563922,5.01015599522554,-0.7920792079207928,HighVol,0.0,2.75408621241792e-09,0.9999999826031855,1.46391990007987e-08
2025-08-26,24712.05078125,-0.010293981565065833,12.1899995803833,5.5,6.35,0.9676499999999999,2.9517527093563922,5.01015599522554,-0.7920792079207928,HighVol,0.0,4.6753021547190456e-09,0.9999999616702561,3.365295832884799e-08
2025-08-28,24500.900390625,-0.00858114302373062,12.180000305175781,5.5,6.35,0.9676499999999999,2.9517527093563922,5.01015599522554,-0.7920792079207928,HighVol,0.0,9.14384407922628e-09,0.9999999220308412,6.882585824320458e-08
2025-08-29,24426.849609375,-0.003026946376657732,11.75,5.5,6.35,0.9676499999999999,2.9517527093563922,5.01015599522554,-0.7920792079207928,HighVol,0.0,1.3027924189910764e-08,0.9999998956482213,9.132084354374756e-08
2025-09-01,24625.05078125,0.008081328102276956,11.289999961853027,5.5,6.522,1.0539200000000006,2.9517527093563922,3.91466433816623,0.0,HighVol,0.0,5.47680712523768e-09,0.9999987939525451,1.2005709923375475e-06
2025-09-02,24579.599609375,-0.0018474345185382894,11.399999618530273,5.5,6.522,1.0539200000000006,2.9517527093563922,3.91466433816623,0.0,HighVol,0.0,5.23895613972576e-09,0.999998944048105,1.050711002296321e-06
2025-09-03,24715.05078125,0.005495586709857895,10.930000305175781,5.5,6.522,1.0539200000000006,2.9517527093563922,3.91466433816623,0.0,HighVol,0.0,4.413139307495354e-09,0.9999991421795171,8.53410465358856e-07
2025-09-04,24734.30078125,0.0007785744550393448,10.850000381469727,5.5,6.522,1.0539200000000006,2.9517527093563922,3.91466433816623,0.0,HighVol,0.0,5.133254629130562e-09,0.9999992378219025,7.570413541600153e-07
2025-09-05,24741.0,0.0002708106342015157,10.779999732971191,5.5,6.522,1.0539200000000006,2.9517527093563922,3.91466433816623,0.0,HighVol,0.0,5.249814866498163e-09,0.9999995104518636,4.842967850312331e-07
2025-09-08,24773.150390625,0.0012986346282709543,10.84000015258789,5.5,6.522,1.0539200000000006,2.9517527093563922,3.91466433816623,0.0,HighVol,0.0,3.271646988007356e-09,0.9999996489642106,3.477633497526875e-07
2025-09-09,24868.599609375,0.0038455266535053208,10.6899995803833,5.5,6.522,1.0539200000000006,2.9517527093563922,3.91466433816623,0.0,HighVol,0.0,4.265371909154e-09,0.9999997074774428,2.8825666361513103e-07
2025-09-10,24973.099609375,0.004193282121674665,10.539999961853027,5.5,6.522,1.0539200000000006,2.9517527093563922,3.91466433816623,0.0,HighVol,0.0,3.081659438436783e-09,0.9999997791601589,2.1775633582681422e-07
2025-09-11,25005.5,0.0012965707489705478,10.359999656677246,5.5,6.522,1.0539200000000006,2.9517527093563922,3.91466433816623,0.0,HighVol,0.0,3.501500167132534e-09,0.9999997842897079,2.1220591954598752e-07
2025-09-12,25114.0,0.004329658895022681,10.119999885559082,5.5,6.522,1.0539200000000006,2.9517527093563922,3.91466433816623,0.0,HighVol,0.0,4.244055716771117e-09,0.9999997864652187,2.0929032420304e-07
2025-09-15,25069.19921875,-0.001785489719644452,10.399999618530273,5.5,6.522,1.0539200000000006,2.9517527093563922,3.91466433816623,0.0,HighVol,0.0,2.8761348519144214e-09,0.9999998163475707,1.8077270645554474e-07
2025-09-16,25239.099609375,0.0067543940269436074,10.270000457763672,5.5,6.522,1.0539200000000006,2.9517527093563922,3.91466433816623,0.0,HighVol,0.0,2.2160476946119334e-09,0.9999998930434288,1.0474400674169493e-07
2025-09-17,25330.25,0.003604969810507005,10.25,5.5,6.522,1.0539200000000006,2.9517527093563922,3.91466433816623,0.0,HighVol,0.0,1.8330290918451485e-09,0.999999919040423,7.912323428908259e-08
2025-09-18,25423.599609375,0.0036785274558399,9.890000343322754,5.5,6.522,1.0539200000000006,2.9517527093563922,3.91466433816623,0.0,HighVol,0.0,2.4325522661710047e-09,0.9999999166611849,8.090374748045133e-08
2025-09-19,25327.05078125,-0.0038048357551339826,9.970000267028809,5.5,6.522,1.0539200000000006,2.9517527093563922,3.91466433816623,0.0,HighVol,0.0,1.4296878866359828e-09,0.9999999226274697,7.594581646207409e-08
2025-09-22,25202.349609375,-0.00493579674708062,10.5600004196167,5.5,6.522,1.0539200000000006,2.9517527093563922,3.91466433816623,0.0,HighVol,0.0,6.504844870191423e-10,0.9999999683277571,3.1023964039253276e-08
2025-09-23,25169.5,-0.001304284606843299,10.630000114440918,5.5,6.522,1.0539200000000006,2.9517527093563922,3.91466433816623,0.0,HighVol,0.0,5.682094202391065e-10,0.9999999658539315,3.357461941945442e-08
2025-09-24,25056.900390625,-0.004483689738311146,10.520000457763672,5.5,6.522,1.0539200000000006,2.9517527093563922,3.91466433816623,0.0,HighVol,0.0,7.809905853629216e-10,0.9999999526189651,4.659728175837728e-08
2025-09-25,24890.849609375,-0.006649003929024595,10.779999732971191,5.5,6.522,1.0539200000000006,2.9517527093563922,3.91466433816623,0.0,HighVol,0.0,1.3633631662411492e-09,0.9999999094725395,8.916695742890659e-08
2025-09-26,24654.69921875,-0.009532730366893805,11.430000305175781,5.5,6.522,1.0539200000000006,2.9517527093563922,3.91466433816623,0.0,HighVol,0.0,3.070955510696335e-09,0.9999997108316584,2.8609906925332427e-07
2025-09-29,24634.900390625,-0.0008033674181471517,11.369999885559082,5.5,6.522,1.0539200000000006,2.9517527093563922,3.91466433816623,0.0,HighVol,0.0,2.3958837190188846e-09,0.9999997242339684,2.7337088372774217e-07
2025-09-30,24611.099609375,-0.0009666077692868598,11.069999694824219,5.5,6.522,1.0539200000000006,2.9517527093563922,3.91466433816623,0.0,HighVol,0.0,2.235610584313433e-09,0.9999997596387691,2.3812401576429919e-07
2025-10-01,24836.30078125,0.009108779315782467,10.289999961853027,5.5,6.585,1.0882500000000004,2.9517527093563922,5.31637027174359,-0.19762845849802257,HighVol,0.0,1.995369219667727e-09,0.9999998884741279,1.0953278057168935e-07
2025-10-03,24894.25,0.0023305289834215856,10.0600004196167,5.5,6.585,1.0882500000000004,2.9517527093563922,5.31637027174359,-0.19762845849802257,HighVol,0.0,1.8406670907414891e-09,0.9999999078354491,9.032274088027011e-08
2025-10-06,25077.650390625,0.007340173682814145,10.1899995803833,5.5,6.585,1.0882500000000004,2.9517527093563922,5.31637027174359,-0.19762845849802257,HighVol,0.0,2.6430202502757914e-09,0.9999999271967708,7.015811441433412e-08
2025-10-07,25108.30078125,0.0012214730903828323,10.050000190734863,5.5,6.585,1.0882500000000004,2.9517527093563922,5.31637027174359,-0.19762845849802257,HighVol,0.0,1.4016643091698743e-09,0.9999999921565177,6.441829627222648e-09
2025-10-08,25046.150390625,-0.0024783611817054724,10.3100004196167,5.5,6.585,1.0882500000000004,2.9517527093563922,5.31637027174359,-0.19762845849802257,HighVol,0.0,1.0411456411153022e-09,0.9999999930223566,5.939057836715422e-09
2025-10-09,25181.80078125,0.005401403691044332,10.119999885559082,5.5,6.585,1.0882500000000004,2.9517527093563922,5.31637027174359,-0.19762845849802257,HighVol,0.0,8.608761703809586e-10,0.9999999940846465,5.057304251009099e-09
2025-10-10,25285.349609375,0.004103618794970308,10.100000381469727,5.5,6.585,1.0882500000000004,2.9517527093563922,5.31637027174359,-0.19762845849802257,HighVol,0.0,8.87687672852598e-10,0.9999999949577614,4.152882881072082e-09
2025-10-13,25227.349609375,-0.0022964532241035664,11.010000228881836,5.5,6.585,1.0882500000000004,2.9517527093563922,5.31637027174359,-0.19762845849802257,HighVol,0.0,5.988893804026339e-10,0.9999999944338924,4.964794812215979e-09
2025-10-14,25145.5,-0.0032497538671527296,11.15999984741211,5.5,6.585,1.0882500000000004,2.9517527093563922,5.31637027174359,-0.19762845849802257,HighVol,0.0,6.103844197989251e-10,0.999999993313395,6.074161714305172e-09
2025-10-15,25323.55078125,0.007055869574947451,10.529999732971191,5.5,6.585,1.0882500000000004,2.9517527093563922,5.31637027174359,-0.19762845849802257,HighVol,0.0,6.409067875894741e-10,0.9999999952124199,4.146203851316194e-09
2025-10-16,25585.30078125,0.010283174673804386,10.869999885559082,5.5,6.585,1.0882500000000004,2.9517527093563922,5.31637027174359,-0.19762845849802257,HighVol,0.0,8.037850349547368e-10,0.9999999963329174,2.8647260816827354e-09
2025-10-17,25709.849609375,0.0048561734175648985,11.630000114440918,5.5,6.585,1.0882500000000004,2.9517527093563922,5.31637027174359,-0.19762845849802257,HighVol,0.0,9.40766333379192e-10,0.999999996223778,2.8376487648392066e-09
2025-10-20,25843.150390625,0.0051714188632333265,11.359999656677246,5.5,6.585,1.0882500000000004,2.9517527093563922,5.31637027174359,-0.19762845849802257,HighVol,0.0,1.590181827096179e-09,0.9999999963547452,2.0558510811183022e-09
2025-10-21,25868.599609375,0.000984272270986046,11.300000190734863,5.5,6.585,1.0882500000000004,2.9517527093563922,5.31637027174359,-0.19762845849802257,HighVol,0.0,2.1663334612757483e-09,0.9999999959763954,1.8569824062027247e-09
2025-10-23,25891.400390625,0.0008810194252249848,11.729999542236328,5.5,6.585,1.0882500000000004,2.9517527093563922,5.31637027174359,-0.19762845849802257,HighVol,0.0,1.2967806205445181e-09,0.9999999973151716,1.3870477582343882e-09
2025-10-24,25795.150390625,-0.0037243774174138414,11.59000015258789,5.5,6.585,1.0882500000000004,2.9517527093563922,5.31637027174359,-0.19762845849802257,HighVol,0.0,6.100313604962207e-10,0.9999999981009751,1.2908072432014348e-09
2025-10-27,25966.05078125,0.00660344071508198,11.859999656677246,5.5,6.585,1.0882500000000004,2.9517527093563922,5.31637027174359,-0.19762845849802257,HighVol,0.0,1.0451966777366256e-09,0.9999999979045242,1.048618508478913e-09
2025-10-28,25936.19921875,-0.0011502994876563522,11.949999809265137,5.5,6.585,1.0882500000000004,2.9517527093563922,5.31637027174359,-0.19762845849802257,HighVol,0.0,1.2552247505560112e-09,0.9999999974388629,1.3043562590606666e-09
2025-10-29,26053.900390625,0.004527837947802368,11.970000267028809,5.5,6.585,1.0882500000000004,2.9517527093563922,5.31637027174359,-0.19762845849802257,HighVol,0.0,1.6944023397501647e-09,0.9999999973297236,9.78332194821764e-10
2025-10-30,25877.849609375,-0.006780108726120027,12.069999694824219,5.5,6.585,1.0882500000000004,2.9517527093563922,5.31637027174359,-0.19762845849802257,HighVol,0.0,1.0379412875929125e-09,0.9999999976716936,1.2907936977326816e-09
2025-10-31,25722.099609375,-0.006036845980053782,12.149999618530273,5.5,6.585,1.0882500000000004,2.9517527093563922,5.31637027174359,-0.19762845849802257,HighVol,0.0,6.840973877976123e-10,0.9999999973879312,1.929713191361103e-09
2025-11-03,25763.349609375,0.001602394830084992,12.670000076293945,5.5,6.482,1.0289000000000001,2.9517527093563922,-0.485415514324072,-1.1753183153770719,HighVol,0.0,7.873016417390947e-09,0.9999999919964466,1.318587741011714e-10
2025-11-04,25597.650390625,-0.006452358545521922,12.649999618530273,5.5,6.482,1.0289000000000001,2.9517527093563922,-0.485415514324072,-1.1753183153770719,HighVol,0.0,8.173911435360753e-09,0.9999999915744411,2.540593788036376e-10
2025-11-06,25509.69921875,-0.0034418242922323408,12.40999984741211,5.5,6.482,1.0289000000000001,2.9517527093563922,-0.485415514324072,-1.1753183153770719,HighVol,0.0,9.609101896253601e-09,0.999999990039214,3.5362823887837707e-10
2025-11-07,25492.30078125,-0.0006822649376453303,12.5600004196167,5.5,6.482,1.0289000000000001,2.9517527093563922,-0.485415514324072,-1.1753183153770719,HighVol,0.0,5.541819998129077e-09,0.9999999942883733,1.7100397552427964e-10
2025-11-10,25574.349609375,0.0032134043686110675,12.300000190734863,5.5,6.482,1.0289000000000001,2.9517527093563922,-0.485415514324072,-1.1753183153770719,HighVol,0.0,2.7680011657596348e-09,0.9999999971769284,5.642500375946664e-11
2025-11-11,25694.94921875,0.004704563337770722,12.489999771118164,5.5,6.482,1.0289000000000001,2.9517527093563922,-0.485415514324072,-1.1753183153770719,HighVol,0.0,2.5232600749853463e-09,0.9999999974388629,4.063375823253e-11
2025-11-12,25875.80078125,0.007013755040664786,12.109999656677246,5.5,6.482,1.0289000000000001,2.9517527093563922,-0.485415514324072,-1.1753183153770719,HighVol,0.0,3.555912960455141e-09,0.9999999964129529,2.7907021129425412e-11
2025-11-13,25879.150390625,0.00012944111834060272,12.15999984741211,5.5,6.482,1.0289000000000001,2.9517527093563922,-0.485415514324072,-1.1753183153770719,HighVol,0.0,4.38913087959914e-09,0.9999999955834937,2.8882245609151062e-11
2025-11-14,25910.05078125,0.0011933141887742222,11.9399995803833,5.5,6.482,1.0289000000000001,2.9517527093563922,-0.485415514324072,-1.1753183153770719,HighVol,0.0,2.3688905960629303e-09,0.9999999976207619,8.011722106066244e-12
2025-11-17,26013.44921875,0.003982727442351947,11.789999961853027,5.5,6.482,1.0289000000000001,2.9517527093563922,-0.485415514324072,-1.1753183153770719,HighVol,0.0,2.2426976941164684e-09,0.9999999977517291,6.12437038043064e-12
2025-11-18,25910.05078125,-0.003982727442351953,12.100000381469727,5.5,6.482,1.0289000000000001,2.9517527093563922,-0.485415514324072,-1.1753183153770719,HighVol,0.0,1.5202038382842009e-09,0.9999999984720489,1.0583087513066527e-11
2025-11-19,26052.650390625,0.005488550984983714,11.970000267028809,5.5,6.482,1.0289000000000001,2.9517527093563922,-0.485415514324072,-1.1753183153770719,HighVol,0.0,2.0642126262604676e-09,0.9999999979263521,1.2938674177715248e-11
2025-11-20,26192.150390625,0.005340256999340202,12.140000343322754,5.5,6.482,1.0289000000000001,2.9517527093563922,-0.485415514324072,-1.1753183153770719,HighVol,0.0,1.538976279168755e-09,0.999999998457497,2.1886595917049378e-12
2025-11-21,26068.150390625,-0.0047454848460117445,13.630000114440918,5.5,6.482,1.0289000000000001,2.9517527093563922,-0.485415514324072,-1.1753183153770719,HighVol,0.0,1.4037497012766368e-09,0.9999999985884642,6.192120553460987e-12
2025-11-24,25959.5,-0.00417664636992243,13.239999771118164,5.5,6.482,1.0289000000000001,2.9517527093563922,-0.485415514324072,-1.1753183153770719,HighVol,0.0,4.519045352558363e-10,0.9999999995488906,7.387952961501731e-13
2025-11-25,25884.80078125,-0.002881677226487561,12.239999771118164,5.5,6.482,1.0289000000000001,2.9517527093563922,-0.485415514324072,-1.1753183153770719,HighVol,0.0,1.6141818043085167e-11,0.9999999999854481,7.522970340488174e-19
2025-11-26,26205.30078125,0.012305756174877891,11.970000267028809,5.5,6.482,1.0289000000000001,2.9517527093563922,-0.485415514324072,-1.1753183153770719,HighVol,0.0,1.066166213440402e-09,0.9999999989304342,1.18442977475122e-12
2025-11-27,26215.55078125,0.0003910657620054032,11.789999961853027,5.5,6.482,1.0289000000000001,2.9517527093563922,-0.485415514324072,-1.1753183153770719,HighVol,0.0,4.3943909525556405e-10,0.9999999995634425,1.1335712596662542e-13
2025-11-28,26202.94921875,-0.0004808059270205712,11.619999885559082,5.5,6.482,1.0289000000000001,2.9517527093563922,-0.485415514324072,-1.1753183153770719,HighVol,0.0,4.300295436068284e-10,0.9999999995707185,7.39837570582915e-14
2025-12-01,26175.75,-0.001038560391932615,11.630000114440918,5.5,6.5375,1.1311,2.9517527093563922,8.79682398441806,-0.5876591576885359,HighVol,0.0,1.457314181265964e-10,0.9999999998544808,2.166036115354731e-13
2025-12-02,26032.19921875,-0.005499206353098099,11.229999542236328,5.5,6.5375,1.1311,2.9517527093563922,8.79682398441806,-0.5876591576885359,HighVol,0.0,2.625350128785604e-10,0.9999999997307896,3.56494277970749e-12
2025-12-03,25986.0,-0.0017762718275890193,11.210000038146973,5.5,6.5375,1.1311,2.9517527093563922,8.79682398441806,-0.5876591576885359,HighVol,0.0,3.18146194698339e-10,0.9999999996725819,6.3781617506630694e-12
2025-12-04,26033.75,0.0018358417105443499,10.819999694824219,5.5,6.5375,1.1311,2.9517527093563922,8.79682398441806,-0.5876591576885359,HighVol,0.0,4.313810977903515e-10,0.9999999995634425,6.8649340732286285e-12
2025-12-05,26186.44921875,0.005848298407896911,10.319999694824219,5.5,6.5375,1.1311,2.9517527093563922,8.79682398441806,-0.5876591576885359,HighVol,0.0,1.2337486277649114e-09,0.9999999987412593,2.1538112183763297e-11
2025-12-08,25960.55078125,-0.008663963433110109,11.130000114440918,5.5,6.5375,1.1311,2.9517527093563922,8.79682398441806,-0.5876591576885359,HighVol,0.0,8.681489255297325e-10,0.9999999990250217,1.0657844791768053e-10
2025-12-09,25839.650390625,-0.004667959097577137,10.949999809265137,5.5,6.5375,1.1311,2.9517527093563922,8.79682398441806,-0.5876591576885359,HighVol,0.0,1.1224160145536054e-09,0.9999999985739123,3.0587149723134456e-10
2025-12-10,25758.0,-0.003164890577820058,10.90999984741211,5.5,6.5375,1.1311,2.9517527093563922,8.79682398441806,-0.5876591576885359,HighVol,0.0,1.1325758633149054e-09,0.999999998457497,4.113834974957966e-10
2025-12-11,25898.55078125,0.005441754277616313,10.399999618530273,5.5,6.5375,1.1311,2.9517527093563922,8.79682398441806,-0.5876591576885359,HighVol,0.0,1.5470254432634386e-09,0.9999999980209395,4.288808670391797e-10
2025-12-12,26046.94921875,0.0057136360690816825,10.109999656677246,5.5,6.5375,1.1311,2.9517527093563922,8.79682398441806,-0.5876591576885359,HighVol,0.0,1.782351685758085e-09,0.9999999979263521,2.935973415136636e-10
2025-12-15,26027.30078125,-0.0007546316435640039,10.25,5.5,6.5375,1.1311,2.9517527093563922,8.79682398441806,-0.5876591576885359,HighVol,0.0,1.3309515202174308e-09,0.9999999984429451,2.260829391479371e-10
2025-12-16,25860.099609375,-0.006444791966669916,10.0600004196167,5.5,6.5375,1.1311,2.9517527093563922,8.79682398441806,-0.5876591576885359,HighVol,0.0,1.7906153605413248e-09,0.9999999976134859,5.952610466395412e-10
2025-12-17,25818.55078125,-0.0016079691231565723,9.84000015258789,5.5,6.5375,1.1311,2.9517527093563922,8.79682398441806,-0.5876591576885359,HighVol,0.0,2.0096097747381688e-09,0.9999999972787919,7.126403355108224e-10
2025-12-18,25815.55078125,-0.00011620227379163036,9.710000038146973,5.5,6.5375,1.1311,2.9517527093563922,8.79682398441806,-0.5876591576885359,HighVol,0.0,1.746924549320285e-09,0.9999999976935214,5.619257613723519e-10
2025-12-19,25966.400390625,0.005826355812965194,9.520000457763672,5.5,6.5375,1.1311,2.9517527093563922,8.79682398441806,-0.5876591576885359,HighVol,0.0,1.9109811846266352e-09,0.9999999975771061,5.096233437813239e-10
2025-12-22,26172.400390625,0.00790202570190833,9.680000305175781,5.5,6.5375,1.1311,2.9517527093563922,8.79682398441806,-0.5876591576885359,HighVol,0.0,1.9907207207041435e-09,0.9999999977808329,2.2617013169543898e-10
2025-12-23,26177.150390625,0.00018147242687454733,9.380000114440918,5.5,6.5375,1.1311,2.9517527093563922,8.79682398441806,-0.5876591576885359,HighVol,0.0,1.971882767372008e-09,0.9999999979045242,1.226090809635523e-10
2025-12-24,26142.099609375,-0.0013398810760412456,9.1899995803833,5.5,6.5375,1.1311,2.9517527093563922,8.79682398441806,-0.5876591576885359,HighVol,0.0,7.458526047932906e-10,0.9999999992360245,2.1750677131051477e-11
2025-12-26,26042.30078125,-0.0038248575837020187,9.149999618530273,5.5,6.5375,1.1311,2.9517527093563922,8.79682398441806,-0.5876591576885359,HighVol,0.0,7.858026712098073e-10,0.9999999991559889,5.7840065974297996e-11
2025-12-29,25942.099609375,-0.0038550524856079535,9.720000267028809,5.5,6.5375,1.1311,2.9517527093563922,8.79682398441806,-0.5876591576885359,HighVol,0.0,5.040147913637693e-10,0.9999999994251993,7.407193318025245e-11
2025-12-30,25938.849609375,-0.00012528683662081574,9.680000305175781,5.5,6.5375,1.1311,2.9517527093563922,8.79682398441806,-0.5876591576885359,HighVol,0.0,2.2657217644353488e-10,0.9999999997671694,8.405008053885764e-12
2025-12-31,26129.599609375,0.007326926621050068,9.479999542236328,5.5,6.5375,1.1311,2.9517527093563922,8.79682398441806,-0.5876591576885359,HighVol,0.0,4.4050041497905394e-10,0.9999999995343387,2.5341443679734323e-11
2026-01-01,26146.55078125,0.0006485241297397655,9.479999542236328,5.5,6.6325,1.3439750000000004,2.9517527093563922,7.45364588075217,0.2952755905512028,HighVol,0.0,1.214814761309745e-08,0.9999999851279427,2.724425494526133e-09
2026-01-02,26328.55078125,0.00693665088228735,9.449999809265137,5.5,6.6325,1.3439750000000004,2.9517527093563922,7.45364588075217,0.2952755905512028,Bull,0.9999999999490683,3.6307153674575024e-16,4.7518007054887125e-11,1.4756118203661644e-23
2026-01-05,26250.30078125,-0.002976484097528138,10.020000457763672,5.5,6.6325,1.3439750000000004,2.9517527093563922,7.45364588075217,0.2952755905512028,Bull,0.0,1.7511994688129864e-08,0.9999999647188822,1.7771582740624868e-08
2026-01-06,26178.69921875,-0.0027313741255683985,10.020000457763672,5.5,6.6325,1.3439750000000004,2.9517527093563922,7.45364588075217,0.2952755905512028,Bull,0.0,2.1176819468843974e-10,0.9999999993742676,4.160049319599631e-10
2026-01-07,26140.75,-0.0014506737349826563,9.949999809265137,5.5,6.6325,1.3439750000000004,2.9517527093563922,7.45364588075217,0.2952755905512028,Bull,0.0,1.685207198334654e-10,0.9999999995052349,3.268365585418678e-10
2026-01-08,25876.849609375,-0.010146667926064248,10.600000381469727,5.5,6.6325,1.3439750000000004,2.9517527093563922,7.45364588075217,0.2952755905512028,Bull,0.0,5.435290977562005e-10,0.9999999911742634,8.278942746668007e-09
2026-01-09,25683.30078125,-0.007507725861466694,10.930000305175781,5.5,6.6325,1.3439750000000004,2.9517527093563922,7.45364588075217,0.2952755905512028,HighVol,0.0,1.717050250816249e-09,0.9999999496067188,4.867849852510694e-08
2026-01-12,25790.25,0.00415550786875295,11.369999885559082,5.5,6.6325,1.3439750000000004,2.9517527093563922,7.45364588075217,0.2952755905512028,HighVol,0.0,1.1870146275365817e-09,0.9999999685460357,3.027013107829668e-08
2026-01-13,25732.30078125,-0.002249471049361169,11.199999809265137,5.5,6.6325,1.3439750000000004,2.9517527093563922,7.45364588075217,0.2952755905512028,HighVol,0.0,5.377563942970596e-10,0.9999999937645043,5.698564210304958e-09
2026-01-14,25665.599609375,-0.002595483815978393,11.319999694824219,5.5,6.6325,1.3439750000000004,2.9517527093563922,7.45364588075217,0.2952755905512028,HighVol,0.0,4.778925375042452e-10,0.9999999956344254,3.885604469373116e-09
2026-01-16,25694.349609375,0.0011195495104741853,11.369999885559082,5.5,6.6325,1.3439750000000004,2.9517527093563922,7.45364588075217,0.2952755905512028,HighVol,0.0,2.1623935839538721e-10,0.9999999989377102,8.463368897814556e-10
2026-01-19,25585.5,-0.004245323404225256,11.829999923706055,5.5,6.6325,1.3439750000000004,2.9517527093563922,7.45364588075217,0.2952755905512028,HighVol,0.0,3.3481326083103476e-10,0.9999999973806553,2.284896825032338e-09
2026-01-20,25232.5,-0.013892938636022806,12.729999542236328,5.5,6.6325,1.3439750000000004,2.9517527093563922,7.45364588075217,0.2952755905512028,HighVol,0.0,5.291463688482049e-09,0.9999997685372631,2.2617351023352044e-07
2026-01-21,25157.5,-0.0029767833055262707,13.779999732971191,5.5,6.6325,1.3439750000000004,2.9517527093563922,7.45364588075217,0.2952755905512028,HighVol,0.0,9.143707301497804e-09,0.9999996186162025,3.722383699387425e-07
2026-01-22,25289.900390625,0.005249059162526262,13.350000381469727,5.5,6.6325,1.3439750000000004,2.9517527093563922,7.45364588075217,0.2952755905512028,HighVol,0.0,4.3403079951656315e-09,0.9999998095882073,1.8607278626208474e-07
2026-01-23,25048.650390625,-0.009585172530157553,14.1899995803833,5.5,6.6325,1.3439750000000004,2.9517527093563922,7.45364588075217,0.2952755905512028,HighVol,0.0,1.6178484544139878e-08,0.9999992312371659,7.525846157133596e-07
2026-01-27,25175.400390625,0.0050473933153695125,14.449999809265137,5.5,6.6325,1.3439750000000004,2.9517527093563922,7.45364588075217,0.2952755905512028,HighVol,0.0,8.284591431310976e-09,0.9999995287436123,4.6297392554252457e-07
2026-01-28,25342.75,0.006625350304204862,13.529999732971191,5.5,6.6325,1.3439750000000004,2.9517527093563922,7.45364588075217,0.2952755905512028,HighVol,0.0,3.47140343135262e-09,0.9999998152052456,1.8132222600119091e-07
2026-01-29,25418.900390625,0.003000314101836464,13.369999885559082,5.5,6.6325,1.3439750000000004,2.9517527093563922,7.45364588075217,0.2952755905512028,HighVol,0.0,2.84569096407789e-09,0.9999998803541601,1.1679895322506858e-07
2026-01-30,25320.650390625,-0.003872723399525638,13.630000114440918,5.5,6.6325,1.3439750000000004,2.9517527093563922,7.45364588075217,0.2952755905512028,HighVol,0.0,3.741377139538913e-09,0.9999997875638881,2.086918804520739e-07
2026-02-02,25088.400390625,-0.00921468029121448,13.869999885559082,5.5,6.732,1.320925,2.9517527093563922,4.1,1.1869436201780381,HighVol,0.0,5.343429917117214e-09,0.9999969306856465,3.06397025846217e-06
2026-02-03,25727.55078125,0.025156829049839922,12.899999618530273,5.5,6.732,1.320925,2.9517527093563922,4.1,1.1869436201780381,HighVol,0.0,8.38244761650116e-09,0.9999969209868249,3.0706309995792716e-06
2026-02-04,25776.0,0.0018813938963879184,12.25,5.5,6.732,1.320925,2.9517527093563922,4.1,1.1869436201780381,HighVol,0.0,5.740081688118844e-09,0.9999975891871101,2.4050714185647583e-06
2026-02-05,25642.80078125,-0.005180965509696233,12.170000076293945,5.5,6.732,1.320925,2.9517527093563922,4.1,1.1869436201780381,HighVol,0.0,5.17577646792733e-09,0.9999970114485315,2.9833793205734977e-06
2026-02-06,25693.69921875,0.001982934332408332,11.9399995803833,5.5,6.732,1.320925,2.9517527093563922,4.1,1.1869436201780381,HighVol,0.0,6.214067022303153e-09,0.999997221752204,2.772034941580466e-06
2026-02-09,25867.30078125,0.006733857702297746,12.1899995803833,5.5,6.732,1.320925,2.9517527093563922,4.1,1.1869436201780381,HighVol,0.0,1.2698323745165254e-08,0.9999978781074562,2.1091918382670304e-06
2026-02-10,25935.150390625,0.0026195535786092045,11.670000076293945,5.5,6.732,1.320925,2.9517527093563922,4.1,1.1869436201780381,HighVol,0.0,5.667720839486263e-09,0.9999975769417031,2.4173930133381782e-06
2026-02-11,25953.849609375,0.0007207392533858182,11.550000190734863,5.5,6.732,1.320925,2.9517527093563922,4.1,1.1869436201780381,HighVol,0.0,5.6201369135895805e-09,0.9999973776610027,2.616722299954953e-06
2026-02-12,25807.19921875,-0.005666453301894332,11.729999542236328,5.5,6.732,1.320925,2.9517527093563922,4.1,1.1869436201780381,HighVol,0.0,5.573899717465788e-09,0.9999963083605437,3.6860625231068946e-06
2026-02-13,25471.099609375,-0.013109031702560043,13.289999961853027,5.5,6.732,1.320925,2.9517527093563922,4.1,1.1869436201780381,HighVol,0.0,6.7907219914471205e-09,0.9999923791182744,7.6140917224666e-06
2026-02-16,25682.75,0.008275099528577884,13.329999923706055,5.5,6.732,1.320925,2.9517527093563922,4.1,1.1869436201780381,HighVol,0.0,5.64204835376133e-09,0.9999940798764035,5.914478934716992e-06
2026-02-17,25725.400390625,0.0016592855446634625,12.670000076293945,5.5,6.732,1.320925,2.9517527093563922,4.1,1.1869436201780381,HighVol,0.0,5.911863626875744e-09,0.9999947165846117,5.2775026724021545e-06
2026-02-18,25819.349609375,0.0036453498285502696,12.220000267028809,5.5,6.732,1.320925,2.9517527093563922,4.1,1.1869436201780381,HighVol,0.0,7.757262941663488e-09,0.9999926373255238,7.354919628433272e-06
2026-02-19,25454.349609375,-0.014237559265090531,13.460000038146973,5.5,6.732,1.320925,2.9517527093563922,4.1,1.1869436201780381,HighVol,0.0,1.052618132480581e-08,0.9999661175744625,3.3871901965682794e-05
2026-02-20,25571.25,0.00458203709696536,14.359999656677246,5.5,6.732,1.320925,2.9517527093563922,4.1,1.1869436201780381,HighVol,0.0,9.642969772980613e-09,0.9998728415393144,0.0001271488208221278
2026-02-23,25713.0,0.00552802706402003,14.170000076293945,5.5,6.732,1.320925,2.9517527093563922,4.1,1.1869436201780381,HighVol,0.0,1.4263689719453857e-08,0.9993800186355767,0.0006199671002923796
2026-02-24,25424.650390625,-0.011277509359324957,14.149999618530273,5.5,6.732,1.320925,2.9517527093563922,4.1,1.1869436201780381,HighVol,0.0,3.6604459340440063e-08,0.9958589949498425,0.004140968443087734
2026-02-25,25482.5,0.0022727508349003555,13.489999771118164,5.5,6.732,1.320925,2.9517527093563922,4.1,1.1869436201780381,HighVol,0.0,1.0151685037434566e-07,0.9830759761996134,0.016923922285502067
2026-02-26,25496.55078125,0.000551237474627977,13.0600004196167,5.5,6.732,1.320925,2.9517527093563922,4.1,1.1869436201780381,HighVol,0.0,4.104905960867592e-07,0.9297343706871323,0.07026521882048281
2026-02-27,25178.650390625,-0.012546750821351201,13.699999809265137,5.5,6.732,1.320925,2.9517527093563922,4.1,1.1869436201780381,HighVol,0.0,1.8672988655945304e-06,0.6370031010373729,0.36299503166407454
2026-03-02,24865.69921875,-0.012507116341135643,17.1299991607666,5.5,6.77,1.4499999999999993,2.9517527093563922,4.4,2.18037661050543,Sideways,0.0,1.6512257978269465e-06,0.042323854057690284,0.9576744947191567
2026-03-04,24480.5,-0.015612430100429392,21.139999389648438,5.5,6.77,1.4499999999999993,2.9517527093563922,4.4,2.18037661050543,Sideways,0.0,2.0196334297639626e-07,0.0005511822290063149,0.9994486158109008
2026-03-05,24765.900390625,0.011590840491558407,17.860000610351562,5.5,6.77,1.4499999999999993,2.9517527093563922,4.4,2.18037661050543,Sideways,0.0,1.7383428996869223e-08,2.103621548526974e-05,0.9999789464015384
2026-03-06,24450.44921875,-0.012819134056590225,19.8799991607666,5.5,6.77,1.4499999999999993,2.9517527093563922,4.4,2.18037661050543,Sideways,0.0,2.6416668569070143e-08,6.670149760345433e-07,0.9999993065651
2026-03-09,24028.05078125,-0.017426658301668632,23.360000610351562,5.5,6.77,1.4499999999999993,2.9517527093563922,4.4,2.18037661050543,Sideways,0.0,5.855704277389642e-08,1.2575881305989086e-07,0.9999998156854587
2026-03-10,24261.599609375,0.009672907019832675,18.90999984741211,5.5,6.77,1.4499999999999993,2.9517527093563922,4.4,2.18037661050543,Sideways,0.0,3.2380504563404916e-08,4.5494414552598255e-07,0.9999995126783057
2026-03-11,23866.849609375,-0.016404386958885315,21.059999465942383,5.5,6.77,1.4499999999999993,2.9517527093563922,4.4,2.18037661050543,Sideways,0.0,4.0146819263353734e-08,9.23383115877699e-08,0.9999998675120966
2026-03-12,23639.150390625,-0.009586198057198514,21.520000457763672,5.5,6.77,1.4499999999999993,2.9517527093563922,4.4,2.18037661050543,Sideways,0.0,9.990621334752278e-08,3.888942661789323e-08,0.9999998612038422
2026-03-13,23151.099609375,-0.020861973679950938,22.649999618530273,5.5,6.77,1.4499999999999993,2.9517527093563922,4.4,2.18037661050543,Sideways,0.0,3.3529604004000984e-07,1.888920008547526e-08,0.999999645813722
2026-03-16,23408.80078125,0.011069774688696974,21.600000381469727,5.5,6.77,1.4499999999999993,2.9517527093563922,4.4,2.18037661050543,Sideways,0.0,1.1279405391725157e-07,7.457757112909563e-08,0.9999998126295571
2026-03-17,23581.150390625,0.007335627211391066,19.790000915527344,5.5,6.77,1.4499999999999993,2.9517527093563922,4.4,2.18037661050543,Sideways,0.0,1.0184523603873809e-07,1.0462207092740504e-07,0.9999997935301721
2026-03-18,23777.80078125,0.008304724491583992,18.719999313354492,5.5,6.77,1.4499999999999993,2.9517527093563922,4.4,2.18037661050543,Sideways,0.0,5.8531667011781494e-08,2.9351690031917194e-07,0.9999996479528528
2026-03-19,23002.150390625,-0.03316469831760482,22.799999237060547,5.5,6.77,1.4499999999999993,2.9517527093563922,4.4,2.18037661050543,Sideways,0.0,5.013488392815293e-07,3.793064649549592e-08,0.999999460720719
2026-03-20,23114.5,0.004872419427371909,22.809999465942383,5.5,6.77,1.4499999999999993,2.9517527093563922,4.4,2.18037661050543,Sideways,0.0,3.2555183165639857e-07,9.184201104205015e-08,0.9999995826075027
2026-03-23,22512.650390625,-0.02638273543442679,26.729999542236328,5.5,6.77,1.4499999999999993,2.9517527093563922,4.4,2.18037661050543,Sideways,0.0,1.7091694897849046e-06,1.6520143395190336e-08,0.99999827431169
2026-03-24,22912.400390625,0.017600874978779452,24.739999771118164,5.5,6.77,1.4499999999999993,2.9517527093563922,4.4,2.18037661050543,Sideways,0.0,8.918746542358627e-07,3.626862792138075e-08,0.9999990718574496
2026-03-25,23306.44921875,0.0170518470014907,24.639999389648438,5.5,6.77,1.4499999999999993,2.9517527093563922,4.4,2.18037661050543,Sideways,0.0,3.6813858933099806e-07,8.884683534769513e-08,0.9999995430117586
2026-03-27,22819.599609375,-0.0211103140979646,26.799999237060547,5.5,6.77,1.4499999999999993,2.9517527093563922,4.4,2.18037661050543,Sideways,0.0,1.1755550416211183e-06,6.194124324838513e-08,0.9999987625058947
2026-03-30,22331.400390625,-0.021626021374847804,27.889999389648438,5.5,6.77,1.4499999999999993,2.9517527093563922,4.4,2.18037661050543,Sideways,0.0,4.149685273839788e-06,2.4837259063162475e-08,0.9999958254789639
2026-04-01,22679.400390625,0.0154632634032261,25.010000228881836,5.5,6.84,1.5199999999999996,2.9517527093563922,3.8402044987262,3.976143141153088,Sideways,0.0,1.713788509482057e-06,2.3207592021156452e-08,0.9999982630048714
2026-04-02,22713.099609375,0.0014847926393626724,25.520000457763672,5.5,6.84,1.5199999999999996,2.9517527093563922,3.8402044987262,3.976143141153088,Sideways,0.0,1.1588890539437353e-06,2.309511008479407e-08,0.9999988180141082
2026-04-06,22968.25,0.01117099412238686,25.469999313354492,5.5,6.84,1.5199999999999996,2.9517527093563922,3.8402044987262,3.976143141153088,Sideways,0.0,7.428982808634433e-07,3.4141616583445326e-08,0.9999992229571325
2026-04-07,23123.650390625,0.006743092740219248,24.700000762939453,5.5,6.84,1.5199999999999996,2.9517527093563922,3.8402044987262,3.976143141153088,Sideways,0.0,8.494218597380121e-07,5.527494175947697e-08,0.9999990953005635
2026-04-08,23997.349609375,0.03708747109816642,19.700000762939453,5.5,6.84,1.5199999999999996,2.9517527093563922,3.8402044987262,3.976143141153088,Sideways,0.0,4.70856066718879e-06,5.378899518037278e-08,0.999995237649699
2026-04-09,23775.099609375,-0.009304593215623836,20.43000030517578,5.5,6.84,1.5199999999999996,2.9517527093563922,3.8402044987262,3.976143141153088,Sideways,0.0,3.470153604934822e-06,1.1099758661379728e-07,0.9999964188455582
2026-04-10,24050.599609375,0.011521129932275736,18.850000381469727,5.5,6.84,1.5199999999999996,2.9517527093563922,3.8402044987262,3.976143141153088,Sideways,0.0,5.064866772643131e-06,9.417931668095366e-08,0.9999948409519058
2026-04-13,23842.650390625,-0.008683917902558702,20.5,5.5,6.84,1.5199999999999996,2.9517527093563922,3.8402044987262,3.976143141153088,Sideways,0.0,3.3892258059665353e-06,2.3698668915192466e-07,0.9999963737857152
2026-04-15,24231.30078125,0.01616920800628811,18.670000076293945,5.5,6.84,1.5199999999999996,2.9517527093563922,3.8402044987262,3.976143141153088,Sideways,0.0,4.659855820336274e-06,1.8520989768635093e-07,0.9999951549370102
2026-04-16,24196.75,-0.0014268915041919185,18.09000015258789,5.5,6.84,1.5199999999999996,2.9517527093563922,3.8402044987262,3.976143141153088,Sideways,0.0,1.7076175665694833e-06,2.540523061431086e-07,0.9999980383309918
2026-04-17,24353.55078125,0.0064593349128548826,17.209999084472656,5.5,6.84,1.5199999999999996,2.9517527093563922,3.8402044987262,3.976143141153088,Sideways,0.0,2.2721121397668883e-06,2.4595031191016577e-07,0.9999974819397592
2026-04-20,24364.849609375,0.0004638423362418336,18.790000915527344,5.5,6.84,1.5199999999999996,2.9517527093563922,3.8402044987262,3.976143141153088,Sideways,0.0,1.2036925565717207e-06,4.169598669674149e-07,0.9999983793472383
2026-04-21,24576.599609375,0.00865325096320232,17.530000686645508,5.5,6.84,1.5199999999999996,2.9517527093563922,3.8402044987262,3.976143141153088,Sideways,0.0,2.4285391168196354e-06,2.973273823708646e-07,0.9999972741316786
2026-04-22,24378.099609375,-0.00810958257469758,18.299999237060547,5.5,6.84,1.5199999999999996,2.9517527093563922,3.8402044987262,3.976143141153088,Sideways,0.0,1.65844536132318e-06,3.215834627559538e-07,0.9999980199737868
2026-04-23,24173.05078125,-0.008446763696540498,18.59000015258789,5.5,6.84,1.5199999999999996,2.9517527093563922,3.8402044987262,3.976143141153088,Sideways,0.0,1.4646378892825374e-06,3.3885844748855964e-07,0.9999981965027365
2026-04-24,23897.94921875,-0.011445760055327719,19.709999084472656,5.5,6.84,1.5199999999999996,2.9517527093563922,3.8402044987262,3.976143141153088,Sideways,0.0,2.9476587906991465e-06,3.0894287379331534e-07,0.999996743395814
2026-04-27,24092.69921875,0.008116209111611542,18.3799991607666,5.5,6.84,1.5199999999999996,2.9517527093563922,3.8402044987262,3.976143141153088,Sideways,0.0,1.832674364070808e-06,3.2199710756978846e-07,0.9999978453293372
2026-04-28,23995.69921875,-0.004034242549507945,18.049999237060547,5.5,6.84,1.5199999999999996,2.9517527093563922,3.8402044987262,3.976143141153088,Sideways,0.0,1.4057099945565627e-06,2.419585798798044e-07,0.9999983523316518
2026-04-29,24177.650390625,0.0075540537904852266,17.440000534057617,5.5,6.84,1.5199999999999996,2.9517527093563922,3.8402044987262,3.976143141153088,Sideways,0.0,2.0518952258320842e-06,3.04260729570368e-07,0.9999976438439735
2026-04-30,23997.55078125,-0.007476894502422098,18.459999084472656,5.5,6.84,1.5199999999999996,2.9517527093563922,3.8402044987262,3.976143141153088,Sideways,0.0,4.284269097528623e-06,4.0635654166648903e-07,0.9999953093757501
2026-05-04,24119.30078125,0.005060607910890723,18.299999237060547,5.5,7.05,1.8099999999999996,2.9517527093563922,4.9,8.358208955223878,Sideways,0.0,1.1052514036764579e-05,3.8417991908985036e-07,0.9999885633077679
2026-05-05,24032.80078125,-0.0035927857866665616,17.90999984741211,5.5,7.05,1.8099999999999996,2.9517527093563922,4.9,8.358208955223878,Sideways,0.0,9.04781675588631e-06,3.3568720011371806e-07,0.9999906164961488
2026-05-06,24330.94921875,0.012329573885162747,16.68000030517578,5.5,7.05,1.8099999999999996,2.9517527093563922,4.9,8.358208955223878,Sideways,0.0,6.091268109128029e-06,3.0201872547178113e-07,0.999993606716517
2026-05-07,24326.650390625,-0.0001766970903084699,16.6200008392334,5.5,7.05,1.8099999999999996,2.9517527093563922,4.9,8.358208955223878,Sideways,0.0,3.607581248259306e-06,3.604142687878491e-07,0.9999960320061799
2026-05-08,24176.150390625,-0.0062058471093194715,16.84000015258789,5.5,7.05,1.8099999999999996,2.9517527093563922,4.9,8.358208955223878,Sideways,0.0,1.764452886805701e-06,3.91237524779983e-07,0.9999978443107054
2026-05-11,23815.849609375,-0.015015317164036516,18.549999237060547,5.5,7.05,1.8099999999999996,2.9517527093563922,4.9,8.358208955223878,Sideways,0.0,2.372246461147813e-06,2.6884218056617507e-07,0.9999973589109092
2026-05-12,23379.55078125,-0.018489566950081734,19.280000686645508,5.5,7.05,1.8099999999999996,2.9517527093563922,4.9,8.358208955223878,Sideways,0.0,6.077104297496263e-06,9.423447269801584e-08,0.9999938286609338
2026-05-13,23412.599609375,0.001412580244529267,19.43000030517578,5.5,7.05,1.8099999999999996,2.9517527093563922,4.9,8.358208955223878,Sideways,0.0,6.857408604483005e-06,8.248091462164027e-08,0.9999930601138453
2026-05-14,23689.599609375,0.011761794478008175,18.610000610351562,5.5,7.05,1.8099999999999996,2.9517527093563922,4.9,8.358208955223878,Sideways,0.0,4.502236180804835e-06,1.4776443889432595e-07,0.9999953499972318
2026-05-15,23643.5,-0.0019478810528585342,18.790000915527344,5.5,7.05,1.8099999999999996,2.9517527093563922,4.9,8.358208955223878,Sideways,0.0,4.008457433443078e-06,1.5520709568607199e-07,0.9999958363346474
2026-05-18,23649.94921875,0.0002727320124251536,19.6299991607666,5.5,7.05,1.8099999999999996,2.9517527093563922,4.9,8.358208955223878,Sideways,0.0,2.9838863270975536e-06,1.6984506691023958e-07,0.999996846270249
2026-05-19,23618.0,-0.0013518345578153919,18.68000030517578,5.5,7.05,1.8099999999999996,2.9517527093563922,4.9,8.358208955223878,Sideways,0.0,3.7287572916423254e-06,1.9645315385351083e-07,0.9999960747886418
2026-05-20,23659.0,0.0017344590510618102,18.440000534057617,5.5,7.05,1.8099999999999996,2.9517527093563922,4.9,8.358208955223878,Sideways,0.0,3.527199759823506e-06,1.8167771263169749e-07,0.9999962911238639
2026-05-21,23654.69921875,-0.00018179856290503812,17.81999969482422,5.5,7.05,1.8099999999999996,2.9517527093563922,4.9,8.358208955223878,Sideways,0.0,2.7870973525201995e-06,1.9023956017796997e-07,0.9999970226607486
2026-05-22,23719.30078125,0.0027273020029192283,17.90999984741211,5.5,7.05,1.8099999999999996,2.9517527093563922,4.9,8.358208955223878,Sideways,0.0,2.3239980300756713e-06,2.4767755575286266e-07,0.999997428323364
2026-05-25,24031.69921875,0.013084663968970206,16.700000762939453,5.5,7.05,1.8099999999999996,2.9517527093563922,4.9,8.358208955223878,Sideways,0.0,3.0268840451142934e-06,3.6538199620606146e-07,0.9999966077360353
2026-05-26,23913.69921875,-0.004922275842741698,16.1299991607666,5.5,7.05,1.8099999999999996,2.9517527093563922,4.9,8.358208955223878,Sideways,0.0,2.7680465873957805e-06,2.419980133480664e-07,0.9999969899554171
2026-05-27,23907.150390625,-0.0002738900801400246,14.979999542236328,5.5,7.05,1.8099999999999996,2.9517527093563922,4.9,8.358208955223878,Sideways,0.0,2.8151467824075377e-06,1.4590355097617004e-07,0.9999970389515694
2026-05-29,23547.75,-0.015147319219471595,16.190000534057617,5.5,7.05,1.8099999999999996,2.9517527093563922,4.9,8.358208955223878,Sideways,0.0,3.8084863192393064e-06,1.4355203921566448e-07,0.9999960479622918
2026-06-01,23382.599609375,-0.007038135182494777,16.540000915527344,5.5,7.02,1.63,2.9517527093563922,5.0,9.880239520958067,Sideways,0.0,4.3201235301162705e-06,9.422011639401228e-08,0.9999955856571549
2026-06-02,23483.55078125,0.004308069989399964,15.359999656677246,5.5,7.02,1.63,2.9517527093563922,5.0,9.880239520958067,Sideways,0.0,3.85275584205531e-06,5.31190434363297e-08,0.9999960941280615
2026-06-03,23405.599609375,-0.003324916021661275,16.280000686645508,5.5,7.02,1.63,2.9517527093563922,5.0,9.880239520958067,Sideways,0.0,3.5078858331537217e-06,7.683309361878199e-08,0.9999964152803518
2026-06-04,23416.55078125,0.0004677774080569192,15.890000343322754,5.5,7.02,1.63,2.9517527093563922,5.0,9.880239520958067,Sideways,0.0,3.088375792829676e-06,5.417943575752365e-08,0.9999968574460847
2026-06-05,23366.69921875,-0.0021311722194751305,15.789999961853027,5.5,7.02,1.63,2.9517527093563922,5.0,9.880239520958067,Sideways,0.0,3.0558473018775075e-06,6.259078456904535e-08,0.9999968815585327
2026-06-08,23123.0,-0.01048410529877786,17.030000686645508,5.5,7.02,1.63,2.9517527093563922,5.0,9.880239520958067,Sideways,0.0,4.019630294454069e-06,6.258802181695993e-08,0.9999959177813811
2026-06-09,23242.099609375,0.005137479368527299,15.579999923706055,5.5,7.02,1.63,2.9517527093563922,5.0,9.880239520958067,Sideways,0.0,3.232847356234314e-06,6.878240771884914e-08,0.999996698372336
2026-06-10,23214.94921875,-0.0011688385035597795,15.630000114440918,5.5,7.02,1.63,2.9517527093563922,5.0,9.880239520958067,Sideways,0.0,3.1120901086810813e-06,9.375820462495058e-08,0.9999967941527304
2026-06-11,23161.599609375,-0.0023007159547660506,15.609999656677246,5.5,7.02,1.63,2.9517527093563922,5.0,9.880239520958067,Sideways,0.0,2.7824578037507795e-06,8.476585954690084e-08,0.9999971327747694
2026-06-12,23622.900390625,0.019720878993895297,14.720000267028809,5.5,7.02,1.63,2.9517527093563922,5.0,9.880239520958067,Sideways,0.0,2.3445687625430734e-06,1.1876638178752663e-07,0.9999975366621001
2026-06-15,23853.900390625,0.009731145278463154,14.350000381469727,5.5,7.02,1.63,2.9517527093563922,5.0,9.880239520958067,Sideways,0.0,3.7604356947905453e-06,1.043812845596603e-07,0.9999961351861307
2026-06-16,23989.150390625,0.005653918723145327,13.359999656677246,5.5,7.02,1.63,2.9517527093563922,5.0,9.880239520958067,Sideways,0.0,3.5079348615256518e-06,7.803334563093078e-08,0.9999964140288916
2026-06-17,24085.69921875,0.004016609878660483,13.1899995803833,5.5,7.02,1.63,2.9517527093563922,5.0,9.880239520958067,Sideways,0.0,3.9887741441900675e-06,8.133140843707669e-08,0.9999959298958012
2026-06-18,24168.0,0.0034111731281746415,12.670000076293945,5.5,7.02,1.63,2.9517527093563922,5.0,9.880239520958067,Sideways,0.0,3.9786491071626725e-06,6.980812118695075e-08,0.9999959515416872
2026-06-19,24013.099609375,-0.006429945583083175,12.970000267028809,5.5,7.02,1.63,2.9517527093563922,5.0,9.880239520958067,Sideways,0.0,7.985893197403759e-07,1.0381768853874664e-07,0.9999990975924881
2026-06-22,24102.900390625,0.003732682912776634,12.84000015258789,5.5,7.02,1.63,2.9517527093563922,5.0,9.880239520958067,Sideways,0.0,5.087597632090755e-07,1.2385952681810524e-07,0.9999993673775134
2026-06-23,23824.099609375,-0.011634524429481118,13.9399995803833,5.5,7.02,1.63,2.9517527093563922,5.0,9.880239520958067,Sideways,0.0,2.8606648030139376e-07,1.2341979186981065e-07,0.9999995905164653
2026-06-24,24021.650390625,0.008257866325424086,13.390000343322754,5.5,7.02,1.63,2.9517527093563922,5.0,9.880239520958067,Sideways,0.0,2.2338918018162941e-07,1.5280995382588703e-07,0.9999996238039582
2026-06-25,24056.0,0.0014289223762208004,13.050000190734863,5.5,7.02,1.63,2.9517527093563922,5.0,9.880239520958067,Sideways,0.0,1.9853135123319423e-07,1.3485738352921683e-07,0.9999996666084018
2026-06-29,23946.25,-0.004572710289054184,13.609999656677246,5.5,7.02,1.63,2.9517527093563922,5.0,9.880239520958067,Sideways,0.0,2.251160374888683e-07,1.7460146578157798e-07,0.9999996002807965
2026-06-30,23865.75,-0.003367358657511833,13.600000381469727,5.5,7.02,1.63,2.9517527093563922,5.0,9.880239520958067,Sideways,0.0,2.2121521722062117e-07,1.4876964339868737e-07,0.9999996300176237
2026-07-01,24005.849609375,0.005853157634003401,13.239999771118164,5.5,6.89,1.5499999999999998,2.9517527093563922,7.60215588130178,9.970089730807574,Sideways,0.0,3.175856247368877e-07,1.609070300551951e-07,0.9999995215040379
2026-07-02,24175.69921875,0.007050429763556748,12.289999961853027,5.5,6.89,1.5499999999999998,2.9517527093563922,7.60215588130178,9.970089730807574,Sideways,0.0,3.3823630895978864e-07,1.2198686001314268e-07,0.999999539773959
2026-07-03,24270.849609375,0.003928061555321314,11.800000190734863,5.5,6.89,1.5499999999999998,2.9517527093563922,7.60215588130178,9.970089730807574,Sideways,0.0,3.402044110067775e-07,1.0593893327824297e-07,0.9999995538602064
2026-07-06,24430.349609375,0.0065501701327115155,11.819999694824219,5.5,6.89,1.5499999999999998,2.9517527093563922,7.60215588130178,9.970089730807574,Sideways,0.0,5.447752163632259e-07,1.2624484159664787e-07,0.9999993289823101
2026-07-07,24398.69921875,-0.0012963756541323145,11.649999618530273,5.5,6.89,1.5499999999999998,2.9517527093563922,7.60215588130178,9.970089730807574,Sideways,0.0,4.266870210613549e-07,1.3791510762813308e-07,0.9999994354004005
2026-07-08,23882.05078125,-0.021402656722269202,14.680000305175781,5.5,6.89,1.5499999999999998,2.9517527093563922,7.60215588130178,9.970089730807574,Sideways,0.0,1.7662434332536e-07,1.4696512724183302e-07,0.9999996764091135
2026-07-09,23962.80078125,0.003375497008972435,13.359999656677246,5.5,6.89,1.5499999999999998,2.9517527093563922,7.60215588130178,9.970089730807574,Sideways,0.0,1.7897095008817123e-07,1.7478612048753144e-07,0.9999996462430034
2026-07-10,24206.900390625,0.010135072168571098,12.25,5.5,6.89,1.5499999999999998,2.9517527093563922,7.60215588130178,9.970089730807574,Sideways,0.0,1.9918998181057917e-07,1.9664620420753736e-07,0.9999996041661563
2026-07-13,24211.0,0.0001693427162979961,13.279999732971191,5.5,6.89,1.5499999999999998,2.9517527093563922,7.60215588130178,9.970089730807574,Sideways,0.0,1.0479241638977896e-07,2.348030739992807e-07,0.9999996604020119
2026-07-14,24052.05078125,-0.0065868108566920726,13.75,5.5,6.89,1.5499999999999998,2.9517527093563922,7.60215588130178,9.970089730807574,Sideways,0.0,9.292629321970781e-08,1.6821111875866944e-07,0.9999997388659153
2026-07-15,24078.5,0.001099061655563571,13.270000457763672,5.5,6.89,1.5499999999999998,2.9517527093563922,7.60215588130178,9.970089730807574,Sideways,0.0,9.951649262023772e-08,2.4140137067131106e-07,0.999999659085064
2026-07-16,24072.75,-0.00023883076876853854,12.880000114440918,5.5,6.89,1.5499999999999998,2.9517527093563922,7.60215588130178,9.970089730807574,Sideways,0.0,8.829823833759346e-08,2.2575327738389597e-07,0.9999996859478908
2026-07-17,24334.30078125,0.010806414450711182,13.149999618530273,5.5,6.89,1.5499999999999998,2.9517527093563922,7.60215588130178,9.970089730807574,Sideways,0.0,7.834157444784946e-08,3.082214263797193e-07,0.9999996134357226
2026-07-20,24238.5,-0.003944631725234211,12.979999542236328,5.5,6.89,1.5499999999999998,2.9517527093563922,7.60215588130178,9.970089730807574,Sideways,0.0,8.369502998955598e-08,2.826229387276357e-07,0.999999633684705
2026-07-21,24187.69921875,-0.002098070908085292,12.600000381469727,5.5,6.89,1.5499999999999998,2.9517527093563922,7.60215588130178,9.970089730807574,Sideways,0.0,8.635089130397072e-08,2.5879551421072596e-07,0.9999996548504583
2026-07-22,23996.25,-0.007946639050547172,13.289999961853027,5.5,6.89,1.5499999999999998,2.9517527093563922,7.60215588130178,9.970089730807574,Sideways,0.0,9.194639755068385e-08,2.1524130983528073e-07,0.9999996928091167
2026-07-23,23869.599609375,-0.005291901730381726,13.479999542236328,5.5,6.89,1.5499999999999998,2.9517527093563922,7.60215588130178,9.970089730807574,Sideways,0.0,8.67193565879573e-08,1.510986020481406e-07,0.9999997621853537
2026-07-24,23767.44921875,-0.00428870174406507,14.029999732971191,5.5,6.89,1.5499999999999998,2.9517527093563922,7.60215588130178,9.970089730807574,Sideways,0.0,1.0631974470140934e-07,8.71261537589421e-08,0.9999998065541337
2026-07-27,23995.94921875,0.009568068885288541,12.65999984741211,5.5,6.89,1.5499999999999998,2.9517527093563922,7.60215588130178,9.970089730807574,Sideways,0.0,8.800306874739833e-08,1.8227701528614974e-07,0.999999729720039
2026-07-28,23985.349609375,-0.0004418225352921867,12.5600004196167,5.5,6.89,1.5499999999999998,2.9517527093563922,7.60215588130178,9.970089730807574,Sideways,0.0,9.02394922527745e-08,1.9430560160379002e-07,0.9999997154518901
2026-07-29,24250.19921875,0.010981621540740824,12.010000228881836,5.5,6.89,1.5499999999999998,2.9517527093563922,7.60215588130178,9.970089730807574,Sideways,0.0,1.0406505842385732e-07,2.663973313943259e-07,0.9999996295374107
2026-07-30,24317.150390625,0.002757046238807193,12.15999984741211,5.5,6.89,1.5499999999999998,2.9517527093563922,7.60215588130178,9.970089730807574,Sideways,0.0,1.2221322317624858e-07,2.7424469158974645e-07,0.9999996035404242
2026-07-31,24383.599609375,0.0027288803554812308,11.760000228881836,5.5,6.89,1.5499999999999998,2.9517527093563922,7.60215588130178,9.970089730807574,Sideways,0.0,1.545404179604335e-07,2.3791802284351053e-07,0.9999996075421993
2026-08-03,24774.30078125,0.015896097912767627,11.930000305175781,5.5,6.78,1.46,2.9517527093563922,7.4,9.78043912175648,Sideways,0.0,1.1006783540530184e-07,3.52726894599299e-07,0.9999995372055471
2026-08-04,24614.900390625,-0.006454890555102032,12.1899995803833,5.5,6.78,1.46,2.9517527093563922,7.4,9.78043912175648,Sideways,0.0,7.794235795167538e-08,3.5743611546452673e-07,0.9999995646213431
2026-08-05,24624.650390625,0.00039602311445705957,12.0600004196167,5.5,6.78,1.46,2.9517527093563922,7.4,9.78043912175648,Sideways,0.0,5.939506054784549e-08,4.6598278024283574e-07,0.9999994746250666
2026-08-06,24636.0,0.0004607982024527352,12.15999984741211,5.5,6.78,1.46,2.9517527093563922,7.4,9.78043912175648,Sideways,0.0,4.368951801415416e-08,5.752325553025285e-07,0.999999381078133
2026-08-07,24570.650390625,-0.0026561307171494536,12.15999984741211,5.5,6.78,1.46,2.9517527093563922,7.4,9.78043912175648,Sideways,0.0,3.147114138245894e-08,5.351767068195157e-07,0.9999994333485815
2026-08-10,24583.80078125,0.000535064093901079,12.25,5.5,6.78,1.46,2.9517527093563922,7.4,9.78043912175648,Sideways,0.0,2.4609818439044905e-08,5.126031817252382e-07,0.9999994627870898
2026-08-11,24471.69921875,-0.004570405260858804,11.859999656677246,5.5,6.78,1.46,2.9517527093563922,7.4,9.78043912175648,Sideways,0.0,2.8114084241678415e-08,4.4324113421571237e-07,0.999999528641749
2026-08-12,24435.94921875,-0.0014619392880015388,11.6899995803833,5.5,6.78,1.46,2.9517527093563922,7.4,9.78043912175648,Sideways,0.0,2.748034419395047e-08,4.017095363972507e-07,0.9999995708131804
2026-08-13,24395.849609375,-0.0016423567982678559,11.420000076293945,5.5,6.78,1.46,2.9517527093563922,7.4,9.78043912175648,Sideways,0.0,2.8247267077495965e-08,3.32733622249816e-07,0.9999996390179801
2026-08-14,24366.0,-0.0012243019222044982,11.3100004196167,5.5,6.78,1.46,2.9517527093563922,7.4,9.78043912175648,Sideways,0.0,2.3818546793434685e-08,3.0791657928354714e-07,0.9999996682673196
2026-08-17,24287.650390625,-0.0032207111479826242,11.329999923706055,5.5,6.78,1.46,2.9517527093563922,7.4,9.78043912175648,Sideways,0.0,2.5441214610875723e-08,2.785450383565385e-07,0.9999996960105371
2026-08-18,24154.900390625,-0.005480732544386898,11.390000343322754,5.5,6.78,1.46,2.9517527093563922,7.4,9.78043912175648,Sideways,0.0,2.685956267976954e-08,2.3725287840237847e-07,0.9999997358900494
2026-08-19,24078.30078125,-0.0031762218518000007,11.319999694824219,5.5,6.78,1.46,2.9517527093563922,7.4,9.78043912175648,Sideways,0.0,2.9494890681836504e-08,2.548118231033003e-07,0.9999997156919966
2026-08-20,24231.849609375,0.006356815035648365,10.760000228881836,5.5,6.78,1.46,2.9517527093563922,7.4,9.78043912175648,Sideways,0.0,3.1823419033386754e-08,2.954357516274474e-07,0.9999996727420319
2026-08-21,24252.0,0.0008312207857896257,11.199999809265137,5.5,6.78,1.46,2.9517527093563922,7.4,9.78043912175648,Sideways,0.0,3.2103976657081494e-08,4.153300172053233e-07,0.9999995525650867
2026-08-24,24219.05078125,-0.001359542378144627,11.529999732971191,5.5,6.78,1.46,2.9517527093563922,7.4,9.78043912175648,Sideways,0.0,2.4450937946064663e-08,5.213709176633395e-07,0.9999994541796366
2026-08-25,24334.55078125,0.004757637503542181,11.079999923706055,5.5,6.78,1.46,2.9517527093563922,7.4,9.78043912175648,Sideways,0.0,2.9169471901897838e-08,6.107254442680251e-07,0.9999993601015604
2026-08-26,24207.75,-0.005224353506780909,10.569999694824219,5.5,6.78,1.46,2.9517527093563922,7.4,9.78043912175648,Sideways,0.0,2.4586871853274715e-08,3.879689916334996e-07,0.9999995874460125
2026-08-27,24090.849609375,-0.004840745688108582,11.069999694824219,5.5,6.78,1.46,2.9517527093563922,7.4,9.78043912175648,Sideways,0.0,2.168520502713429e-08,3.5125737304869236e-07,0.9999996270563101
2026-08-28,24175.650390625,0.0035138602759443318,10.680000305175781,5.5,6.78,1.46,2.9517527093563922,7.4,9.78043912175648,Sideways,0.0,2.1350253860198692e-08,3.5002052512282455e-07,0.9999996286279164
2026-08-31,24080.400390625,-0.003947696595902393,11.1899995803833,5.5,6.78,1.46,2.9517527093563922,7.4,9.78043912175648,Sideways,0.0,2.0543065837660354e-08,2.6793776296007424e-07,0.9999997115155982
2026-09-01,24055.80078125,-0.0010220836259459925,11.489999771118164,5.5,6.78,1.46,4.82,8.0,9.92063492063493,Sideways,0.0,1.0589599596531527e-07,1.2486909534136294e-08,0.9999998816201766
2026-09-02,23914.44921875,-0.005893318113157999,11.59000015258789,5.5,6.78,1.46,4.82,8.0,9.92063492063493,Sideways,0.0,1.2388629289415445e-07,9.370381462348293e-09,0.9999998667408452
2026-09-03,23873.44921875,-0.001715916012232434,11.34000015258789,5.5,6.78,1.46,4.82,8.0,9.92063492063493,Sideways,0.0,1.32509120503846e-07,9.290910039254906e-09,0.9999998581988722
2026-09-04,23897.69921875,0.0010152572368944724,10.680000305175781,5.5,6.78,1.46,4.82,8.0,9.92063492063493,Sideways,0.0,1.3610056831190318e-07,8.899214142909471e-09,0.9999998549974513
2026-09-07,23779.150390625,-0.004973024577554363,11.15999984741211,5.5,6.78,1.46,4.82,8.0,9.92063492063493,Sideways,0.0,1.4544446041705368e-07,1.0775751853883761e-08,0.9999998437779263
2026-09-08,23635.099609375,-0.00607628400578716,11.229999542236328,5.5,6.78,1.46,4.82,8.0,9.92063492063493,Sideways,0.0,1.892663515065688e-07,8.974405908506166e-09,0.9999998017592785
2026-09-09,23431.5,-0.008651607765214554,11.920000076293945,5.5,6.78,1.46,4.82,8.0,9.92063492063493,Sideways,0.0,2.4956581117948313e-07,5.812465961113455e-09,0.9999997446211963
2026-09-10,23477.80078125,0.0019740561259566094,11.800000190734863,5.5,6.78,1.46,4.82,8.0,9.92063492063493,Sideways,0.0,2.2758168305522255e-07,7.104497329749302e-09,0.9999997653140147
2026-09-11,23398.099609375,-0.0034005212918861516,12.289999961853027,5.5,6.78,1.46,4.82,8.0,9.92063492063493,Sideways,0.0,2.5844718213243454e-07,5.396918831009819e-09,0.9999997361592597
2026-09-15,23118.599609375,-0.012017334350161384,13.430000305175781,5.5,6.78,1.46,4.82,8.0,9.92063492063493,Sideways,0.0,4.4456265606488305e-07,2.2480154156548936e-09,0.9999995531908187
2026-09-16,23217.599609375,0.004273123489224915,13.170000076293945,5.5,6.78,1.46,4.82,8.0,9.92063492063493,Sideways,0.0,3.087489562380289e-07,4.039780509667163e-09,0.9999996872139071
2026-09-17,23270.599609375,0.0022801495370133526,12.289999961853027,5.5,6.78,1.46,4.82,8.0,9.92063492063493,Sideways,0.0,2.745299886740639e-07,8.459725510915935e-09,0.9999997170089446
2026-09-18,23346.400390625,0.003252068904281252,11.390000343322754,5.5,6.78,1.46,4.82,8.0,9.92063492063493,Sideways,0.0,2.678080535157931e-07,1.008268628314406e-08,0.9999997221093895
2026-09-21,23414.30078125,0.002904166817307559,11.25,5.5,6.78,1.46,4.82,8.0,9.92063492063493,Sideways,0.0,2.551104480796346e-07,1.1517686010592329e-08,0.9999997333725688
2026-09-22,23329.0,-0.0036497583402708375,11.0,5.5,6.78,1.46,4.82,8.0,9.92063492063493,Sideways,0.0,3.389440142301482e-07,1.0622843463408458e-08,0.9999996504339534
2026-09-23,23446.80078125,0.005036836497938555,10.350000381469727,5.5,6.78,1.46,4.82,8.0,9.92063492063493,Sideways,0.0,3.133393203863801e-07,8.488416787444025e-09,0.9999996781698945
2026-09-24,23063.099609375,-0.016500137561177554,12.6899995803833,5.5,6.78,1.46,4.82,8.0,9.92063492063493,Sideways,0.0,3.957187778617114e-07,4.287017088331834e-09,0.9999995999970342
2026-09-25,23140.5,0.003350408352704174,12.15999984741211,5.5,6.78,1.46,4.82,8.0,9.92063492063493,Sideways,0.0,3.3937225373195285e-07,6.271954836762059e-09,0.9999996543556933
2026-09-28,22780.25,-0.01569039664008121,13.640000343322754,5.5,6.78,1.46,4.82,8.0,9.92063492063493,Sideways,0.0,8.396268911330113e-07,1.4372418826929218e-09,0.9999991589360333
2026-09-29,22716.19921875,-0.0028156405462479374,13.40999984741211,5.5,6.78,1.46,4.82,8.0,9.92063492063493,Sideways,0.0,9.384147245442501e-07,1.7080604661153055e-09,0.9999990598739585
2026-09-30,22620.44921875,-0.004223962099672958,13.489999771118164,5.5,6.78,1.46,4.82,8.0,9.92063492063493,Sideways,0.0,1.4108703742686217e-06,1.1802349374607103e-09,0.9999985879486268
2026-10-01,22421.94921875,-0.008813974918863786,14.460000038146973,5.5,6.78,1.46,4.82,8.0,9.92063492063493,Sideways,0.0,1.757050829137983e-06,1.4747302537690847e-09,0.9999982414753504
2026-10-05,22555.75,0.005949667424964271,14.779999732971191,5.5,6.78,1.46,4.82,8.0,9.92063492063493,Sideways,0.0,1.2149274077681621e-06,1.8581329691832324e-09,0.9999987832132446
2026-10-06,22776.099609375,0.009721701043961315,13.609999656677246,5.5,6.78,1.46,4.82,8.0,9.92063492063493,Sideways,0.0,9.136557623289542e-07,5.715748676837652e-09,0.9999990806249704
2026-10-07,22603.05078125,-0.007626835913363402,13.890000343322754,5.5,6.78,1.46,4.82,8.0,9.92063492063493,Sideways,0.0,1.1629717093203717e-05,4.6780138444782055e-09,0.9999883656077282
2026-10-08,22251.400390625,-0.015679941952489257,15.135000228881836,5.5,6.78,1.46,4.82,8.0,9.92063492063493,Sideways,0.0,0.00035026411625709,3.2005044506407993e-07,0.9996494158348245
